"Rnk","Player","Mean_Rating"
1,"Nakamura,Hi",1.20213846406044
2,"Carlsen,M",1.18478590972613
3,"Firouzja,Alireza",1.09217846178179
4,"Fedoseev,Vl3",1.0738688880767
5,"Niemann,Hans Moke",1.07096270191299
6,"Andreikin,D",1.04894017914751
7,"Lazavik,Denis",1.028900711337
8,"Nihal,Sarin",1.01992015430105
9,"Vachier Lagrave,M",1.0040476071017
10,"Maghsoodloo,Parham",1.00044216708905
11,"Aronian,L",0.994274575939986
12,"Xiong,Jeffery",0.978513759679828
13,"Abdusattorov,Nodirbek",0.965848263553292
14,"Sarana,A",0.958324685584671
15,"So,W",0.952942621000855
16,"Pranav,V",0.952704114256305
17,"Sindarov,Javokhir",0.949591599405482
18,"Erigaisi,Arjun",0.942258358192917
19,"Erdogmus,Yagiz Kaan",0.933040183135365
20,"Giri,A",0.932319917732061
21,"Nepomniachtchi,I",0.928167388670758
22,"Caruana,F",0.923207880898303
23,"Movahed,Sina",0.918780109055078
24,"Esipenko,Andrey",0.906805431945832
25,"Naroditsky,D",0.906107367755571
26,"Woodward,Andy",0.900493650604408
27,"Le,Quang Liem",0.893939427819328
28,"Duda,J",0.888191687539873
29,"Praggnanandhaa,R",0.888160974825424
30,"Bortnyk,Olexandr",0.881212632227355
31,"Pranesh,M",0.878024618888534
32,"Van Foreest,Jorden",0.871490076794564
33,"Rasulov,Vu",0.865082780202697
34,"Xue,Haowen",0.862460236949124
35,"Gurel,Ediz",0.858365400755024
36,"Grandelius,N",0.855214616277248
37,"Sjugirov,S",0.844491348725426
38,"Indjic,A",0.840293158928011
39,"Deac,Bogdan-Daniel",0.836982852606752
40,"Keymer,Vincent",0.835352358695066
41,"Bluebaum,M",0.83469934004172
42,"Le Tuan Minh",0.834462465813197
43,"Sevian,Samuel",0.822629959081623
44,"Mishra,Abhimanyu",0.819317425296041
45,"Murzin,Volodar",0.818948225569937
46,"Artemiev,V",0.815126579440764
47,"Martinez Alcantara,Jose Eduardo",0.809991430861704
48,"Wei Yi",0.809675653109039
49,"Svane,R",0.808354137961097
50,"Shankland,S",0.807338679720408
51,"Anand,V",0.805473765592716
52,"Dubov,Daniil",0.805214531065636
53,"Tsydypov,Z",0.802665926404601
54,"Sargsyan,Shant",0.793571228148643
55,"Shimanov,A",0.79217076042616
56,"Yeletsky,Ivan",0.785807538257966
57,"Safarli,E",0.784183170552493
58,"Materia,Marco",0.781384861399063
59,"Gukesh,D",0.78077104561107
60,"Nguyen Ngoc Truong Son",0.778667533637252
61,"Ponkratov,P",0.776245455035063
62,"Salem,AR",0.774682681786097
63,"Bok,B",0.773927427406843
64,"Terry,R",0.770578148023136
65,"Drozdowski,K",0.769578209819747
66,"Hakobyan,Aram",0.764256653363007
67,"Theodorou,Nikolas",0.757460173837838
68,"Vokhidov,Shamsiddin",0.756730118305161
69,"Yu Yangyi",0.754935782882105
70,"Teclaf,Pawel",0.75175545745585
71,"Rapport,R",0.751071359679715
72,"Mamedyarov,S",0.750626857503712
73,"Karthikeyan,M2",0.750437477087642
74,"Aravindh,Chithambaram VR.",0.746997120407797
75,"Christiansen,Johan-Sebastian",0.745734095268477
76,"Vetokhin,Savva",0.74387883561821
77,"Zhigalko,S",0.738771454684653
78,"Korobov,A",0.737500774660347
79,"Adams,Mi",0.735068292111519
80,"Amar,Elham",0.733108410113395
81,"Yilmaz,M",0.732663256824194
82,"Durarbayli,Vasif",0.732511233535279
83,"Grischuk,A",0.732396224338432
84,"Mitrabha,G",0.731276260702997
85,"Jobava,Ba",0.730325300753181
86,"Svane,Frederik",0.728258027384271
87,"Pranav,Anand",0.72763936062422
88,"Kozak,Adam",0.726645145032169
89,"Vidit,S",0.724425414381884
90,"Puranik,A",0.718985023993971
91,"Donchenko,Alexa",0.718223437861026
92,"Eljanov,P",0.718169611204424
93,"Kollars,Dmitrij",0.712286770839475
94,"Moussard,J",0.712144008566176
95,"Dominguez Perez,L",0.71211939404399
96,"Vitiugov,N",0.710511380818885
97,"Oparin,G",0.707465920003575
98,"Kramnik,V",0.707462988417923
99,"Aryan,C",0.706207054040406
100,"Suleymanli,Aydin",0.704518360063934
101,"Oro,Faustino",0.702971280248907
102,"Ibrahimli,Murad",0.702522198545898
103,"Roshka,Yevgeniy",0.700468709737788
104,"Ratkovic,Milov",0.70005967602521
105,"Petrosyan,M",0.699850900600474
106,"Tabatabaei,M",0.699044485821123
107,"Mendonca,Leon Luke",0.698207423827238
108,"Mahdavi,Reza",0.693584355978826
109,"Wang Hao",0.693144406648238
110,"Nogerbek,Kazybek",0.691286438171046
111,"Koniahli,Malek",0.691270632784052
112,"Kasimdzhanov,R",0.690993534660307
113,"Sanal,V",0.68938722201948
114,"Sadhwani,Raunak",0.689236847664483
115,"Zhou Jianchao",0.688202498739558
116,"Piliposyan,Robert",0.687679907974252
117,"Tahbaz,Arash",0.687110195616626
118,"Wojtaszek,R",0.687007974764103
119,"Galchenko,Matvey",0.686979814776656
120,"Grebnev,Aleksey",0.686044734838629
121,"Paravyan,D",0.683421251659691
122,"Bharath,Subramaniyam H",0.683168214518022
123,"Muradli,Mahammad",0.679293924947835
124,"Samunenkov,Ihor",0.678639194714171
125,"Zemlyanskii,Ivan",0.678634294990078
126,"Ding Liren",0.676995312415468
127,"Kravtsiv,M",0.676001994802501
128,"Quparadze,G",0.675441506166304
129,"Moskalenko,A",0.675134175509606
130,"Yakubboev,Nodirbek",0.668674336023345
131,"Martirosyan,Haik M.",0.667393598613514
132,"Malakhov,V",0.666942169041768
133,"Santos Latasa,J",0.66661429224792
134,"Bernadskiy,V",0.66374606314786
135,"Dudin,Gleb",0.663133368544838
136,"Hansen,Eric",0.661396468103141
137,"Predke,A",0.660608369510708
138,"Makarian,Rudik",0.660604131634911
139,"Gumularz,Szymon",0.660517315950129
140,"Howell,D",0.660101143946782
141,"Avila Pavas,Santiago",0.657724279908311
142,"Onischuk,V",0.657591157914282
143,"Tang,Andrew",0.655175957425444
144,"Babazada,Khazar",0.654026770121786
145,"Warmerdam,Max",0.653178041015327
146,"Anton Guijarro,D",0.652976297819777
147,"Lalith,B",0.65037993002869
148,"Gledura,B",0.649779859717349
149,"Banh Gia Huy",0.6491782170988
150,"Iniyan,Pa",0.647143133174892
151,"Ivic,Velimir",0.646356610585918
152,"Stribuk,Artiom",0.64621527546159
153,"Yoo,Christopher Woojin",0.646080279711444
154,"Rustamov,Rustam",0.645874632423427
155,"Gloeckler,Christian",0.645004698596634
156,"Daneshvar,Bardiya",0.64456754432863
157,"Tari,A",0.643745311056434
158,"Jumabayev,R",0.642288372381668
159,"Galperin,Platon",0.639907933401271
160,"Mayank,Chakraborty",0.639654762150515
161,"Harikrishna,P",0.638962417559864
162,"Balog,I1",0.638552750245926
163,"Kilic,Eray",0.637465644208471
164,"Ahmad,Khagan",0.636532788119415
165,"Van Wely,L",0.635734063965293
166,"Gholami Orimi,Mahdi",0.635481287705156
167,"Chigaev,M",0.635080511959524
168,"Bjerre,Jonas Buhl",0.634565640330775
169,"Carlstedt,J",0.634000024203641
170,"Prohaszka,P2",0.633572674947446
171,"Iturrizaga Bonelli,Eduardo",0.633517333711116
172,"Alekseenko,K",0.633034003604181
173,"Gharibyan,Mamikon",0.632898086463673
174,"Nesterov,Arseniy",0.631593922347066
175,"Finek,Vaclav",0.631192598268462
176,"Khanin,S",0.629774902774265
177,"Petrov,N",0.629076903042347
178,"Kosakowski,Jakub",0.625423449040532
179,"Matlakov,M",0.624872142128683
180,"Quesada Perez,Ya",0.623977154558701
181,"Ter Sahakyan,S",0.622517941094773
182,"Atharvaa P Tayade",0.621475565682818
183,"Meier,Geo",0.619212310834904
184,"Panarin,M",0.619074555758278
185,"Quesada Perez,Luis Ernesto",0.619030135914004
186,"Brodsky,David",0.618653031268238
187,"Drygalov,Sergey",0.616977383665478
188,"Ghosh,D",0.613562557628988
189,"Shogdzhiev,Roman",0.613430253978468
190,"Demchenko,A",0.611544223160196
191,"Jacobson,Brandon",0.61151634104824
192,"Solodovnichenko,Y",0.610868599187829
193,"Bronstein,Or",0.609631964390619
194,"Maksimovic,Bojan",0.609315514683076
195,"Kevlishvili,Robby",0.608340974747377
196,"Pichot,A",0.607546384203883
197,"Karjakin,Sergey",0.607147864059289
198,"Subelj,Jan",0.606940944002021
199,"Popov,Konstantin",0.606741246959827
200,"Samadov,Read",0.606632852627839
201,"Akobian,V",0.606031100723213
202,"Hong,Andrew",0.60556969423734
203,"Kovalenko,I",0.603177425546628
204,"Aditya,Mittal",0.602150245428236
205,"Iskandarov,M",0.601841492446303
206,"Subrota,Biswas",0.601019940219513
207,"Kobalia,M",0.600977952837421
208,"Romanov,E",0.598793646714211
209,"Pakleza,Z",0.597832737445465
210,"Urazayev,Arystanbek",0.597749053710319
211,"Steinberg,N",0.596773901933254
212,"Svidler,P",0.596759051808452
213,"Van Foreest,Lucas",0.59667580347273
214,"Livaic,Leon",0.596569000121774
215,"Aguero Jimenez,L",0.595619885222643
216,"Visakh,N R",0.59556398952918
217,"Tin,Jingyao",0.595365002674064
218,"Lagarde,Max",0.595195542990521
219,"Bachmann,Ax",0.594542052148726
220,"Alexakis,Dimitris",0.59446174419795
221,"Shirov,A",0.59243741819655
222,"Fedorchuk,S",0.592285772561866
223,"Adly,A",0.591947179855387
224,"Narayanan,SL",0.591803683034976
225,"Kazakouski,Valery",0.59133915514783
226,"Dragnev,Valentin",0.59051627522371
227,"Kovalev,Vl",0.589209038016337
228,"Meshkovs,Nikita",0.58905332256773
229,"Khlebovich,A",0.5879940643594
230,"Bukreev,Stanislav",0.587324851907439
231,"Lysyj,I",0.586972726322528
232,"Hammer,J",0.585754806497586
233,"Kezin,R",0.585231070800074
234,"Alonso Rosell,A",0.584383196931871
235,"Krishnan,V",0.583392375684037
236,"Kuegel,T",0.582471920992541
237,"Gorshtein,Ido",0.581585554169353
238,"Petrov,Martin",0.5814603708639
239,"Gabrielian,A",0.580974172268315
240,"Aradhya,Garg",0.580262153739853
241,"Ben Ari,Yannay",0.580051089740573
242,"Szpar,Milosz",0.579101951633221
243,"Sychev,K",0.577361012878411
244,"Lobanov,Sergei",0.577001955472744
245,"Henriquez Villagra,C",0.57624089468277
246,"Dardha,Daniel",0.57524918088584
247,"Kong,Xiangrui",0.57491985361457
248,"Liang,Awonder",0.57449591365072
249,"Madaminov,Mukhiddin",0.574054757473941
250,"Ashraf,Artin",0.573442066075173
251,"Bacrot,E",0.572857651486257
252,"Savchenko,B",0.571597127164248
253,"Movsesian,S",0.571320748614434
254,"Xu,Xiangyu",0.571301409839243
255,"Fier,A",0.570086576520544
256,"Nagare Kaivalya Sandip",0.569933746329864
257,"Rodriguez Vila,A",0.569248861595942
258,"Utegaliyev,A",0.567812027195953
259,"Idani,P",0.567686064839269
260,"Guseinov,G",0.566777022113314
261,"Rohith,Krishna S",0.56587559382086
262,"Fressinet,L",0.565500078307005
263,"Xiao,Tong(QD)",0.564053012369914
264,"Raja,Rithvik R",0.563887665944649
265,"Adhiban,Baskaran",0.563560597797899
266,"Gasparyan,Erik R.",0.562890184716081
267,"Makhnev,Denis",0.562847277715943
268,"Laurent-Paoli,Pierre",0.5619910679306
269,"Petriashvili,Nikoloz",0.56106428611483
270,"Reshetnikov,Al",0.560876194959902
271,"Tsaruk,Maksim",0.560548440847861
272,"Hayrapetyan,A",0.560060111554346
273,"Habans Aguerrea,Javier",0.558857665606752
274,"Grigoriants,S RUS",0.558796857637422
275,"Rustemov,A",0.558661122539886
276,"Manafov,Vugar",0.558611117331649
277,"Greet,A",0.558216852040138
278,"Bocharov,D",0.558192695092018
279,"Alsina Leal,D",0.557857577341174
280,"Rakhmanov,Ale",0.557641580241199
281,"Erdos,V",0.557447651075108
282,"Thomforde-Toates,Noah",0.557182984123168
283,"Nagy,Ga1",0.557150918510566
284,"Fridman,D",0.556684540479771
285,"Sumets,A",0.556397178526082
286,"Kazhgaleyev,M",0.556324513049263
287,"Radjabov,T",0.555877054395822
288,"Supi,L",0.555077140561977
289,"Goltsev,Dmitry",0.554863199523309
290,"Bellahcene,B",0.551984876057619
291,"Vasquez Schroeder,R",0.551427584726533
292,"Divya,Deshmukh",0.551339719394608
293,"Plat,V",0.55104697646178
294,"Nguyen Van Huy",0.550365181761145
295,"Travadon,Loic",0.550252437307236
296,"Patrelakis,Evaggelos",0.550060692773734
297,"Nie,Xinyang",0.549792405402464
298,"Zanan,E",0.548757257329192
299,"Durak,Can",0.548170011712037
300,"Kunin,V",0.547306316435775
301,"Sowinski,Pawel",0.545432006320583
302,"Ghasi,A",0.54532623263942
303,"Saric,Iv",0.544395386615275
304,"Vakhidov,J",0.543368816801696
305,"Peng,Li Min",0.542556893330897
306,"Matinian,N",0.542086462085235
307,"Omarov,Murat",0.541390201170239
308,"Ivanchuk,V",0.541126813190943
309,"Ilamparthi,A R",0.540951080890327
310,"Wang,Justin Zhide",0.540664005788776
311,"Atabayew,S",0.539894264935414
312,"Moroni,L",0.539076499917448
313,"Wan Yunguo",0.538779698734244
314,"Asis Gargatagli,H",0.538773249089106
315,"Zvjaginsev,V",0.538396613414837
316,"Adewumi,Tanitoluwa",0.538087784770581
317,"Atanasov,Anthony",0.538072849685396
318,"Atabayev,Saparmyrat",0.537977091082328
319,"Concio,Michael Jr.",0.537871058221882
320,"Medvegy,Z",0.537653928697247
321,"Koelle,Tobias",0.537460206092435
322,"Klukin,Kirill",0.537298015595025
323,"Stearman,Josiah",0.536974575616883
324,"Ibarra Jerez,JC",0.535884422770493
325,"Edouard,R",0.535353660589272
326,"Ioannidis,Konstantinos I",0.53524510113713
327,"Najer,E",0.535216462099242
328,"Baskakov,Egor",0.535149418717254
329,"Manolache,M",0.535063647927242
330,"Siva,Mahadevan",0.534735861551758
331,"Vrolijk,Liam",0.534478591611044
332,"Preotu,Razvan",0.534278146993011
333,"Kourkoulos Arditis,Stamatis",0.533687806378531
334,"Song,Yuxin",0.533542287727579
335,"Cardoso Cardoso,Jose Gabriel",0.533496048627175
336,"Maghalashvili,Da",0.532770347216154
337,"Macias Pino,Diego",0.532594722212928
338,"Dzhumagaliev,Y",0.532076806389609
339,"Kozak,Antoni",0.531743129785658
340,"Cieslak,Patryk",0.531253213305335
341,"Yang,ZiLong",0.531235871639375
342,"Lamaze,Simon",0.53121725378626
343,"Mardov,Dimitar",0.530554178439885
344,"Harikrishnan,A",0.530479426737604
345,"Diaz Perez,Michel Alejandro",0.530448095432874
346,"Saydaliev,Saidakbar",0.530143271627403
347,"Klekowski,M",0.529881720162955
348,"Pantsulaia,L",0.529174560912286
349,"Lopez Martinez,Josep",0.529114685265335
350,"Kadric,D",0.529037716776596
351,"Azarov,S",0.52838212680136
352,"Timofeev,Arty",0.528340775339053
353,"Mendes Aaron Reeve",0.52793289257933
354,"Hinrichs,Paul",0.527650654598455
355,"Ebrahimi Herab,Hamidreza",0.526908205284966
356,"Sethuraman,S",0.526411666060519
357,"Saraci,Nderim",0.526368160587313
358,"Rybka,Simon",0.526013023456541
359,"Robson,R",0.525973719937965
360,"Karthik,V4",0.524841454191507
361,"Nitish,Belurkar",0.523423027162492
362,"Grover,S",0.523271127520144
363,"Petkov,Momchil",0.522995843051835
364,"Deepan,C",0.522739999471198
365,"Fernandez,Dan SIN",0.522624270952139
366,"Sklokin,Sergey",0.522142517647625
367,"Papasimakopoulos,Alexandros",0.522095986797187
368,"Yankelevich,L",0.520371759898115
369,"Samusenko,M",0.520208273602124
370,"Tazbir,M",0.520073032629713
371,"Samant,Aditya S",0.51933818387648
372,"Navara,D",0.519105739240223
373,"Nigmatov,Ortik",0.518879131464335
374,"Bai,Jinshi",0.518458706109178
375,"Mareco,S",0.517666858865078
376,"Maroroa Jones,Gawain C B",0.51663875778419
377,"Ivanisevic,I",0.516163795987973
378,"Narayanan,Samrug",0.515967747391327
379,"Yuffa,D",0.515674092049692
380,"Sivuk,V",0.515466448265928
381,"Kaczur,F",0.515338322958664
382,"Khodashenas,M",0.514963370971586
383,"Ansat,Aldiyar",0.514293322727688
384,"Stremavicius,T",0.514025021982015
385,"Kobo,Ori",0.513915909102004
386,"Mammadov,Z",0.513396564671781
387,"Ponomariov,R",0.513180668263043
388,"Kuzubov,Y",0.512559152657403
389,"Balaji,Aaravamudhan",0.512332426328097
390,"Bodnaruk,A",0.512035112204174
391,"Saidov,Bilukhadzh",0.511917655329889
392,"Mamedov,Rau",0.511706007126374
393,"Lupulescu,C",0.511669346049687
394,"Prokofiev,Valentyn",0.511370455301232
395,"Chen,Yuan2",0.510896296673402
396,"Tomashevsky,E",0.510633559419616
397,"Kantor,G",0.510491058089466
398,"Srihari,L R",0.510457934210822
399,"Ragger,M",0.510353883473235
400,"Seo,Jung Min",0.510240599537303
401,"Moiseenko,A1",0.510173053987321
402,"Pham Tran Gia Phuc",0.510086131160352
403,"Solak,D",0.508929516613292
404,"Plyasunov,Daniil",0.508820696430191
405,"Shapiro,Dav",0.508530284073214
406,"Hagner,Bennet",0.508299519286705
407,"Sengupta,D",0.508035989007571
408,"Piorun,K",0.507735478127624
409,"Keinanen,Toivo",0.50742018613507
410,"Srihari,L",0.506854127637125
411,"Lesovoi,Evgenij",0.506743419541185
412,"Nikitenko,M",0.505804266071726
413,"Palczert,Matyas",0.505132562277645
414,"Matviishen,Viktor",0.504415155071791
415,"Sasikiran,K",0.504349094480749
416,"Neelash,Saha",0.504300610978603
417,"Putnam,Liam",0.504283863252677
418,"Cahaya,Satria Duta",0.504243671031156
419,"Zwirs,Nico",0.504160996728437
420,"Garriga Cazorla,Pere",0.503466808665612
421,"Bu Xiangzhi",0.503379953566592
422,"Aaryan,Varshney",0.502907570619379
423,"Zhao Jun",0.5028875735211
424,"Neiksans,A",0.501877691615178
425,"Makridis,Dimitrios",0.501608276683458
426,"Munkhdalai,Amilal",0.500243948561816
427,"Dhulipalla,Bala Chandra Prasad",0.500174599793267
428,"Nguyen Duc Hoa",0.499654206880022
429,"Berkes,F",0.498794448126137
430,"Maurizzi,Marc'Andria",0.498444525198172
431,"Narayanan,Sri",0.498428723574048
432,"Alekseev,Evgeny",0.498141575967739
433,"Tomczak,J",0.497719560092976
434,"Vocaturo,D",0.497361919742953
435,"Albornoz Cabrera,Carlos Daniel",0.497011119112275
436,"Lebedev,Artem S.",0.496673111872788
437,"Pulpan,J",0.496652292567862
438,"Khoder,Akram",0.496456157894276
439,"Kostolansky,Sebastian Lukas",0.496410776557909
440,"Huang,Renjie",0.496369790906015
441,"Mirzoev,A",0.496353976113489
442,"Salinas Herrera,P",0.496351900097399
443,"Jepson,C",0.496116856673949
444,"Zouaghi,Amir",0.495950261122013
445,"Odegov,Artem",0.495831562521499
446,"Magold,Filip",0.495249875630678
447,"Zarubitski,Viachaslau",0.494966958621131
448,"Jake Shanty",0.494933125150351
449,"Xiu Deshun",0.494860413131554
450,"Sheehan,Ethan",0.494541447710481
451,"Urkedal,F",0.494234699701515
452,"Tristan,L",0.494118979803486
453,"Kozul,Z",0.493685104974546
454,"Bosiocic,Mari",0.493419628597762
455,"Seyhanoglu,D",0.492836918194894
456,"Mikhailovsky,Vladimir",0.492713845917794
457,"Bardyk,Artem",0.491616384925483
458,"Harsha,B",0.491531308766462
459,"Nigalidze,G",0.491360631244614
460,"Kryakvin,D",0.491188484114911
461,"Demidov,M",0.491181610640024
462,"Rakhmatullaev,Almas",0.491169226338626
463,"Fernandez Guillen,E",0.490742274555054
464,"Sukiasyan,Vahe A.",0.490492879108669
465,"Heimann,Al",0.490226015947039
466,"Triapishko,Alexandr",0.489981304356658
467,"Celik,Hasan Huseyin",0.489744331468811
468,"Gauri,S",0.489134127252032
469,"Abdurakhmonov,Mukhammadali",0.489032803629525
470,"Perez Ponsa,F",0.488843780761617
471,"Dimitrov,R",0.488337102755682
472,"Raczek,Krzysztof",0.486878423989725
473,"Gelfand,B",0.486703050188349
474,"Csonka,B",0.486670971550136
475,"Sankalp,Gupta",0.48631598292476
476,"Cukrowski,F",0.486199942958161
477,"Clarke,B",0.485944156595856
478,"Gavrilescu,David",0.485930041427405
479,"Klimkowski,Jan",0.485918609264851
480,"Almeida Quintana,O",0.485915653554563
481,"Banusz,T",0.485618692587743
482,"Panchanathan,M",0.485612209144966
483,"Sapenov,Daniyal",0.485453979078352
484,"Drygalov,Andrey",0.485343024380696
485,"Tahmasebi,Hamidreza",0.484319423208318
486,"Mastrovasilis,D",0.48430018292831
487,"Baron,Ta",0.483476868418169
488,"Moisiiuk,Andrii",0.483251834685345
489,"Boensch,U",0.482107701870264
490,"Mikaelyan,A",0.482103442251969
491,"Mellado Trivino,J",0.481879783248714
492,"Lima,Da",0.481873770030221
493,"Luczak,Filip",0.481712200382731
494,"Horvath,Dominik",0.480553809751591
495,"Peyrer,Konstantin",0.479685863576575
496,"Vignesh,N R",0.479470055259362
497,"Zou,Chen",0.478943076886331
498,"Vakhlamov,I",0.478843037583623
499,"Lesiege,A",0.478354896833635
500,"Masruri,R",0.477882924762946
501,"Sathvik Adiga",0.476389715654543
502,"Bulmaga,I",0.476098554998601
503,"Hou Yifan",0.475877966849456
504,"Bologan,V",0.475023549509707
505,"Sokolovsky,Yahli",0.475012782883513
506,"Lei,Tingjie",0.474797314107432
507,"Dai,Changren",0.473905159138362
508,"Mamedov,Edgar",0.473722126060031
509,"Poetsch,H",0.473558211113601
510,"Hamitevici,V",0.473009261743288
511,"Dau Khuong Duy",0.472841746133546
512,"Budisavljevic,Luka",0.472782552789439
513,"Sivakumar,Shaaketh",0.472353369446284
514,"Deuer,Marius",0.472294218239443
515,"Gholami,A",0.472147117049656
516,"Colpe,M",0.471894540270512
517,"Stevic,H",0.471892823737804
518,"Razafindratsima,Timothe",0.471775584161022
519,"Afanasiev,Nikita",0.471453117027363
520,"Decuigniere,Tom",0.471362352353301
521,"Ridzel,Oleksandr",0.470999106107932
522,"Sorensen,Hampus",0.470021747189221
523,"Rozentalis,E",0.469634430024744
524,"Villanueva,Mar",0.469042406696966
525,"Uskov,Artem",0.468727637671999
526,"Ivannikov,Maksim",0.468680033814941
527,"Jiang,Haochen",0.468563637214385
528,"Zverev,Lev",0.468537112403253
529,"von Mettenheim,Johannes",0.46846817606854
530,"Dotzer,Lukas",0.468289259834733
531,"Sonis,Francesco",0.46790477932836
532,"Vavulin,M",0.467591278811643
533,"Rostovtsev,Dmitry",0.467206378513881
534,"Rodshtein,M",0.46709877251149
535,"Dubnevych,Maksym",0.466910509812299
536,"Grabinsky,Y",0.466248474134991
537,"Sturt,R",0.466139393420244
538,"Berdayes Ason,Dylan Isidro",0.465411684574153
539,"Agibileg,Uurtsaikh",0.464547176530458
540,"Siskou,Evangelia",0.463903069603242
541,"Kaasen,Tor Fredrik",0.46316821155593
542,"Gadzhiev,Ruslan",0.462898543403339
543,"Zakhartsov,Vl",0.462808245211039
544,"Tischbierek,R",0.462315166963485
545,"Ganguly,S",0.461874554078193
546,"Laurusas,T",0.461733790445019
547,"Nithin,Babu",0.461559859608791
548,"Nyback,T",0.461271339312119
549,"Grieve,Harry",0.460626352312672
550,"Braun,Geo",0.460550712803638
551,"Gomez,Car ARG",0.46020120317468
552,"Stopa,Ja",0.460053772046778
553,"Karolczuk,Iwo",0.459859568161212
554,"Fodor,T jr",0.459625263892055
555,"Mekhitarian,K",0.459565711942507
556,"Kockum,A",0.459205117178288
557,"Agmanov,Zhandos",0.459122652910466
558,"Davtyan,Artur",0.459026878235959
559,"Domin,Yan",0.458973190715003
560,"Noe,C",0.458796294843803
561,"Jankovic,A",0.4586758836974
562,"Stoyanov,Tsvetan",0.458333083939674
563,"Chasin,Nico",0.457941290773194
564,"Md Imran",0.45786430200924
565,"Aswath,S",0.457763114464494
566,"Boswell,Jacob Connor",0.45741992232884
567,"Borgaonkar,Akshay",0.456930427085462
568,"Munoz Pantoja,M",0.456868261188035
569,"Zierk,S",0.456807672225838
570,"Moksh,Amit Doshi",0.456666684350744
571,"Asprelli,Gaspar",0.456328462953959
572,"Ochoa de la Rosa,M",0.455964821348835
573,"Djurhuus,R",0.4558925580709
574,"Kukhmazov,A",0.455789249227968
575,"Knuedel,Torben",0.45514789455825
576,"Parkhov,Yair",0.455037097157849
577,"Tan,Zhongyi",0.454995557867033
578,"Baron Isanta,J",0.454807134432382
579,"Yip,Carissa",0.454517328293437
580,"Moczulski,Michal",0.454444077352753
581,"Beerdsen,Thomas",0.454345838392656
582,"Germanovs,Georgijs",0.4543285713621
583,"Millennium Chess - the King Elem,Computer",0.453829935436229
584,"Mroziak,M",0.453584067543275
585,"Culum,Sanjin",0.453493402459089
586,"Kamsky,G",0.453491978161927
587,"Janeczko,Jakub",0.45342526919212
588,"Amin,B",0.453403049515106
589,"Georgiev,Ki",0.453360824319989
590,"Isik,Alparslan",0.453360633745595
591,"Volokitin,And",0.453359580833523
592,"Krsnik Cohar,I",0.453238194691975
593,"Norwood,D",0.452912186452573
594,"Aronyak,Ghosh",0.452714691711683
595,"Guseynov,A",0.452421789875302
596,"Hauge,Lars Oskar",0.452378834458273
597,"Wagner,De",0.452113833439962
598,"Larkin,Vladyslav",0.452070467603212
599,"Lortkipanidze,N",0.452041832728373
600,"McShane,L",0.451784521602429
601,"Bracker,A",0.45146129130358
602,"Stotyn,F",0.451189822666957
603,"Grafl,F",0.451175034993767
604,"Holt,C",0.451141666940509
605,"Santiago,Y",0.451136434271396
606,"Williams,Justus",0.45063315129487
607,"Itgelt,Khuyagtsogt",0.450310547913506
608,"Aleksandrov,A",0.450178429187342
609,"Ma Qun",0.450077079954297
610,"Hafiz,Arif Abdul",0.449560422459835
611,"Kapnisis,S",0.449379926704188
612,"Topalov,V",0.449214364415216
613,"Bauer,Ch",0.447966221864776
614,"Goutham Krishna H",0.447295333696994
615,"Janik,Igor",0.446897903527973
616,"Haznedaroglu,K",0.446831174217305
617,"Begmuratov,Khumoyun",0.446783611147902
618,"Novozhilov,Semen",0.446337864270149
619,"Dyachuk,Artem",0.445919423410247
620,"Gelman,A",0.445357448018278
621,"Khotenashvili,B",0.445159481136155
622,"Boyer,Mahel",0.445159345772016
623,"Xu,Yi",0.444837465475458
624,"Rathanvel,V",0.444329438217955
625,"Stefansson,Vignir Vatnar",0.444247020297574
626,"Koneru,H",0.444110232351384
627,"Rudnev,Andrei",0.443581193975644
628,"Hrbek,Stepan",0.443364520090492
629,"Zhang,Di",0.443362900724542
630,"Neelotpal,D",0.443322389531028
631,"Gagunashvili,M",0.443119123692334
632,"Schnaider,Ilan",0.441739972910718
633,"Sokolov,Ivan",0.441654743021538
634,"Ticona Rocabado,Licael Roderick",0.441569827724744
635,"Postny,E",0.441242128844174
636,"Royal,Shreyas",0.440894229032672
637,"Papaioannou,Dimitrios",0.440849300200258
638,"Arfan,Aditya Bagus",0.44044499023841
639,"Seemann,Jakub",0.440160200048413
640,"Del Rey,D",0.439533028511153
641,"Harsh,Suresh",0.438283037494747
642,"Haug,Havard",0.438238996173915
643,"Cheparinov,I",0.437452493289607
644,"Hansen,SuB",0.43739612282043
645,"Bilguun,Sumiya",0.43712146054531
646,"Tekeyev,Z",0.437114119321696
647,"Kvaloy,Aksel Bu",0.436654127109994
648,"Harshavardhan,G B",0.436608845967753
649,"Vaishali,Rameshbabu",0.436072803777127
650,"Kacharava,Nikolozi",0.435895575986052
651,"Mushini,Ajay",0.435710683387971
652,"Suleymanli,Suleyman",0.435331679908028
653,"Shandrygin,Nikita",0.434913528561809
654,"Gurevich,M",0.43459883291034
655,"Tsakona,Maria",0.434524904619863
656,"Cumpe,Lucas",0.434373801299784
657,"Bogdanov,Egor",0.434253826386002
658,"Cuenca Jimenez,J",0.434217579680208
659,"Zhauynbay Aldiyar",0.434014493984033
660,"Dehtiarov,Roman",0.433974015446702
661,"Avinash,Ramesh",0.433732223439089
662,"Zhu,Jiner",0.433187659699182
663,"Lodici,Lorenzo",0.432570924733808
664,"Kornienko,Konstantin",0.432255281686398
665,"Xie,Kaifan",0.432227680145159
666,"Sandalakis,A",0.43162117650924
667,"Turov,M",0.431556793021173
668,"Ilkhomi,Jaloliddin",0.431535931554932
669,"Ostensen,Nicolai Maxime",0.431444456837284
670,"Mitusov,Semen",0.431188507029772
671,"Nasuta,G",0.43072120261001
672,"Schekachikhin,Maksim",0.430563240681826
673,"Short,N",0.430024138296187
674,"Akopian,Vl",0.429930156038144
675,"Levin,Ev",0.429545111515999
676,"Tran Thanh Tu",0.429418484324566
677,"Aydincelebi,Kagan",0.42925156369855
678,"Gorodetzky,David",0.428903215083358
679,"Vetoshko,V",0.428397619613667
680,"Khubukshanov,Erdem",0.428075536715316
681,"Samsonkin,A",0.427521835379751
682,"Liang,Jason",0.427046410076661
683,"Sochacki,C",0.426379072612259
684,"Tokman,A",0.426371381859073
685,"Plichta,K",0.42601620894499
686,"Sole Pijuan,Ferran",0.425843053644423
687,"Shahil,Dey",0.425820942128843
688,"Wong,Yinn Long",0.425698075911175
689,"Zhao Zong Yuan",0.425695162534945
690,"Yeganegi,Barad",0.425221943109712
691,"Ritzerveld,Noah",0.424802798062459
692,"Grigoryan,K2",0.42440355428731
693,"Spizharny,Mikhail",0.424360922222947
694,"Blohberger,Felix",0.424182264990785
695,"Erten,Kerem",0.42395771415413
696,"Rajesh,VA",0.423913183834934
697,"Schmakel,Sam",0.423895902291099
698,"Bogner,S",0.42384778651711
699,"Martic,I SRB",0.42316273275478
700,"Rostami,Hossein",0.423149428220476
701,"Munkhgal,G",0.422791895652492
702,"Arslanov,S",0.422620022399187
703,"Sydykov,Bayastan",0.42250710812808
704,"Pashikyan,Rudolf",0.42240121201723
705,"Wadsworth,Matthew J",0.422049127516832
706,"Peng,Xiongjian",0.421515849169366
707,"Suyarov,Mukhammadzokhid",0.421196470433009
708,"Audi,Ameya",0.421055152955322
709,"Atalik,S",0.420054883680685
710,"Davtyan,Arsen",0.419511780212399
711,"Sorokin,Aleksey",0.419496141562273
712,"Gines Esteo,Pedro Antonio",0.419388920798332
713,"Kosteniuk,A",0.419358405306754
714,"Rozum,I",0.419351819667415
715,"Vallejo Pons,F",0.418854781047569
716,"Tiviakov,S",0.418216082206778
717,"Carnicelli,V",0.418030111853788
718,"Ploog,M",0.417937603722432
719,"Osmak,Yuliia",0.417816403362734
720,"Kaufman,R",0.417802439707692
721,"Suleimen,Ergali",0.41771374742546
722,"Lick,P",0.417645010314496
723,"Morchiashvili,B",0.417488460496828
724,"Tica,Sven",0.416383891007013
725,"Tarhan,Adar",0.416030200610498
726,"Bazakutsa,Svyatoslav",0.415962171189265
727,"Sahib,Singh",0.415824155949447
728,"Poh,Yu Tian",0.415784578581426
729,"Zoler,D",0.415421699716426
730,"Droin,Augustin",0.415382713651624
731,"Pulvett,D",0.414971001894295
732,"Vogel,Roven",0.414967920949433
733,"Kalinin,Nikita An.",0.414733708895088
734,"Vassis,Michail",0.414498787460397
735,"Strikovic,A",0.414295827987388
736,"Roebers,Eline",0.414198201847453
737,"Duran Vega,S",0.413979522256366
738,"Paichadze,L",0.413816670217673
739,"Schweizer,Simon",0.413183911171151
740,"Iljiushenok,I",0.41291501656993
741,"Faizrakhmanov,Ramil",0.412901408130277
742,"Galaktionov,Artem",0.412429791634041
743,"Jval Saurin Patel",0.412160770050531
744,"Schoppen,Casper",0.411797325786539
745,"Rothuis,V",0.41172020110414
746,"Pert,R",0.411599518488225
747,"Kushko,Dmitriy",0.411426070295893
748,"Oberoi,Shelev",0.4112854488746
749,"Pecurica,M",0.411021558861039
750,"Ermachenko,Manuel",0.410913440865459
751,"Guliyev,N",0.410738683788528
752,"Brodsky,M",0.410227938407561
753,"Miron,L",0.410136506839076
754,"Shubin,Kirill",0.409677398129905
755,"Rudd,J",0.409638338833299
756,"Terryn,Ezra",0.409455278240216
757,"Krzyzanowski,M",0.409454353069819
758,"Pijpers,A",0.4093922804526
759,"Lu Shanglei",0.409286398989722
760,"Amangeldy,Ernur",0.409230718844141
761,"Moradiabadi,E",0.409175084801261
762,"Papaioannou,I",0.409129974950801
763,"Aakash,G",0.408717487633327
764,"Herman Gamazo,Isaac",0.408545710851295
765,"Camacho Collados,J",0.408147401421855
766,"Hector,J",0.407636551085477
767,"Mani,Sarbartho",0.407013642925023
768,"Rabatin,J",0.406910449808816
769,"Korchynskyi,Mykola",0.406233673302747
770,"Rahul,Srivatshav P",0.406232980825168
771,"Shchekachev,A",0.40616479966944
772,"Licznerski,L",0.406155130671895
773,"Kolimar,Kristof Pal",0.406110981910498
774,"Garcia Palermo,C",0.406040886456965
775,"Olund,Joar",0.405039888272401
776,"Sapocinic,Semion",0.404984087862065
777,"Nikolaidis,I",0.404937638089371
778,"Engel,Luis",0.40480916026451
779,"Kelires,Andreas",0.404556247751392
780,"Campos Moreno,J",0.404480816696924
781,"Neuendorf,Max",0.404414761593182
782,"Fiorito,Francisco",0.404243117549749
783,"Gochelashvili,D",0.404190370004635
784,"Gazik,Viktor",0.403789727818272
785,"Muzychuk,A",0.403412425453807
786,"Koellner,Ruben Gideon",0.403089233841987
787,"Svoboda,S",0.403044289839731
788,"Delgado Ramirez,N",0.402504409944452
789,"Baltabaev,T",0.402472122540367
790,"Jain,Kashish Manoj",0.402427397378514
791,"Garcia Pantoja,R",0.402347761103956
792,"Haddouche,M",0.402123128968395
793,"Georgiadis,Anastasios",0.402088153220557
794,"Garifullina,Leya",0.401871619749186
795,"Aarav,Dengla",0.401658863202757
796,"Ruck,R1",0.401000876542422
797,"Jubin,Jimmy",0.400873392897832
798,"Bryakin,M",0.400732255690033
799,"Pavlidis,Ant",0.400606055581122
800,"Popovic,Milan S",0.400324034931858
801,"Chang,Ethan",0.40010084555462
802,"Vivekananthan,Anish",0.399932314458716
803,"Santos Ruiz,Miguel",0.3996983431355
804,"Kanarek,M",0.399416795340672
805,"Hera,I",0.399318999192766
806,"Bilovil,Bogdan",0.399280576563359
807,"Kushagra,Mohan",0.399192279430913
808,"Psyk,Radoslaw",0.39890795371899
809,"Averin,Nikolay",0.398882315555705
810,"Rogov,Matfey",0.398710294233239
811,"Sari,Yasin",0.398455991517508
812,"Das,Say",0.398421830742923
813,"Orozbaev,Eldiyar",0.398215751819131
814,"Molina,Rob",0.398019963882303
815,"Nguyen,Quoc Hy",0.397977972009833
816,"Girel,Joseph",0.397956982220107
817,"Juhasz,Agoston",0.397931838719163
818,"Heberla,B",0.397912186854636
819,"Sipila,V",0.397653294651984
820,"Panda,Sambit",0.396983998400201
821,"Goganov,A",0.396896581554663
822,"Milovic,J",0.396737932948323
823,"Van de Griendt,JW",0.396631414217043
824,"Bersamina,Paulo",0.396595984060873
825,"Fedorov,Alex",0.396358866380521
826,"Li,Di",0.395949028469715
827,"Grigorjev,Iljya",0.395784348685415
828,"Kalogridis,Themistoklis",0.395753950092487
829,"Fargac,M",0.395410286547122
830,"Moskalenko,V1",0.395264597671646
831,"Gupta,Ab",0.395209089584268
832,"Badacsonyi,Stanley",0.395196353789993
833,"Shyam,SM",0.395147122103584
834,"Anand,Batsukh",0.394957016238374
835,"Berczes,D",0.394825962726025
836,"Wafa,Hamed",0.394132531798613
837,"Panesar,Vedant",0.394083262575352
838,"Grachev,B",0.394056620356663
839,"Manvelyan,Mikayel",0.393532677152411
840,"Ramirez Gonzalez,Mauricio",0.39347931585356
841,"Mickevicius,J",0.393343021095551
842,"Megaranto,S",0.393259989423494
843,"Alvarez Calzadilla,Jose Avelino",0.393191559799235
844,"Khamdamova,Afruza",0.392994725408037
845,"Pacuszka,T",0.392781753999784
846,"Bora,Safal",0.392697146549239
847,"Shukhman,Anna",0.392153713362164
848,"Hamidov,Allahverdi",0.392142465710079
849,"Nurman,Alua",0.392036130616145
850,"Arman,D",0.391466979445061
851,"Markus,Rob",0.391138087687263
852,"Asllani,Muhamet",0.390931369375392
853,"Ruiz Abad,J",0.390765325061645
854,"De Silva,L M S T",0.390662456250119
855,"Torres Valiente,Brayan",0.390460899098417
856,"Borges Feria,Y",0.390285537868137
857,"Calzetta Ruiz,M",0.39014003970417
858,"Smirnov,Mark",0.389843542190067
859,"Li Chao2",0.389816266834633
860,"Philippe,Guillaume",0.38977130073917
861,"Camacho Collados,M",0.389643131438717
862,"Sebenik,M",0.389542008388797
863,"Chasouraki,Chrysi",0.389471083852476
864,"Nikolov,Mo",0.389250860240862
865,"Damljanovic,B",0.388725929153939
866,"Riazantsev,A",0.388589599172467
867,"Amburgy,Ryan",0.388305032295605
868,"Hayrapetyan,Edgar",0.388099584982094
869,"Paragua,M",0.388053647256134
870,"Sidhant,M",0.387990847348272
871,"Zhao Xue",0.387688840507968
872,"Shermuhammadov,Samandar",0.387022326583889
873,"Kanyamarala,Tarun",0.386681452385756
874,"Suleymenov,Alisher",0.386154445387619
875,"Bernabeu Lopez,C",0.385913106094572
876,"Agdestein,S",0.385896554257956
877,"Cao,Qingfeng",0.385155641447246
878,"Vedmediuc,S",0.385087093406371
879,"Lisenkov,Svyatoslav",0.384815204024419
880,"Bortnyk,Mykola",0.384611187014442
881,"Kulon,K",0.384247956236031
882,"Korchmar,V",0.384068023004861
883,"Plenca,Jadranko",0.384034025568115
884,"Suliborski,J",0.383440203951166
885,"Kolb,Tobias",0.383239803388283
886,"Cruz,Cr",0.383222581376906
887,"Lopez Silva,H",0.383035751319298
888,"Ilinca,Felix-Antonio",0.382988898927327
889,"Cordova,E",0.381826966791389
890,"Silva,Kaua Marques",0.381708026144869
891,"Weetik,V",0.38146554477974
892,"Sieciechowicz,M",0.381453954337645
893,"Bettalli,Francesco",0.381429301267268
894,"Vazquez Igarza,R",0.381380538093516
895,"Vybiral,Z",0.381236072740537
896,"Alexiadis,Hristos",0.381058057205321
897,"Dvirnyy,D",0.380436199218251
898,"Borrmann,Laurenz",0.380161269246764
899,"Gnojek,Petr",0.380033642524402
900,"Barseghyan,Armen Ar.",0.379996726888906
901,"Diermair,A",0.379935502133983
902,"Warakomski,T",0.379836595239412
903,"Leniart,A",0.37935949148266
904,"Askarov,Ba",0.379135205400158
905,"Elias,David",0.379015916902498
906,"Khusenkhojaev,Mustafokhuja",0.378895734634395
907,"Risteski,Emil",0.378723172214864
908,"Nemec,Jachym",0.378671991611908
909,"Zeng,C",0.378625407558817
910,"Akhmedov,F",0.378581902861994
911,"Koster,R",0.378515537215643
912,"Alavkin,A",0.37844284395703
913,"Velicka,P",0.378431495617234
914,"Madhvendra Pratap Sharma",0.378365068061898
915,"Quintiliano Pinto,R",0.378290715922209
916,"Dronavalli,Harika",0.377721712453425
917,"Sorin,A",0.377444961754866
918,"Yaksin,O",0.377076366022034
919,"Meng,Yihan",0.376927614221896
920,"Chernyak,Viktoria",0.376171229118847
921,"Hardaway,Brewington",0.375983327384375
922,"Forcen Esteban,D",0.375737146681499
923,"Sharipov,Davron",0.375597193734681
924,"Prraneeth,Vuppala",0.37541316363489
925,"Filgueiras,Nathan Felipe",0.3753695677992
926,"Froewis,G",0.375184068495497
927,"Brodowski,P",0.374959134051558
928,"Wafa,Shrook",0.37489714878245
929,"Abdisalimov,Abdimalik",0.374874426441886
930,"Jakubowski,K",0.374593826246079
931,"Aitbayev,A",0.37447840036996
932,"Marrujo Pardo,Mauricio Emmanuel",0.374366269860448
933,"Atakhan,Abtin",0.374365840499853
934,"Zabotin,A",0.374349804996144
935,"Akbas,Umut Ata",0.374276139590625
936,"Rodriguez Hernandez,Jose Angel",0.374098057366007
937,"Vojta,T",0.373802790250618
938,"Turner,Ma",0.373604249210265
939,"Kanov,Nikola",0.373580569702968
940,"Damjanovic,Vuk",0.37351920063705
941,"Willow,Jonah B",0.373507512708198
942,"Aiten,Islam",0.373066723067477
943,"Rosen,E",0.372708648565593
944,"Simpson,Michael",0.372577987198646
945,"Kalavannan,Koby",0.372572709019458
946,"Schippke,Manon",0.372412926983546
947,"Ashwath,R",0.372376166034425
948,"Schneider,Il",0.372300755054365
949,"Barzen,P",0.372264843994289
950,"Marjanovic,Dej",0.371965898804646
951,"Khayrullin,D",0.37196132812263
952,"Sitnikov,A",0.371782542554154
953,"Xu,Yinglun",0.371243003020521
954,"Rozman,Levy",0.371113147137
955,"Kamalidenova,Meruert",0.370978893207619
956,"Kulaots,K",0.370875148866086
957,"Zhu,Hengyi",0.370732817201553
958,"Madhesh Kumar S",0.370656501676035
959,"Laxman,R",0.370597479638989
960,"Ostovic,M",0.370378827365734
961,"Garcia,Jan",0.37009051355405
962,"Wang,Hao(ZJ)",0.369869959841538
963,"Xie,G",0.369732530126223
964,"Balabayeva,Xeniya",0.369724002588169
965,"Campos Gomez,Manuel",0.36949045543832
966,"Ghazarian,Kirk",0.369381955202579
967,"Melnikov,Fedor",0.369025679137643
968,"Siddharth,Jagadeesh",0.368998626737774
969,"Akhmedov,David",0.368933361367279
970,"Baenziger,Fabian",0.368773587374212
971,"Lewicki,Mir",0.368562933350664
972,"Agopov,M",0.367966326874114
973,"Bharadia Yash",0.367393063853851
974,"Gusain,H",0.367154819520564
975,"Iskusnyh,S",0.367123105259912
976,"Toktomushev,Teimur",0.366982950928665
977,"Manukyan,SaA",0.366967496782115
978,"Grybkauskas,Pijus",0.366782013465827
979,"Martinovici,Ilia",0.366710043065392
980,"Fiorito,Joaquin",0.366554300020868
981,"Druska,J",0.366507499583208
982,"Sindarov,Islombek",0.366466950918164
983,"Zander,Emil",0.366363115551536
984,"Annaberdiev,M",0.366298203190265
985,"Storme,Isak",0.366154498632956
986,"Korpa,B",0.366108632577857
987,"Tulendinov,Dinmukhammed",0.365868656798516
988,"Kuenzli,S",0.365271994696273
989,"Manko,Mariia",0.365174225213839
990,"Cruz Mendez,Jean Marco",0.36494097927153
991,"Wells,P",0.364869941255982
992,"Videki,S",0.364682856213687
993,"Kucza,Karol",0.364594170168195
994,"Koshulyan,Egor A.",0.364293890334053
995,"Punin,Andrii",0.364218920223041
996,"Sharif,Me",0.363728964612172
997,"Donker,Roel",0.363122889069378
998,"Moreno Perez,Tobias Sebastian",0.362632352266398
999,"Diamant,A",0.362414491159598
1000,"Minhazuddin,A",0.362177078343415
1001,"Ponizil,C",0.362071463800828
1002,"Sandoval Mercado,Carlos",0.362003450187675
1003,"Bai,Adelard",0.361988193654776
1004,"Cilek,Bora",0.361275088932642
1005,"Vardi,S",0.36087570619302
1006,"Shuvalova,Polina",0.360732430450162
1007,"Zhakshylykov,Erzhan",0.360676103072835
1008,"Castellanos Rodriguez,R",0.360407940672367
1009,"Liu,Xiangyi",0.360348138605354
1010,"Coro,Lucas",0.360263840374581
1011,"Imomkuzieva,Nilufarkhon",0.360189363940622
1012,"Reddmann,H",0.359537459840801
1013,"Priasmoro,Novendra",0.359402722052081
1014,"Costa,Leonardo",0.359351226447549
1015,"Vlassov,N",0.359048622054333
1016,"Padmini,R",0.358806123566046
1017,"Admiraal,M",0.358710026273141
1018,"Hari,Madhavan N B",0.358095920475151
1019,"Aaditya,Dhingra",0.357873503666707
1020,"Miranda,Rafael",0.357754091404383
1021,"Taspinar,Yanki",0.357689575434842
1022,"Spyropoulos,Nikolaos",0.357660212528426
1023,"Mustafayev,Farid",0.35678570549905
1024,"Subhayan,Kundu",0.356528605745301
1025,"Bakhmatsky,Vladislav",0.356493540116695
1026,"Khachatryan,Taron",0.356331889635652
1027,"Popov,Iv RUS",0.356245048156355
1028,"Shvedova,Alexandra",0.355663180246577
1029,"Dzagnidze,N",0.35543482705118
1030,"Starozhilov,L",0.355393598747741
1031,"Balint,Peter",0.355334778557125
1032,"Sadikhov,U",0.354743874938588
1033,"Elias Reyes,Jorge Roberto",0.354632047937564
1034,"Amartuvshin,Ganzorig",0.354480379893864
1035,"Vlachos,Anatole",0.354158639883591
1036,"Baidetskyi,Valentin",0.353225367764458
1037,"Aslanov,Umid",0.353044153421523
1038,"Artemenko,O",0.352935549021629
1039,"Volkov,Maksim",0.352710847021429
1040,"Sargissian,G",0.352585231100934
1041,"Rendle,T",0.352342684004831
1042,"Ten Hertog,H",0.352277583480974
1043,"Kubik,Rafal",0.352157573244212
1044,"Wang Yue",0.352072425599941
1045,"Isanzhulov,Arystan",0.352027889782913
1046,"Nestorovic,L",0.35200234429875
1047,"Alegre Leyva,Alejandro",0.35193397433271
1048,"Lee,Junhyeok",0.35168229800571
1049,"Villa Tornero,Alex",0.351296177212341
1050,"Maurizzi,MarcAndria",0.35117910678616
1051,"Zaja,I",0.351104109608897
1052,"Slipak,S",0.350618512389781
1053,"Semling,Johannes",0.350547509980345
1054,"Terrieux,K",0.3501268778089
1055,"Smirnov,P",0.34993239274958
1056,"Czopor,Maciej",0.349815507122945
1057,"Pyrih,Roman",0.349480426681366
1058,"Kahlert,T",0.349398785939636
1059,"De Winter,Arthur",0.349339388983434
1060,"Povshednyi,Ivan",0.349206187044727
1061,"Nurgaliyev,Sauat",0.349083481746012
1062,"Vanczak,Tamas",0.348957564161095
1063,"Ljepic,Andrej",0.348880467035094
1064,"De Boer,Eelke",0.348766284205751
1065,"Labruyere,Roger",0.348755326199996
1066,"Anata,Choudhury",0.348681913686877
1067,"Maksimenko,An",0.348663346335547
1068,"Ruiz Buendia,Miguel",0.348536891108064
1069,"Mindlin,A",0.34813684416769
1070,"Gilfanov,Marat I",0.348014351635071
1071,"Heinrich,John",0.34776950176977
1072,"Zhai Mo",0.347476574347005
1073,"Ghaem Maghami,E",0.347446879743872
1074,"Ochedzan,Tymon",0.347126988319341
1075,"L'Ami,E",0.347056214563776
1076,"Corrales Jimenez,F",0.346903746346129
1077,"Jovanovic,Zo CRO",0.346736082052772
1078,"Kasioumis,Vasilios",0.34663210134285
1079,"Cuhra,M",0.346063090913546
1080,"Lin,D",0.345789507146974
1081,"Gustafsson,J",0.345623109508931
1082,"Assylov,Miras",0.345473615603674
1083,"Tsapaki,Asimenia",0.345451414387132
1084,"Blanquet,Camille",0.345259206424049
1085,"Sadubayev,Airat",0.345062116419671
1086,"Nestorovic,N",0.344561833532083
1087,"Kupriyanov,Daniel",0.344506637066161
1088,"Pham,Khoi",0.344470375578662
1089,"Mitsis,Georgios",0.344435916507561
1090,"Lindgren,P",0.344394870076231
1091,"Ahmadzada,Ahmad",0.344301398612443
1092,"Obregon Rivero,J",0.34421995055763
1093,"Podolchenko,E",0.344111683355139
1094,"Miletic,Vuk",0.344005750641353
1095,"Hovhannisyan,R",0.3440035527746
1096,"Xu,Junwei",0.343750342446636
1097,"Castillo Dalmau,Albert",0.343683670236985
1098,"Zhang,Xiao",0.343372021649205
1099,"Bures,J",0.343325752252265
1100,"Norowitz,Yaacov",0.34330187024651
1101,"Arizmendi Martinez,J",0.343220882060076
1102,"Mostbauer,Florian",0.343087605954742
1103,"Oruzinsky,Juraj",0.342465530797023
1104,"Ynojosa,F",0.341928125766793
1105,"Liu,Yan",0.341872160727414
1106,"Zelcic,R",0.34182552794184
1107,"Laohawirapap,Prin",0.341796017649136
1108,"Pap,M",0.341721369606921
1109,"Korshunov,Sergey And.",0.341666151933868
1110,"Goryachkina,A",0.341655803604501
1111,"Pechac,Jergus",0.341564988358628
1112,"Wagh,Suyog",0.341516421821723
1113,"Zeynalov,R",0.341293468545278
1114,"Krallis,Christos",0.341241599232104
1115,"Seliverstov,Vl",0.341212875263146
1116,"Aarit Kapil",0.341191247482127
1117,"Paszewski,M",0.341101015228694
1118,"Keyser,Robin",0.341079437166717
1119,"Barrientos,S",0.341077347564546
1120,"Tilicheev,V",0.340806394381501
1121,"Stolwijk,Colin",0.340272571661786
1122,"Miesbauer,Jan",0.340141260036814
1123,"Zhao,Erick",0.340043816850861
1124,"Dzhumaev,M",0.339849703472967
1125,"Kovalev,An",0.339058139179399
1126,"Munoz,Francisco Javier",0.339009516061059
1127,"Mons,L",0.338943191041315
1128,"Haring,Filip",0.338874710318705
1129,"Kulikov,M",0.338458997602168
1130,"Diaz Herrero,A",0.338044215346364
1131,"Salna,Aleksandras",0.33794146309919
1132,"Goudriaan,E",0.337269527386305
1133,"Akhilbay,Imangali",0.336967585898671
1134,"Perez Marimon,Jorge De Jesus",0.336874775968386
1135,"Galopoulos,N",0.336630955344016
1136,"Kantans,T",0.336240599165908
1137,"Van der Werf,Joel",0.336054153321376
1138,"Kaplan,Avi Harrison",0.335735043862218
1139,"Mikhaletz,L",0.335706142162373
1140,"Di Berardino,D",0.335666112288848
1141,"Roberson,P",0.335633864817727
1142,"Arnold,Rhys",0.335306899547098
1143,"Kepeschuk,M",0.335249888141956
1144,"Aczel,G",0.334924177382612
1145,"Leiva,G",0.33491299596819
1146,"Van Foreest,Machteld",0.334751328946798
1147,"Gormally,D",0.334654959065761
1148,"Winterberg,L",0.334284793215896
1149,"Conrad,V",0.33389136325102
1150,"Liascovich,L",0.333477487720093
1151,"Kaustuv,K",0.333279464149795
1152,"Sakun,V",0.333067087220469
1153,"Burke,John M",0.332970652067265
1154,"Cichon,Bartlomiej",0.332934964871707
1155,"Vaibhav,Kalpaka",0.33292011390465
1156,"Fruchard,Cyrille",0.332735621017513
1157,"Dann,M",0.332575068383236
1158,"Lindberg,Be",0.332460357812341
1159,"Wang,Isaac",0.331937347641041
1160,"Vasynda,Oleksandr",0.331816849045933
1161,"Kotronias,V",0.331754786816634
1162,"Manon,Reja Neer",0.331669078150072
1163,"Krasenkow,M",0.331566423310891
1164,"Pour Agha Bala,Amirreza",0.33137146813658
1165,"Cech,P",0.331316603984712
1166,"Thomas,Jeremy",0.330655511943885
1167,"Tashkinova,Sofiia",0.330600428058801
1168,"Saric,A",0.330328955531276
1169,"Gurvich,Vitaly",0.330174257818112
1170,"Van der Wiel,J",0.330048157024992
1171,"Barsegyan,H",0.32999739118486
1172,"Hossain,Enam",0.329832042380574
1173,"Schwabeneder,Florian",0.329771088682208
1174,"Malek,Jan",0.329640847476242
1175,"Ruzhansky,Elias",0.32963227258045
1176,"Talukdar,Rohan",0.329607480841682
1177,"Lipecki,A",0.329431505633431
1178,"Krivonosov,O",0.328849892226956
1179,"Horvath,Ad1",0.32875471870286
1180,"Chernov,Va",0.328222190237655
1181,"Jud,M",0.328211095365435
1182,"Volkov,Sergey1",0.328111693574815
1183,"Khamatgaleev,A",0.327869988134407
1184,"Plotkin,Mark",0.327533581467319
1185,"Saydaliev,Akobirkhon",0.327402143117609
1186,"Fawzy,Adham",0.327052427516005
1187,"Plischki,S",0.32703239685831
1188,"Lavrencic,Matic",0.326413746454781
1189,"Srinath,R",0.326325289656572
1190,"Jin,Yueheng",0.326280730974844
1191,"Sevdimaliev,U",0.326219075142341
1192,"Bruzon Batista,L",0.326034110764995
1193,"Stojanovic,Mih",0.325911545683008
1194,"Herbrig,Alexander",0.325854349173582
1195,"Nurgaliyeva,Zarina",0.325586007196513
1196,"Oleksiyenko,Mykhaylo",0.32558539744258
1197,"Quizon,Daniel",0.325569825068402
1198,"Villca,Julian",0.325076433505425
1199,"Alonso Garcia,Aaron",0.324971819042762
1200,"Wang,Yiye",0.324916425049327
1201,"Tejedor Fuente,Enrique",0.324684410497076
1202,"Ovsejevitsch,S",0.324678777575034
1203,"Ju,Wenjun",0.324571750519668
1204,"Kunka,Harshid",0.324310743967504
1205,"Jarmula,L",0.324203729761007
1206,"Hebden,M",0.324131930334539
1207,"Chen,Zimu(JS)",0.324129914513711
1208,"Magkalakis,Stefanos",0.324115288791269
1209,"Van den Doel,E",0.32391463918112
1210,"Xie Jianjun",0.323818429480248
1211,"Menzi,Jonas",0.323639667275573
1212,"Krysztofiak,M",0.323631276164648
1213,"Zareba,Piotr",0.323375252156183
1214,"Dong Bao Nghia",0.323119454414446
1215,"Harvey,Marcus R",0.323071716322516
1216,"Volovich,Vasily",0.323009875636402
1217,"Mungunzul,Bat-Erdene",0.323000653782571
1218,"Li,Eric 2007",0.322931606437851
1219,"Grabarczyk,M",0.322777524256808
1220,"Anuj,Shrivatri",0.322664078215012
1221,"Porth,H",0.32257243416734
1222,"Tejaswini G",0.322465980404628
1223,"Slagboom,Leandro",0.3224621504174
1224,"Baselmans,Luuk",0.32197845415161
1225,"Balogh,C",0.321839052932976
1226,"Omelja,A",0.321808756843497
1227,"Rodriguez Hernandez,L",0.321767433916955
1228,"De Rover,YH",0.32160660158303
1229,"Gaponenko,I",0.321097515952031
1230,"Kornev,Alexei",0.3210530074389
1231,"Budhidharma,Nayaka",0.321043436554773
1232,"Ben Artzi,I",0.320892048499316
1233,"Kishiev,Famil",0.320746425143343
1234,"Vera Siguenas,D",0.32068614577396
1235,"Li,Wenxiang",0.32044568914898
1236,"Moranda,W",0.32044498136103
1237,"Zeneli,Klendi",0.320410623543568
1238,"Cordoba Roa,Angel Gabriel",0.320193343058763
1239,"Mikhalevski,V",0.320054092284539
1240,"Hertlein,Irena",0.320022602772462
1241,"Macieja,B",0.319269281483526
1242,"Daulyte-Cornette,Deimante",0.318805821149578
1243,"Rojas Alarcon,J",0.318745016804623
1244,"The World",0.318707256801824
1245,"Halkias,S",0.318515944937562
1246,"Lu,Miaoyi",0.318453627315762
1247,"Skatchkov,P",0.31791429069667
1248,"Injac,Teodora",0.317649098933593
1249,"Geivondian,Arman",0.317624546182436
1250,"Karthik,Advaith",0.317535605062872
1251,"Chen,Qi b",0.317330606335635
1252,"Burmakin,V",0.317097282557403
1253,"Caceres Benitez,Arturo Eduardo",0.316511228908175
1254,"Gorovets,A",0.316475805796511
1255,"Schitco,Ivan",0.316364354878787
1256,"Moen,OC",0.316346200955256
1257,"Aliakbarov,A",0.315871132658429
1258,"Egresi,M",0.315608690652037
1259,"Tarasenko,Nazar",0.315606072936436
1260,"Guven,Oguz Kagan",0.315546530641544
1261,"York-Weaving,Richard",0.315469010631969
1262,"Lagno,Kateryna",0.315393047814479
1263,"Kuanyshuly,Nurgisa",0.314949947609173
1264,"Morante Rafael,Aritz",0.314717347417219
1265,"Andriasian,Z",0.314173691908697
1266,"Liyanage,Ranindu Dilshan",0.314080843945539
1267,"Lou Yiping",0.313928116043294
1268,"Clemente Llamero,R",0.313814759436288
1269,"Ughuzov,Ravan",0.313800061685009
1270,"Tikzhanov,Y",0.313681743101333
1271,"Gschnitzer,Adrian",0.313651363396143
1272,"Janzelj,T",0.313505179763153
1273,"Alshameary Puente,I",0.313434534515028
1274,"Bakalchuk,Johnatan",0.31335831291215
1275,"Fava,Lorenzo",0.312734604525112
1276,"Steiner,B",0.312158594130823
1277,"Istratescu,A",0.311712262682447
1278,"Tudor,Henry Edward",0.311527185943828
1279,"Rakitzis,Alexanter Emmanouel",0.311070820545216
1280,"Smeets,J",0.31099741415739
1281,"Grabowski,Pa",0.310961048115505
1282,"Tsolakidou,Stavroula",0.310930615929101
1283,"Pantzar,Milton",0.310714651043872
1284,"Islam,Kh",0.310649790845253
1285,"Gan-Erdene,Sugar",0.310611881128941
1286,"Ulziikhishig Khishigbat",0.31058862182825
1287,"Bynum,Jacorey",0.310161455582467
1288,"Cederstam,Carl",0.31010842317904
1289,"Savic,Miod1",0.310083337273921
1290,"Elgersma,Onno",0.309928892197852
1291,"Wang,Shixu B",0.309831853454044
1292,"Perez Gormaz,M",0.309558716100814
1293,"Pacher,M",0.309145304298242
1294,"Bekker,Stefan",0.308999584794833
1295,"Carlsson,Ludvig",0.308966766673664
1296,"Kazarjan,Gachatur",0.308885793573472
1297,"Kekelidze,M",0.308800602398772
1298,"Charlier,Antoine",0.308540599178695
1299,"Chinguun,Sumiya",0.308395868163021
1300,"Ladron de Guevara Pinto,P",0.308309121307045
1301,"Piesik,P",0.307976361450972
1302,"Papadopoulos,Panay",0.307926202712733
1303,"Lobkin,Bohdan",0.307836262443316
1304,"Kozlov,O",0.307785687580162
1305,"Stoleriu,George",0.307390670952869
1306,"Srija,S",0.307072697108578
1307,"Hansen,TR",0.30692074752625
1308,"Blackford,Ross",0.306920128740501
1309,"Omorjan,Dejan",0.306639775736345
1310,"Galaviz Medina,Sion Radamantys",0.306540458155509
1311,"Deboushnik De",0.3065039262922
1312,"Skliarov,V",0.306317630865537
1313,"Akhmedinov,Satbek",0.306303089705582
1314,"Rostomyan,Mikayel",0.306249665018333
1315,"Ambartsumian,Tyhran",0.306073219626933
1316,"Blagojevic,Dr",0.305941444049934
1317,"Ambartsumova,K",0.30583631691188
1318,"Fernandez,Li",0.305699145976901
1319,"Ratajczak,Hubert",0.305497348408258
1320,"Tirpan,Ceren",0.305368746872024
1321,"Degraeve,JM",0.305320139891651
1322,"Abrahamyan,T",0.305207771205087
1323,"Sriniaiyer,Sudarshan",0.305120196522437
1324,"Tanriverdi,Enes",0.305057163714702
1325,"Grigorov,G",0.304777441297469
1326,"Costachi,M",0.304736532143238
1327,"Rioseco Pinochet,F",0.304734607577055
1328,"Jenni,F",0.304621290840822
1329,"Spasov,V",0.304590543506645
1330,"Radisavljevic,Dalibor",0.304487033479952
1331,"Arakelyan,Manvel",0.304480257626421
1332,"Ehlvest,J",0.304267507896749
1333,"Shahar,Uzair",0.30423512545488
1334,"Soriano Quispe,Ivan Excender",0.304169053878991
1335,"Bus,Konrad",0.303802647006281
1336,"Harshit,Ranjan Sahu",0.303662673272584
1337,"Salonen,Aku",0.303429783284894
1338,"Shevtsov,N",0.303360182550793
1339,"Sosa,T ARG",0.303342835318855
1340,"Gokerkan,Cem Kaan",0.303182129203402
1341,"Morell,Edvin",0.303158822838622
1342,"Hernandez Gil,Ineymig",0.303093038002571
1343,"Pittelkow,Andreas",0.30296991866803
1344,"Sriram Adarsh Uppala",0.302897968573283
1345,"Javakhadze,Z",0.302844900604064
1346,"Mamedjarova,T",0.302624729929746
1347,"Williams,Si1",0.302606780932541
1348,"Yurovskykh,Oleksandr",0.302471377773067
1349,"Narciso Dublan,M",0.302342714258062
1350,"Shabalov,A",0.302219457296933
1351,"Ahaz E U",0.302190358035775
1352,"Firat,B",0.302076561468281
1353,"Terler,Bohdan",0.302073108790821
1354,"Hakimifard,G",0.302064418893961
1355,"Delgerdalai,Bayarjavkhlan",0.301886886137902
1356,"Narva,M",0.301562145570502
1357,"Nikcevic,N",0.300981616303221
1358,"Annaberdiyev,B",0.300803906880854
1359,"Teterev,V",0.300795825377334
1360,"Mostbauer,Maximilian",0.300763516505806
1361,"Farokhi,Keyvan",0.30038469924919
1362,"Martinez Duany,L",0.300368710105153
1363,"Fercec,N",0.300241245711016
1364,"George,Kevin",0.300091620679292
1365,"Klymchuk,Andriy",0.300080893894812
1366,"Janaszak,Daw",0.299866795585047
1367,"El Khoury,Brayan",0.299826612232862
1368,"Advik Amit Agrawal",0.299669265062214
1369,"Maerevoet,Sim",0.29960697107586
1370,"Chatalbashev,B",0.299530020456986
1371,"Yan,Tianqi",0.298827835957531
1372,"Gkavardinas,Antonios",0.298793200392115
1373,"Stanojoski,Z",0.298550611783823
1374,"Adnani,M",0.298111343403158
1375,"Ratkovic,Miloj",0.298051116837528
1376,"Draskovic,L",0.298027123881561
1377,"Smolik,Jachym",0.297906366244188
1378,"Rajaram,Rohan",0.297794982885755
1379,"Stepinski,Piotr",0.29768905889187
1380,"Lin,Bryan Enming",0.297227012188389
1381,"Gdanski,J",0.295957833475914
1382,"Terbe,J",0.295900164449815
1383,"Milanovic,Da",0.295851976425732
1384,"Kislinsky,A",0.295792251785145
1385,"Iudina,Veronika",0.295709673617534
1386,"Volodin,Alek",0.295680395745157
1387,"Shoker,S",0.295447365222712
1388,"Abasov,N",0.295116663443901
1389,"Lashkin,Jegor",0.295099562017257
1390,"Poltorak,Sebastian",0.294885836108221
1391,"Muzychuk,M",0.294830445442038
1392,"Ayush,Sharma",0.294771330031762
1393,"Baratosi,D",0.294655435896971
1394,"Antoniewski,R",0.294610500239699
1395,"Dziththauly Ramadhan",0.294259551431839
1396,"Chen,Ryo",0.294240109645281
1397,"Mikheeva,Galina",0.294151768321846
1398,"Babujian,L",0.293381988264882
1399,"Stake Larsen,G",0.293278115213836
1400,"Getman,Tatyana",0.293196221362913
1401,"Mayta Aiza,Maveric",0.293036278641019
1402,"Ioannidis,Ev",0.292931659773609
1403,"Bacak,Muhammed Kaan",0.292879794259547
1404,"Krishna,CRG",0.292597831393325
1405,"Kotyk,Michael",0.29258347243044
1406,"Waldhausen Gordon,Frederick",0.292269013166838
1407,"Lyakh,Vasiliy",0.292225743444526
1408,"Yousry,S",0.292214643897326
1409,"Jiang,Qinyu",0.291947285679626
1410,"Savitha,Shri B",0.291858708021516
1411,"Adury,Anant",0.291531693962584
1412,"Ahmed,Ahmed Alaa",0.291147527761303
1413,"Borsuk,A",0.29113577550034
1414,"Stein,Robert",0.29093096962648
1415,"Hristodoulou,P",0.290450369668507
1416,"Zhao,Chenxi",0.290288733644494
1417,"Mhango,Banele",0.290257643155221
1418,"Kokarev,Dm",0.290235572801326
1419,"Munguntuul,B",0.290060730611514
1420,"Vestby-Ellingsen,Mads",0.290046599758083
1421,"Sourath,Biswas",0.29000928745654
1422,"Akhmetov,Ay",0.289996862047005
1423,"Hess,Max",0.289810547016907
1424,"Brzezina,Piotr",0.28980324669539
1425,"Moosavifar,Seyed Abolfazl",0.289697889342494
1426,"Jampen,Florian",0.289645473677834
1427,"Stubbs,Oliver",0.289582971616346
1428,"Hoellrigl,W",0.289515920911351
1429,"Sanduleac,V",0.289130439984823
1430,"Dixit,Nikhil",0.288940179082539
1431,"Tetepoulidis,Ioannis",0.288883765101307
1432,"Potapova,Margarita",0.288882204782341
1433,"Lumachi,Gabriele",0.288489351441721
1434,"Lai,Hing Ting",0.288390726857806
1435,"Shturman,Arseniy",0.288099091268589
1436,"Prado Lobo,Jonas",0.288079113891523
1437,"Haast,A",0.287932318923888
1438,"Dilanian,G",0.28778648613211
1439,"Pajkovic,V",0.287763364247055
1440,"Carroll,Peter",0.287569835238699
1441,"Karimov,Alisher",0.287560072815037
1442,"Soltanici,R",0.287267348176112
1443,"Grachev,Alexey",0.286996269274151
1444,"Rodgers,Jack",0.286968451978582
1445,"Haussernot,C",0.286813606359002
1446,"Gyurjinyan,Valter",0.286656356554455
1447,"Ivanov,MM",0.286446824449573
1448,"Adharsh K",0.286338116601331
1449,"Abdulov,Or",0.286190580716495
1450,"Puzyrevsky,Semyon",0.286107035970561
1451,"Mohamed,Anees M",0.2858889415579
1452,"Sambuev,B",0.285873577784475
1453,"Lyu,Taifeng (Matt)",0.285816522351061
1454,"Do Valle Cardoso,Lucas",0.285679628656713
1455,"Barbazan Bilbao,Xabier",0.285644003027548
1456,"Toumpakaris,Grigorios Emmanouil",0.285287851641738
1457,"Griffith,Kyron",0.285229373151442
1458,"Brkic,A",0.285170990773086
1459,"Diaz Rosas,J",0.285136584039588
1460,"Valenzuela Gomez,F",0.28494877615532
1461,"Alcala Gonzalez,Cesar",0.284727104265056
1462,"Kalogridis,Antonios",0.284596544505405
1463,"Pingin,Artem",0.284583142501018
1464,"Pasztor,Balazs",0.284570964939891
1465,"Bangerter,Ena",0.284377865196749
1466,"Bragina,Anna",0.284360942669906
1467,"Koksal,E",0.284125106697728
1468,"Zhao,Yuanhe",0.284006475850479
1469,"Yeremyan,Alen",0.283830767259524
1470,"Tratar,M",0.283710323155401
1471,"Blomqvist,E",0.283654097999375
1472,"Heinrich,Sebastian",0.283614988310217
1473,"Vivaan Vishal Shah",0.283578953257717
1474,"Sharma,Di",0.283568352116104
1475,"Sakaev,K",0.28355442936857
1476,"Fomkin,Dmitry",0.283095271256658
1477,"Sucharski,Jakub",0.283029907437065
1478,"Tzempelikou,Agapi",0.282916383844948
1479,"Koziorowicz,Michal",0.282817452513214
1480,"Richterova,Natasa",0.282642291079972
1481,"Haydon,D",0.282638895472705
1482,"Dgebuadze,A",0.282588366327447
1483,"Borosova,Zuzana",0.282528393980844
1484,"Caparino,Diego Abraham",0.282442840249015
1485,"Yildiz,Serdar Murat",0.282436852181975
1486,"Dornbusch,Tatiana",0.282245373924772
1487,"Gomez Barrera,Javiera Belen",0.282198198056253
1488,"Van Ravensteijn,Antal",0.282088997135749
1489,"Crawford,Owen",0.281827286522797
1490,"Elmi,Saad Abobaker",0.281782291850221
1491,"Kaliakhmet,Elnaz",0.281753319730368
1492,"Assaubayeva,Bibisara",0.281744589892552
1493,"Landaw,J",0.281696260423693
1494,"Galyas,M",0.281633316408177
1495,"Rakhmangulova,A",0.281436219926907
1496,"Hua,L",0.281349948911388
1497,"Kueppers,Timo",0.281260021235912
1498,"Lamard,G",0.281259196202399
1499,"Krastev,Alexander",0.280696792215533
1500,"Domalchuk-Jonasson,Aleksandr",0.280573133452029
1501,"Ismagambetov,An",0.280469809074017
1502,"Mostertman,M",0.280396927351916
1503,"Banerjee,Supratit",0.280342760523626
1504,"Lohia,Sohum",0.280201750527629
1505,"Talibov,Shiroghlan",0.280170886168082
1506,"Nikologorskiy,K",0.279902179879574
1507,"Boyer Censore,Giuseppe Enmanuel",0.279599129367332
1508,"Saunders,Aron",0.279567342899583
1509,"Chan,Kim Yew",0.279352582281318
1510,"Bhagat Kush",0.279178215555825
1511,"Javakhishvili,L",0.279011203684515
1512,"Volani,Olga",0.27896458669391
1513,"Gubatayev,Ahmet",0.278783014664336
1514,"Bergaretxe Gavalda,Unai",0.278731407873679
1515,"Daaevik Wadhawan",0.278569161931938
1516,"Andersson,U",0.278524225651761
1517,"Pogonina,N",0.278342307978076
1518,"Van Vliet,J",0.278228248042525
1519,"Tadic,Stefan",0.278223439141718
1520,"Garcia Ramos,Daniel",0.278094437822705
1521,"Thimmasamudram,Sandeep",0.277861253445003
1522,"Levitskiy,Andrey",0.277831476953928
1523,"Pham Le Thao Nguyen",0.277744513052658
1524,"Remizov,Yaroslav",0.277738777896136
1525,"Mitev,Valentin",0.277680614324124
1526,"Semling,Julius",0.277612124693514
1527,"Lenderman,A",0.277414067955122
1528,"Atoyan,Alberto",0.277351621509276
1529,"Bukal,V jr",0.276918236536292
1530,"Jellema,Pieter",0.276819254426752
1531,"Ghoreishi Amiri,Seyed Kian",0.276775518980756
1532,"Umetsubo,C",0.276605936201886
1533,"Sodbilegt,Naranbold",0.276231555611608
1534,"Holinka,Henning",0.276184153029103
1535,"Smirin,I",0.27603407441631
1536,"Golis,Wiktor",0.276020733937942
1537,"Daghli,Arash",0.275914754809806
1538,"Baumegger,S",0.27579666860583
1539,"Petrovskiy,Vadym",0.275762434361137
1540,"Ozsakallioglu,Okan",0.275675929146983
1541,"Arca,Christian Gian Karlo",0.275670900161103
1542,"Andronescu,M",0.275659000094732
1543,"Assaad,Joe",0.275453169601548
1544,"Waddington,M",0.27537991032206
1545,"Defromont,Benjamin",0.275361916864596
1546,"Kassios,Dimitrios",0.275286954521461
1547,"Naoum,S",0.275153276919906
1548,"Kiolbasa,Oliwia",0.275111761757846
1549,"Atlas,V",0.275104033897349
1550,"Manish Anto,Cristiano F",0.274554529790677
1551,"Iordachescu,V",0.274531743060264
1552,"Tomiello,Lucas Costamilan",0.274099066902736
1553,"Taylor,Adam A",0.273990666670542
1554,"Grot,Blazej",0.273954596505247
1555,"Efroimski,M",0.273920474718098
1556,"Gunina,V",0.273905595938761
1557,"Ernst,Robert",0.273722955597692
1558,"Sherman,Raem",0.273517833496515
1559,"Yeshas H",0.273495891239259
1560,"Unuk,Laura",0.273435585007945
1561,"Moen,A",0.273255349220609
1562,"Baum,Jonasz",0.27312637247207
1563,"Voit,Daria",0.273056236140493
1564,"Martin,Dennis",0.273040588431609
1565,"Barbosa,O PHI",0.272944471489808
1566,"Karas,Marek",0.272886699940057
1567,"Stany,G",0.272868933949989
1568,"Aadik Theophane Lenin",0.272838390729565
1569,"Vasquez Vargas,Henry Richard",0.272687885504885
1570,"Honey,Luke Anthony",0.272601242273639
1571,"Yurtseven,M",0.272522690452584
1572,"Kleimenov,Nikolay",0.272479842161912
1573,"Foerster,Erik",0.27243854697453
1574,"Alejandre Plasencia,R",0.272432379372832
1575,"Ortiz Verdezoto,Anahi",0.272406075238325
1576,"Koop,Alison Emily",0.27225463881203
1577,"Nestorovic,De",0.272156736642048
1578,"Uraev,I",0.272142784892975
1579,"Vagner,T",0.272017113216972
1580,"Tsaknakis,Zisis",0.272012360625334
1581,"Arnav,Maheshwari",0.271782044186798
1582,"Milov,V",0.271693943915717
1583,"Merry,Alan B",0.27164651824882
1584,"Pilley,Jack",0.271579807610952
1585,"Rosa,Antoni",0.271338837448827
1586,"Cabarkapa,N",0.271262672470884
1587,"Mrozowski,Patryk",0.271132258998349
1588,"Ellinger,Maximilian",0.270949757920648
1589,"Peralta,Fe",0.27083076394112
1590,"Movsziszian,K",0.270574413055496
1591,"Lindh,F",0.270559718978763
1592,"Skytte,R",0.270370371808096
1593,"Zheenbekov,N",0.269975353206039
1594,"Zhu,Chenwu",0.269975148693546
1595,"Vedmediuc,Artiom",0.269682068532684
1596,"Kolay,Alex",0.269220646824968
1597,"Manukyan,Artyom",0.269212424159662
1598,"Pauly,C",0.268925383352673
1599,"Berro,Mahdi",0.268793885726647
1600,"Riemersma,L",0.268700421869193
1601,"Goltseva,Ekaterina",0.268470183250356
1602,"Myrmus,Mateusz",0.268368928686748
1603,"Velten,P",0.268109621602422
1604,"Deglmann,L",0.267917451579306
1605,"Costello,Alexander",0.267622424570425
1606,"Tovmasian,V",0.267449373900084
1607,"Paehtz,E",0.267448640058895
1608,"Manakova,M",0.267350274950061
1609,"Belkhodja,S",0.267317867229589
1610,"Gonzalez Garcia,J2",0.267315436115132
1611,"Ali,Se",0.267146591187643
1612,"Alvarez Albiol,Victor",0.267060392391903
1613,"Banikas,H",0.266969601606504
1614,"Garcia,Gabriel Gonzaga",0.266907411132543
1615,"Salunke Siddhant",0.26685919818101
1616,"Popov,Tikhon",0.266853274023978
1617,"Grooten,Tommy",0.266705181272128
1618,"Paltrinieri,N",0.266632806948426
1619,"Smeets,Kobe",0.266367017074587
1620,"Rosh,Jain",0.266051293400692
1621,"Argandona Riveiro,I",0.265944130762567
1622,"Chernyavsky,A",0.265670990172459
1623,"Barria,Jose",0.265642614252244
1624,"Vitier Vazquez,C",0.2654456159111
1625,"Lin,Yingrui",0.265395769461692
1626,"Ibrayev,N",0.265360901334003
1627,"Katz,Alexander",0.265308361357944
1628,"Jiang,Tianyu",0.26518672002668
1629,"Sadykov,Ra",0.264942610948149
1630,"Vignesh Advaith Vemula",0.264630167357283
1631,"Pidluznij,Gleb",0.264614509184923
1632,"Xie,Bryan",0.264375101364374
1633,"Dedebas,Emre Emin",0.26435313176784
1634,"Dimakiling,O",0.264350702398906
1635,"Can,E",0.26429105678485
1636,"Motylev,A",0.264288054822629
1637,"Avirat Chauhan",0.264239145824745
1638,"Hamdouchi,H",0.264188165807177
1639,"Alizadeh,Mohammad Mahdi",0.264067931809603
1640,"Nothnagel,Marian Can",0.263961571259351
1641,"Dauw,Sterre",0.263938689415149
1642,"Ibrahimova,S",0.263926543994312
1643,"Krstulovic,Alex",0.263916252469999
1644,"Kellner,Anton",0.263836923089712
1645,"Vilaseca,L",0.263814466419804
1646,"Xylogiannopoulos,A",0.263755799929674
1647,"Batashevs,Arsens",0.263680843474363
1648,"Smirnov,Alexandr",0.263674059305584
1649,"Dauren,Darmen",0.263669594590192
1650,"Deng,Henry",0.26362578836124
1651,"Platzgummer,F",0.263376218744983
1652,"Hellers,F",0.263278561226131
1653,"Zhauynbay,Alimzhan",0.263237939536122
1654,"Aansh Nandan Nerurkar",0.263203838064565
1655,"Kuznetsov,Mi1",0.263079201236075
1656,"Saraci,Korab",0.263043773126605
1657,"Shagbazyan,Tar",0.262964685722312
1658,"Szajbely,Z",0.262791775998063
1659,"Kosma,Maria",0.262740426105243
1660,"Torkkola,Henri",0.262708179599928
1661,"O'Gorman,Tom",0.26269479970233
1662,"Bodrogi,Bendeguz",0.262672640269384
1663,"Laredo,G",0.26244491933045
1664,"Cervello Tost,Ferran",0.262286824568439
1665,"Alvarez Serrano,C",0.262204614508548
1666,"Cernov,Henrik",0.262029619404504
1667,"Krawczyk,Flawian",0.262026840188232
1668,"Nedilko,V",0.261955296893309
1669,"Gruenfeld,Y",0.26184482672167
1670,"Malikentzos,S",0.261832105847291
1671,"Kiousi,Panagiota",0.261805209920761
1672,"Hasanov,Zaur",0.261775721263837
1673,"Bravo Mallco,Kate Azumi",0.26172542014609
1674,"Valiyev,Shahin",0.261695072565257
1675,"Konow,P",0.261684477186318
1676,"Deepak,Laksshana",0.261674483338974
1677,"Raja,H",0.26161994396907
1678,"Bick,Gabriel James Koop",0.261483890046042
1679,"Alexieva,Silvia",0.261421679176523
1680,"Landman,Renzo",0.261281430525429
1681,"Filip,L",0.261269256380351
1682,"Madularea,David",0.261126491668489
1683,"Perdomo,L",0.261026626764424
1684,"Kolytas,Spiridon",0.260978984191079
1685,"Mei,Austin",0.260885592535809
1686,"Negrean,Andrei",0.260672565478506
1687,"Sierra Vallina,Lionel",0.260558795221809
1688,"Ismagilov,Damir",0.260517260242683
1689,"Vovinkina,N",0.260487289404155
1690,"Tarigan,Gilbert Elroy",0.260395801775459
1691,"Wang,Yanbin",0.260356222867005
1692,"Savicevic,V",0.260282480045242
1693,"Van Delft,M",0.260264145038777
1694,"Wang,Justin",0.260262122145808
1695,"Tzagarakis,Panagiotis",0.260188801614896
1696,"Panda,Vedic",0.260149629801122
1697,"Nazari,Arad",0.260047580557482
1698,"Yohan Yadav Tarala",0.259861617150241
1699,"Naiditsch,A",0.25975097680512
1700,"Wen Yang",0.259695805525712
1701,"Zhapova,Yana",0.259421021576053
1702,"Racis,Michal",0.259344094823525
1703,"Bayramov,Elvin",0.259174263176478
1704,"Gong,Sunle",0.259156198243939
1705,"Talwalkar,Vedant",0.259118356429604
1706,"Eminov,O",0.259109911373237
1707,"Wen Gehua",0.259105934038848
1708,"Marx,Jakob",0.258987817932622
1709,"Orujov,Farid",0.258817030538228
1710,"Kovchan,A",0.258616219924691
1711,"Gozzoli,Y",0.258205504494278
1712,"Akl,Jad Eli",0.258204458496745
1713,"Fantinel,T",0.258166812924005
1714,"Flynn,Jacob",0.257994880961139
1715,"Erne,Raphael",0.257872479381567
1716,"Sevgi,V",0.257824536548945
1717,"Zlatkov,Anton",0.25765313599984
1718,"Muminova,N",0.257600844565408
1719,"Fromm,Marius",0.257388971804116
1720,"Bartel,Mat",0.257360196946656
1721,"Tregubov,P",0.257360150873926
1722,"Zhang,Michelle",0.257203994162286
1723,"Khusnutdinov,R",0.257099809897355
1724,"Ribeiro,Gustavo",0.256818739999611
1725,"Shahade,G",0.256775995862989
1726,"Komarov,Di",0.256732248022215
1727,"Perez Candelas,Andres Eloy",0.256709416278206
1728,"Skripchenko,A",0.256704727257328
1729,"Henke,Jaron",0.256408746405442
1730,"Hofmann,Hans",0.256408093388623
1731,"Vergara Jofre,Felipe",0.256321521703904
1732,"Kurmangaliyeva,Liya",0.256286625317616
1733,"Guichard,P",0.256254844554126
1734,"Valmana Canto,J",0.256181624677974
1735,"Guliev,Sarh",0.256088007274055
1736,"Kuru,Atilla",0.255969595000717
1737,"Timmermans,M",0.255897168252594
1738,"Rakotomaharo,Fy Antenaina",0.255840186159071
1739,"Lajbl,Jan",0.255838444072925
1740,"Slepchuk,Danylo",0.255734215957511
1741,"Lacan Rus,David",0.25571859352923
1742,"Glek,I",0.25566978487477
1743,"Barp,Alberto",0.255656540948302
1744,"Martin Fuentes,A",0.255579597331516
1745,"Yakimova,Mariya",0.25548958702268
1746,"Chiang,Jacob",0.255392572633731
1747,"Quiring,Nikolai",0.255391370754742
1748,"Bassini,Emile",0.255235979184152
1749,"Faryma,Matviy",0.254981436847999
1750,"Tkhoruk,Roman",0.254930738838416
1751,"Tologontegin,S",0.254844602005943
1752,"Pena Duran,Dilson Alejandro",0.254769419491699
1753,"Aditya,Varun Gampa",0.254742252656612
1754,"Heins,Simon",0.254721321471339
1755,"Borisek,J",0.25466492386806
1756,"Boiarintsev,Vitaly",0.254566566046068
1757,"Ostanin,V",0.254518034326687
1758,"Lutterbach,Jakob",0.254488574122945
1759,"Medghoul,S",0.254487381253679
1760,"Mathieu,Phileas",0.25446052711935
1761,"Van der Lende,I",0.254394446922393
1762,"Fragkos,Vasileios",0.254329205834535
1763,"Maatman,Nick",0.254289216116867
1764,"Medina,V",0.254287937124824
1765,"Shonazarov,Orash",0.254255531099434
1766,"Otero Acosta,D",0.254067311388759
1767,"Laddha,Shubh Jayesh",0.253760433928251
1768,"Stathatos,Alexandros",0.2536959149808
1769,"Grapsa,G",0.253494131050229
1770,"Kovacevic,Bl",0.253386419000903
1771,"Konjicanin,M",0.253073360201293
1772,"Kuznecova,Marija",0.252925267428657
1773,"Sahakyan,Aleks",0.252653012443193
1774,"Stefanou,Konstantinos",0.252540964131466
1775,"Seres,L",0.252391694908278
1776,"Abdukhakimov,Akbarali",0.252298236770605
1777,"Khazhatuly,Alikhan",0.252245716504451
1778,"White,S",0.252240280726805
1779,"Emms,J",0.252046157726529
1780,"Corbu,George-Alexandru",0.252041682498627
1781,"Navoyan,Gagik",0.252026356925963
1782,"Kovalevskaya,E",0.251849122777105
1783,"Girya,O",0.251710355437108
1784,"Nurdinov,Iliya",0.251642403530271
1785,"Anetov,Amirzhan",0.251565854029421
1786,"Marszalek,Mac",0.251509962669285
1787,"Gastiaburo,H",0.251260391808061
1788,"Mullodzhanov,Nathaniel",0.251251308638493
1789,"Panelo,M",0.251234854155977
1790,"Raahul,V S",0.251097139184093
1791,"Chan Yi Ren,D",0.250906013306567
1792,"Tan,Ju2",0.250756407815117
1793,"Yurasov,Matfey",0.250746952806333
1794,"Tulchynskyi,Feliks",0.250702450636142
1795,"Vykouk,Jan",0.250701253431755
1796,"Ramien,David",0.250646041125898
1797,"Perez Rodriguez,Cesar Alejandro",0.250617641961473
1798,"Neugebauer,Martin",0.250515870969704
1799,"Stevanic,David",0.250462248288917
1800,"Luque Saiz,Andres",0.250422151601963
1801,"Xi,Qi",0.25029449468219
1802,"Suder,Jakub",0.250187969505658
1803,"Hort,M",0.250095337297951
1804,"Vagman,Roy",0.250091964940223
1805,"Yuan,Qingyu",0.249849619205337
1806,"Panjwani,R",0.24957710114322
1807,"Ragnarsson,Dagur",0.249562163927086
1808,"Velpula,Sarayu",0.24950864088383
1809,"Aaron,D",0.249403787789941
1810,"Lenaerts,L",0.249347916666929
1811,"Kuzmin,Roman",0.249309500894761
1812,"Garnier,R",0.248968211274235
1813,"Ozdemir,Serhan Berat",0.248855389272143
1814,"Davudov,Tunar",0.248779056644844
1815,"Xu,Ziyuan",0.248585601044696
1816,"Vega Gutierrez,S",0.24845284950204
1817,"Arabidze,M",0.248148442386693
1818,"Krishna Teja,N",0.24797931897993
1819,"Pajeken,Jakob Leon",0.247975845001241
1820,"Djurovic,Peko",0.247940695481779
1821,"Berezjuk,S",0.247926112984363
1822,"Maniati,Konstantina",0.247921693096918
1823,"Pang,Tao",0.247591531911172
1824,"Ozkan,Kaan",0.247464497107979
1825,"Theodoridis,Charalampos",0.247293408493538
1826,"Deak-Sala,Emilia",0.24702511154467
1827,"Olhovik,Andrei",0.247014013292084
1828,"Steinbauer,Sebastian",0.24698690729964
1829,"Staudner,O",0.246961652021315
1830,"Iermito,S",0.246950785078629
1831,"Kazakis,Mattheos Konstantinos",0.246889236693695
1832,"Muthaiah,AL",0.246798778143851
1833,"Del Rio de Angelis,S",0.246795531212636
1834,"Venkatesh,M",0.246473530384051
1835,"Scheglov,Gleb",0.246215718519181
1836,"Pieper,Dawid",0.246207193901419
1837,"Baruch,Amit",0.246186498483952
1838,"Filip,Andrei",0.24617142013832
1839,"Vaganian,R",0.245878666088594
1840,"Arpita,Mukherjee",0.245685005023362
1841,"Caprio,G",0.245666538843412
1842,"De Guzman,R",0.245479135373507
1843,"Klimakovs,S",0.245378883128519
1844,"Ermitsch,Magnus",0.245333127998139
1845,"Valdes Escobar,A",0.245325698897901
1846,"Ohanyan,Emin",0.245250988677134
1847,"Goluch,P",0.24515302236934
1848,"Varnam,L",0.245081829547108
1849,"Libiszewski,F",0.244786005667453
1850,"Ni,Shiqun",0.244635405859471
1851,"Sofronie,Vladimir",0.244478809734522
1852,"Bespalov,Elisei",0.244460675841399
1853,"Fandi,Mazen",0.244368172609053
1854,"Vairaj Sogerwal",0.244328528638096
1855,"Degraeve,Remy",0.244056438122435
1856,"Saniya Rafique Tadavi",0.244024687544953
1857,"Dominguez Exposito,Ibon",0.243921201952264
1858,"Beeke,B",0.243834105665917
1859,"Miljkovic,Mir1",0.243732980389209
1860,"Iljin,A",0.243722388499085
1861,"Ozbek,Ahmet Turan",0.243671805010752
1862,"Ghafourian,Amir Ali",0.243617062513436
1863,"Thanke,B",0.243470676357548
1864,"Soulier,Alfred",0.243449586379211
1865,"Golecki,Jan",0.243379765748781
1866,"Ollenberger,R",0.243376456159047
1867,"Park,Evan",0.243355419860175
1868,"Finokaliotis,G",0.243263429675635
1869,"Farid,F",0.243170472995345
1870,"Raghav V",0.243005349793194
1871,"Shkuratov,Vladimir",0.242967351598014
1872,"Kabanov,N",0.242936685226821
1873,"Bargsten,Justus",0.242907714942585
1874,"Baches Garcia,G",0.242792311340715
1875,"Souleidis,G",0.24270501684107
1876,"Karp,Ilya",0.24257611558512
1877,"Dudzinski,Pi",0.24247261304807
1878,"Gallegos,Ca",0.242333004851745
1879,"Kreken,Eivind Grunt",0.242264076806943
1880,"Al Tarbosh,W",0.241524422313604
1881,"Jackson,J",0.241501198390238
1882,"Willems,Niels",0.241451950973887
1883,"Eugene,Floryan",0.241304785163338
1884,"Belenkaya,D",0.241297090242124
1885,"Mimica,Matija",0.241263715748198
1886,"Labussiere,Victor",0.241249738866653
1887,"Tatarinov,Dmitry",0.241238705852595
1888,"Usov,Aleksandr E.",0.241179485706676
1889,"Pires,M",0.241006634260993
1890,"Antic,De",0.240894589993764
1891,"Kontogianni,Vasiliki (Vivian)",0.240598428868153
1892,"Zhukov,Ivan",0.24040969561006
1893,"Kalosha,Zhiulien Oleksii",0.240397296660793
1894,"Mainka,R",0.240382569103123
1895,"Bartos,J",0.240374487343495
1896,"Yurtoglu,Osman Talha",0.240358008550964
1897,"Atakishiyev,Elmar",0.240308327644991
1898,"Skatchkov,Valery",0.240268015634551
1899,"Degtiarev,E",0.240221463542504
1900,"Duboue,P",0.240197691308664
1901,"Lesniak,J",0.240159076950133
1902,"Besedes,Danilo",0.240116151356838
1903,"Zia,Tahsin Tajwar",0.240002341187005
1904,"Wagner,Dinara",0.239619347025707
1905,"Minko,Dmitry",0.239361401070568
1906,"Marrero Castellanos,Roisbel",0.239268100493624
1907,"Cori Quispe,Kevin Joel",0.239266281616953
1908,"Prabhu,Naveen",0.238995113027885
1909,"Aveskulov,V",0.238853113352003
1910,"Golenia,Wojciech",0.238530589960827
1911,"Javornik,Nik",0.23847300839896
1912,"Sibashvili,G",0.238249034826228
1913,"Sidorenja,Radion",0.23821134578764
1914,"Kurt,Sascha",0.238173385708215
1915,"Flom,Gabriel",0.238057211623761
1916,"Popilski,G",0.238013857005956
1917,"Gong Qianyun",0.238004293489238
1918,"Ergazakis,Ioannis",0.237972094409083
1919,"Cummings,D",0.237584296333011
1920,"Lopez Rayo,Santiago",0.237497153236126
1921,"Tang,Terrence",0.237409908251919
1922,"Titus,Andrew",0.237406164448183
1923,"Zhong,Kangmin",0.237287837228928
1924,"De Waele,Warre",0.237200778355643
1925,"Gschiel,Alexander",0.237151820857324
1926,"Crespo,E",0.237086075819564
1927,"Nevednichy,V",0.237004785232062
1928,"Kamphuis,Jasper",0.236850825620243
1929,"Kalezic,B",0.236766590499375
1930,"Yadegar,Radin",0.236721088121109
1931,"Anetov,Aisultan",0.236443230847923
1932,"Berchtenbreiter,M",0.236421264522726
1933,"Kurmann,O",0.236411127749542
1934,"Nakonechnyi,Oleksii",0.236361460651198
1935,"Dela Torre,Marife",0.236281900306304
1936,"Ouellet,Maili-Jade",0.236271263104439
1937,"Hajduk,Tomasz",0.23612581772619
1938,"Masague Artero,Guerau",0.236113070655517
1939,"Jetzl,Julian",0.236102490990722
1940,"Sanikidze,T",0.235942632751935
1941,"Sonhy,Jaime",0.235804038010982
1942,"Dunnington,A",0.235690847516116
1943,"Wong,J",0.235349055653622
1944,"Velikanov,A",0.235336853637184
1945,"Federer,Colin",0.235277556853172
1946,"Spencer,E",0.235104313586806
1947,"Gogolev,A",0.234982099132085
1948,"Chiu,Isaac",0.234794003369432
1949,"Morris-Suzuki,Alan H",0.234538218058381
1950,"Miranda Mesa,E",0.23444733982098
1951,"Cvitan,O",0.234094137461589
1952,"Kraemer,Mart",0.23404226977482
1953,"Pelletier,Y",0.233901027924531
1954,"Claure Verastegui,Rene David",0.233798500221975
1955,"Barria Zuniga,D",0.233771904172877
1956,"Zambo,Z",0.233443223638955
1957,"Radovic,Luka",0.233375725689739
1958,"Nawalaniec,Adam",0.233333873701465
1959,"Syrov,Arkadi",0.233201717427871
1960,"Chaqryan,Erik",0.233183492269849
1961,"Kuybokarov,Temur",0.23310967373381
1962,"Stojanovic,Da",0.233051736384508
1963,"Gallo Garcia,Kemel Antonio",0.233031889663183
1964,"Bezemer,A",0.232956129352763
1965,"Atabayev,M",0.232821921899961
1966,"Jones,Steven A",0.232808643698311
1967,"Shomoev,A",0.232542188756402
1968,"Vuckovic,Zarko",0.232370798796327
1969,"Hryzlova,Sofiia",0.232328818745101
1970,"Danis,Hrisovalantis",0.232259751837749
1971,"Deviprasath,Sharvesh",0.2321946895885
1972,"Hujbert,F",0.232136726347989
1973,"Pavlov,Nikolay",0.232118123370341
1974,"Ahmed,SN",0.231942121769363
1975,"Rojas Salas,Steven",0.231796169065414
1976,"Mukhsinov,Mukhammad Yusuf",0.231731639532358
1977,"Grutter,Tim",0.231706762026958
1978,"Tokhirjonova,Gulrukhbegim",0.231658334043487
1979,"Kristoferitsch,Daniel",0.231628996161166
1980,"Drechsler,C",0.231592835939555
1981,"Stefansson,H",0.231420840367465
1982,"Kantorik,M",0.231410418830172
1983,"Vidal Melendez,Ismael David",0.231257051465432
1984,"Tao,Sihan",0.231206499047336
1985,"Tomaszewski,K",0.231190836929579
1986,"Seder,Mohammed",0.230884090868855
1987,"Lewtak,Da",0.230785602998934
1988,"Seitaj,I",0.230691019685889
1989,"Rodriguez,Er",0.230666980100174
1990,"Musaev,E",0.230581334836101
1991,"Palchuk,Andrii",0.230569312009545
1992,"Burovic,Rijad",0.230394687073953
1993,"Aggelis,N",0.230376125131279
1994,"Ramos Silvera,Roberto Alejandro",0.230092630551466
1995,"Kamer,Kayra",0.230065064574958
1996,"Kuzhylnyi,Oleksandr",0.2300635577118
1997,"Zdorov,Egor Vit",0.230017750029506
1998,"Diao,Matthew Guo",0.229959823675013
1999,"Protasov,Nikolay",0.229906963241562
2000,"Guerra Mendez,J",0.229816936741934
2001,"Svejda,Karel",0.2297960756715
2002,"Galego,L",0.229718583067188
2003,"Protas,Jakub",0.229633717055024
2004,"Fiore,M",0.229556921937321
2005,"Teigset,Markus",0.229508367728359
2006,"Shyam,N",0.229432165453913
2007,"Espinosa Veloz,E",0.229386581365224
2008,"Tobak,Mikhail",0.229251143091918
2009,"Hungaski,R",0.229184786514439
2010,"Debevec,B",0.228739683433028
2011,"Heider,M",0.228627870450902
2012,"Cruz,Jon",0.228622017061775
2013,"Kshatriya,Nitin Vekhande",0.228591449264887
2014,"Darowicki,M",0.228509460073012
2015,"Mohammadi,Melika",0.228502179044267
2016,"Ignat,Matei-Marius",0.228413612693067
2017,"Linares Napoles,O",0.228344236094214
2018,"Ismail,Tamer",0.2283395308921
2019,"Zhuikov,Edgard",0.228148973309291
2020,"Peng,Hongchi",0.22805491689618
2021,"Nassr,Lina",0.227924986265632
2022,"Yu,Jason",0.227881743113885
2023,"Perea Fruet,Lorenzo",0.227603474700803
2024,"Urbani,Gabriel",0.227563546546823
2025,"Jaramillo Lopez,Ali Aaron",0.227525425066454
2026,"Tereshchenko,Eliza",0.227004450716216
2027,"Deshpande,Ani",0.227000523778491
2028,"Dolezal,C",0.226984974380145
2029,"Yu,Kaifeng",0.22675595099431
2030,"Carter,Emmanuel",0.22673356425862
2031,"Gara,T",0.226620311170569
2032,"Demirtas,Alper",0.226533203834425
2033,"Turski,Bartlomiej",0.226506368090611
2034,"Korley,K",0.22619674322791
2035,"Van Hesselingen,Guido",0.22612921271354
2036,"Kassis,A LIB",0.226081315005784
2037,"Sharapov,E",0.225995988348661
2038,"Craciun,Sasha-Matei",0.225981198659042
2039,"Fus,Jakub",0.225941853364145
2040,"Mac Farlane Patrick,Randy",0.225936887455266
2041,"Cayonlu,Arda",0.225768870129105
2042,"Nandhidhaa,P",0.225715711883528
2043,"Gunduz,Umut Erdem",0.225642395201644
2044,"Parvanyan,Ashot",0.225637982179106
2045,"Rychkov,O",0.225449277126877
2046,"Ansh,M Shah",0.225302441772556
2047,"Martinez Ramirez,L",0.225191083084583
2048,"Sadvakasov,D",0.22498222776299
2049,"Shubenkova,Veronika",0.224961561760599
2050,"Hernandez Santana,Andy Rody",0.224900964441117
2051,"Fejzullahu,A",0.224829854602135
2052,"Kozganbayev,E",0.224512185243647
2053,"Pietrzak,W",0.22447389501812
2054,"Cnejev,Vladimir-Alexandru",0.224467074682234
2055,"Potawad,Anirudhha",0.224389970303319
2056,"Bizhigitov,Zhangir",0.224336355273451
2057,"Sahidi,Samir",0.224244298983698
2058,"Uzcudun,Alfonso",0.224218426669902
2059,"Munz,J",0.224213300380197
2060,"Tan,Jun Ying",0.223972566918371
2061,"Sahiner,Firat",0.223945173122846
2062,"Kurdas,Halil Ibrahim",0.223915477134292
2063,"Pinero,C",0.223883379829229
2064,"Golizadeh,A",0.223854923413136
2065,"Djordjevic,Vu",0.223842890681376
2066,"Das,Aditeya",0.223583397108541
2067,"Holmsgaard,H",0.223554507939704
2068,"Thorfinnsson,Br",0.223390581085392
2069,"Brattgjerd,Isak Vinh",0.223269066751683
2070,"Neverov,V",0.223194443503943
2071,"Bicer,Atakan Mert",0.223170934722533
2072,"Shetty,Anshul",0.223074574856593
2073,"Sanz Wawer,Daniel",0.222783625671401
2074,"Grochal,J",0.222775668192284
2075,"Vujovic,Savo",0.222724500713448
2076,"Garner,Isaac",0.222718695778616
2077,"Dinesh,Rajan M",0.222361250172441
2078,"Otsuka,Shou",0.222314985085505
2079,"Haubro,M",0.222204114019622
2080,"Mehar,C",0.222048618809672
2081,"Agasarov,Benik",0.222014733969113
2082,"Jaeggi,D",0.221732374669908
2083,"Ploder,Udo",0.221688852957733
2084,"Sliwicka,Alicja",0.221685266516853
2085,"Lin Weiguo",0.221678692131233
2086,"Mirzoeva,E",0.221625431602054
2087,"Alvarado Diaz,A",0.221417898577243
2088,"Gubajdullin,A",0.221232882982448
2089,"Mayeregger,Arnold",0.221075945344026
2090,"Pereira,Rub",0.220855500384598
2091,"Palachev,P",0.220821852364227
2092,"Nytra,Ondrej",0.220804542852954
2093,"Neuschmied,S",0.220720116269791
2094,"Zhang Xiaowen",0.220631921953915
2095,"Pastar,S",0.220552162746816
2096,"Guzyo,Maksym",0.220378447576538
2097,"Keyser,Philipp",0.220225652683568
2098,"Brunello,S",0.219998733042033
2099,"Leitao,R",0.219991008896194
2100,"Van Roon,Sjoerd",0.219970492120128
2101,"Ahmed,Moustafa Elsayed",0.21985302747978
2102,"Vignesh,B",0.219771372833065
2103,"Doric,D",0.219655067946295
2104,"Zhang,Haoxuan",0.219647218044237
2105,"Tretiakov,A",0.219301358132963
2106,"Argiroudis,S",0.219295240948305
2107,"Cunha,Lucas Aguiar",0.219257101236436
2108,"Baturin-Vinogradov,Miroslav",0.219235335444643
2109,"Moeller,Maurin",0.219051010250982
2110,"Avdiu,Bardh",0.219032688002068
2111,"Priyanka,Nutakki",0.218854425397036
2112,"Helmer,Jan",0.218824114011355
2113,"Sek,K",0.218658190061426
2114,"Goldsworthy,P",0.218594451122089
2115,"Xie,Irene",0.218593110172234
2116,"Ince,Taylan Ruzgar",0.218547994318018
2117,"Mastoras,Ilias I.",0.218462935544008
2118,"Kienboeck,Benjamin",0.218460261219757
2119,"Hilby,Craig",0.21819513850582
2120,"Abdilkhair,Abilmansur",0.218166464884373
2121,"Rychagov,A",0.218156687721945
2122,"Nasibov,Rufat",0.218042088897831
2123,"Domingo Nunez,Alejandro",0.218005666638938
2124,"Nowak,Mikolaj",0.217806419686753
2125,"Davis,Cameron",0.217803795014867
2126,"Matsuura,E",0.21757660587501
2127,"Sukovic,Andrej",0.217337141279626
2128,"Malchereck,Zion",0.217163204937514
2129,"Kawulok,M",0.217147613322476
2130,"Safranek,William",0.217131274452303
2131,"Garrido Outon,Alex",0.217116148980412
2132,"Lebiedz,Oliver",0.217027126392963
2133,"Favaloro,Andrea",0.216948383825637
2134,"Bivol,A",0.216902382777308
2135,"Maltsevskaya,Aleksandra",0.216886495627579
2136,"Rodriques,E",0.216769312914042
2137,"Zeltsan,Joseph",0.216536229396342
2138,"Koulouris,Evangelos",0.216464351707057
2139,"Prestia,Paris",0.21627513107812
2140,"Soost,S",0.216173374208641
2141,"Demuth,A",0.215961727815503
2142,"Mis,Mieszko",0.215853571313543
2143,"Korneva,Marina",0.215802072155404
2144,"Eren,Ataberk",0.215757294755988
2145,"Tran Tuan Minh",0.215749503226379
2146,"Paris,Adolfo",0.215738808103396
2147,"Novik,Ma",0.21570165277248
2148,"Hasan,S BAN",0.215437164847634
2149,"Manzone,A",0.215226434863921
2150,"Stremavicius,Pijus",0.214897991010524
2151,"Torma,R",0.214828103184306
2152,"Contreras Huaman,Fiorella",0.214820457659542
2153,"Guo,Ethan",0.2148058949536
2154,"Babiy,Olga",0.214801119288746
2155,"Vidyarthi,Vyom",0.21461870478557
2156,"Webb,Ri",0.214398920997414
2157,"Iljin,T",0.214199175866309
2158,"Moysich,Dirk",0.214152027701377
2159,"Hovakimyan,Vache",0.214104143725255
2160,"Chua,Ethan",0.214064043117444
2161,"Gonzalez Martinez,M",0.214021984235027
2162,"Todorovic,GM",0.213976255831112
2163,"Swinkels,R",0.213916156178078
2164,"Rorrer,Grayson",0.213877952407996
2165,"Golubka,P",0.21384445436324
2166,"Wafa,Shahenda",0.213121101673482
2167,"Wang,Qinxuanyi",0.212969705486807
2168,"Shoboev,Dandar",0.212823900807073
2169,"Adireddy,Arjun",0.212735093519304
2170,"Francisco Guecamburu,Candela Be",0.212538579681979
2171,"Gulamali,K",0.212413764176484
2172,"Travesset Sagre,Jan",0.211730244983518
2173,"Bilych,Oleksii",0.211724420671934
2174,"Bejashvili,Irma",0.21164864028621
2175,"Wu,Derek",0.211545309841527
2176,"Warchol,Kamil",0.21152799125103
2177,"Hoepfl,T",0.211399757977731
2178,"Ardu,Luigi",0.211359121204413
2179,"Rojo,Gonzalo",0.21120855871994
2180,"Hu,Yu A.",0.21102124066296
2181,"Dvoirys,S",0.210783836518729
2182,"Kraus,To",0.210751285282814
2183,"Joie,S",0.210735628958736
2184,"Cesar Maestre,Bernardo",0.210611057294787
2185,"Bai,Xue",0.210570340020546
2186,"Diaz Bombino,Esley",0.210378844074841
2187,"Sipos,I",0.210162012599638
2188,"Sinitsina,Anastassia",0.210096857645529
2189,"Alaa,Dema",0.210038991346805
2190,"Vergara Anton,Diego",0.209976443240961
2191,"Zufic,M",0.209855589460205
2192,"Sakline Mostafa,Sajid",0.20984181704283
2193,"Fernandes Barbosa,Gabriel",0.209790816242428
2194,"Rohrer,Christophe",0.209753456266193
2195,"Uruci,Endrit",0.209726186864208
2196,"Chakrabarty,Reyaansh",0.209702389060939
2197,"Swathi,G",0.209654708531218
2198,"Grant,J",0.209590828586487
2199,"Dzida,Kamil",0.209497035782639
2200,"Voloshin,L",0.209081302023758
2201,"Khusenkhojaev,Muhammad",0.209058220436628
2202,"Bozinakis,P",0.208990845666614
2203,"Fernandez Garcia,JoseM",0.20893852198914
2204,"Adhiraj Mitra",0.208909325967774
2205,"Garcia Lemos,Federico",0.208891198331142
2206,"Hertneck,G",0.208843351626705
2207,"Bournel,Antoine",0.208840405897506
2208,"Vantika,Agrawal",0.208829768243704
2209,"Palomo,Franklin Annervys",0.208626060885952
2210,"Stalmach,Richard",0.208598140169736
2211,"Rudolf,Mi",0.208548026429642
2212,"Sviridenko,Yaroslav",0.208104095966167
2213,"Zhukov,Anton",0.207836903149072
2214,"Sandberg,Lucas",0.207640062166113
2215,"Ribeiro,Matheus Mendes Domingues",0.207571835964304
2216,"Mohammad,Nubairshah Shaikh",0.207052722217224
2217,"Yang,Jingyun (ryan)",0.207039048090991
2218,"Nguyen,Ngoc Hien",0.206961352763621
2219,"Saravana,Kr",0.206954239949318
2220,"Tomczak,Mikolaj",0.206922762269674
2221,"Piccoli,Lucas Fonseca",0.206877894021225
2222,"Bogdanov,Artyom",0.206805264507196
2223,"Zarate,Cristian",0.206721462224571
2224,"Garrido,De",0.206633082511574
2225,"De Siqueira,Luigy Lira",0.206465489261864
2226,"Albert,Marco",0.206282676809872
2227,"Stelmaszyk,Nico",0.206168006376664
2228,"Rubes,J",0.206143199376048
2229,"Kshirsagar,Pranav",0.205860576981378
2230,"Zieba,Hubert",0.205770657438661
2231,"Samuel Stephen Noble S",0.20575146312657
2232,"Hakobyan,Eduard",0.205584025261394
2233,"Heimisson,Hilmir Freyr",0.205575248877316
2234,"Andersen,Mad",0.205455056777983
2235,"Mueller,Konstantin",0.205389336746644
2236,"Mesropov,K",0.205266453132241
2237,"Alekhya,Mukhopadhyay",0.205259690541459
2238,"Villarreal,Agustin",0.205206488456942
2239,"Vayanos,George Marwan",0.205098675835806
2240,"Tran,Dang Minh Quang",0.205097337794511
2241,"Karthik,Rajaa",0.205000407496788
2242,"Fitz,Jonathan David",0.204879161474705
2243,"Omonova,Umida",0.204792028034842
2244,"Mikavica,M",0.20462976048855
2245,"Denishev,M",0.204507097858948
2246,"Starostits,I",0.204486389238876
2247,"Haas,Anthony",0.204307309205448
2248,"Albers,Sasa",0.204261293546127
2249,"Cyborowski,L",0.204170683998675
2250,"Mohammad Fahad,Rahman",0.204164149216582
2251,"Mokshanov,A",0.203996019057701
2252,"Kazantzoglou,Stefanos",0.203856524051332
2253,"Koster,Chiel",0.203668599699521
2254,"Korneev,O",0.203620897207849
2255,"Cornette,M",0.203615499300119
2256,"Rohit,S",0.203475661810837
2257,"Kleschevnikov,Arseny",0.203339511283389
2258,"Solonkov,D",0.203231842041325
2259,"Parpiev,Isaak",0.203170787622401
2260,"Standowicz,Mateusz",0.202984612128757
2261,"Breder,D",0.202876508228397
2262,"Anciaux,Adrien",0.202815991518057
2263,"Baules,J",0.20276476094716
2264,"Juan Lepp,Jaime Boris",0.202617261803305
2265,"Kogan,Ar",0.202574889851765
2266,"Markelova,L",0.202411085276616
2267,"Jirasek,P",0.202379833723999
2268,"Balkishan,A",0.202117784983406
2269,"Ftacnik,L",0.202091453584789
2270,"Postnikov,Artem",0.202067711526842
2271,"Van Batenburg,Mees",0.202054615354954
2272,"Deichmann,Esteban Horacio",0.202032475636939
2273,"Dogan,Umut Anil",0.201971416029298
2274,"Jiang,Lucas",0.201895581329462
2275,"Avramidou,Anastasia",0.201872140923719
2276,"Huschens,Matthias",0.201842582227793
2277,"Pobor,Danilo",0.20177057653118
2278,"Mariano,Fabian Glen",0.201734769413738
2279,"Sriansh Das",0.201688136601062
2280,"Menna Barreto,F",0.201540974052386
2281,"Sprenar,Petr",0.20145149545713
2282,"Menadue,J",0.201397269286845
2283,"Motola,Jacopo",0.201367515804469
2284,"Papadopoulos,Ar",0.200880067483499
2285,"Pellikaan,Govert",0.200804171982517
2286,"Li Shilong",0.200693967053178
2287,"Nguyen Quang Anh",0.200413013907732
2288,"Serrano Batova,Vicent",0.200341972594251
2289,"Trifan,Andrei Ioan",0.200313350688543
2290,"Apoorv Kamble",0.199951460288058
2291,"Golubeva,Oksana",0.199947015731244
2292,"Zarnicki,P",0.199877569735864
2293,"Dionisi,T",0.199827720353275
2294,"Fecker,Noah",0.199767092567433
2295,"Simacek,P",0.199678606469129
2296,"Margaryan,Aren",0.199640405506547
2297,"Mirski,S",0.199026656894285
2298,"Papp,Levente",0.198960527979559
2299,"Jackson,Edward",0.198938122795673
2300,"Can,Isik",0.198814369756555
2301,"Hu,Yifei",0.198659866891836
2302,"Tasdogen,Dincer",0.19863067081949
2303,"Munoz Perez,R",0.198602674089506
2304,"Mueller,Andrin",0.198546072074602
2305,"Vasilkov,Nikolay",0.198545058722213
2306,"Barbu,Simon-Alexandru",0.198536865711783
2307,"Mahir Taneja",0.198364326373569
2308,"Nijesh R",0.198340953284494
2309,"Vasquez Toledo,Cristian",0.198243627786011
2310,"Dmitrenko,V",0.198059676636812
2311,"Feher,Ad",0.197982599616796
2312,"Maximov,D",0.197580027393656
2313,"Kojima,S",0.197430511073937
2314,"Zhang,Ziji",0.197403447635371
2315,"Otero Munelo,Harlen Jose",0.19738162747761
2316,"Kakavand,Ramtin",0.197367378961676
2317,"Yanev,Tihomir",0.197340081374343
2318,"Ghimpu,Samuel-Timotei",0.197293201962916
2319,"Orujov,Hazrat",0.197263121470236
2320,"Jaferian,K",0.197191724816874
2321,"Mummana Venkata Ruthvik",0.197163922918554
2322,"Poormosavi,Seyed Kian",0.197050546680687
2323,"Nanjo,R",0.196977578354832
2324,"Mantovani,R",0.196933998290005
2325,"Debray,C",0.196918771854351
2326,"Oksendal,Martin",0.196786635928789
2327,"El Zein,Zayne-Eddine",0.19634979542542
2328,"Dukic,Zachary",0.196303158933362
2329,"Bulgak,Damir",0.196114724036829
2330,"Kalogeris,I",0.19602136398935
2331,"Martinez Reyes,P",0.196021338422262
2332,"Han,Yichen",0.195810078347344
2333,"Ayats Llobera,Gerard",0.195802690092258
2334,"Ahmed,Sh",0.195672697209711
2335,"Kashlinskaya,A",0.195654663640628
2336,"Begmuratov,Alisher",0.195644827196349
2337,"Garcia,Erick",0.195510332754668
2338,"Winter,Sven",0.195452356765202
2339,"Raats,Joppe",0.195424792084446
2340,"Lymar,Vladislav",0.195367196273385
2341,"Andrejevs,A",0.195347446683748
2342,"Acosta,Franco Emanuel",0.195290480401038
2343,"Mourao,I",0.195262879855033
2344,"Zorko,Ju",0.195234072665405
2345,"Antoniou,Rafail",0.195175640797428
2346,"Levi,Shoval",0.195119706746876
2347,"Cappai,D",0.195087027989483
2348,"Stevik,Patrik Jun.",0.195067552334515
2349,"Djukic,Ni",0.195024867256437
2350,"Mikrut,D",0.194975985095803
2351,"Melian,Juan Sebastian",0.194868607458658
2352,"Schulz,Lukas",0.19483903069006
2353,"Lai,Duc Minh",0.194814366775106
2354,"Borges Mateos,J",0.194583505330894
2355,"Szotkowski,J",0.194559743496805
2356,"Wacker,P",0.194462695308341
2357,"Goumas,G",0.194374556980545
2358,"Gonzalez,Ren",0.194073195231216
2359,"Hoffmann,Hen",0.194053545021889
2360,"Paikens,Reinis",0.193959517112271
2361,"Ledger,A",0.193885121710853
2362,"Gunbayar,M",0.193770361978249
2363,"Baziuk,Vladyslav",0.193415865837097
2364,"Oliva,K",0.193397373800643
2365,"Orlov,G",0.193313650677226
2366,"Lee,Alice",0.193234929812995
2367,"Grooten,H",0.193183243254201
2368,"Gokhale,Rishabh Chandrashekhar",0.193054675344475
2369,"Skreko,Igor",0.193044508205449
2370,"Dahale,A",0.193033538770155
2371,"Palac,M",0.192812994641831
2372,"Gonzalez Hernandez,Derek Alejand",0.192592348271169
2373,"Kowalski,Igor",0.192587572931539
2374,"Schmid,Nicola",0.192587359990766
2375,"Kulkarni,Bhakti",0.192454424297057
2376,"Luch,M",0.19230658315212
2377,"Vlatkovic,Milos",0.19203648001501
2378,"Axarlian,C",0.191955262539163
2379,"Akshat Sureka",0.191891816084108
2380,"Mitkov,N1",0.191874916294439
2381,"Celik,Ali Alper",0.191687040605229
2382,"Nur-Mukhametova,Alisa",0.191641983742588
2383,"Eswaran,Ashritha",0.191572941787132
2384,"Jin,Ashton",0.19141992305372
2385,"Strzalkowski,Damian",0.191263840249986
2386,"Ashton,A",0.191249828742994
2387,"Wolanski,M",0.190993864088827
2388,"Janjic,Stefan",0.190880145153711
2389,"Levitan,Caleb Levi",0.190865418982959
2390,"Keleberda,Tymur",0.190849910702477
2391,"Lux,Hugo de Melo",0.190774528469912
2392,"Ratnesan,Ranesh",0.1907560820471
2393,"Liashkevich,Lizaveta",0.190600019212949
2394,"Kurbanbaev,Zalkar",0.190538493255423
2395,"Mueller,Kai",0.19052425749031
2396,"Ceyhan,Mert",0.190512440415284
2397,"Ruchat,Blaise",0.190506351682193
2398,"Gimenez Menchon,C",0.190451787215748
2399,"Xu Yuanyuan",0.190357644662813
2400,"Espinosa Aranda,A",0.190210464771463
2401,"Avsar,Gediz",0.19018452458653
2402,"Joseph Benher,Savio",0.190108680282654
2403,"Goutham Ramesh",0.190012066974082
2404,"Borkovec,M",0.189840570845007
2405,"Posthuma,Joshua",0.189656624017882
2406,"Schlosser,P",0.18955922459327
2407,"Huston,Gus",0.189478758185616
2408,"Oganian,M",0.189344819741214
2409,"Dong,Hongfu",0.189286672287092
2410,"Chen,KaiLin",0.189191014059665
2411,"Echavarri Arraras,Jon",0.1891676680223
2412,"Tran,Vo Quoc Bao",0.189026475871297
2413,"Torosyan,Volodya",0.189002382835234
2414,"Skotheim,Andreas",0.188855037088169
2415,"Danoyan,Konstantin",0.188706791615767
2416,"Charon Mustelier,M",0.188589291556967
2417,"Heredia Serrano,C",0.188588987604657
2418,"Delvecchio,Davide",0.18856099655583
2419,"Novosel,Lovro",0.188505205702086
2420,"Tereshchenko,Eva",0.188469849046844
2421,"Birtwistle,N",0.188360132264718
2422,"Ristic,Neb2",0.188325670723837
2423,"Petric,Roko",0.188324183299026
2424,"Lizak,P",0.188173265055807
2425,"Franco Valencia,A",0.188039088228475
2426,"Allard,T",0.187948955749995
2427,"Leenhouts,K",0.187787838689995
2428,"Englert,Luca",0.187751438701495
2429,"Miezis,N",0.187664648922895
2430,"Loskutova,Viktoriya",0.187655695628492
2431,"Perez Candelario,Man",0.187628025929681
2432,"Hasirci,Ozgur Deniz",0.187618278586679
2433,"Chor,Kevin",0.187499125305311
2434,"Karpenko,Anton",0.187446392780411
2435,"Shafer,Logan C",0.187073813716948
2436,"Diaz,Rid",0.187053365902862
2437,"Zito,Enrica",0.186841609609627
2438,"Verbova,Elena",0.186763034049559
2439,"Black,James",0.186603558699755
2440,"Jele,Tapiwa",0.186442496353794
2441,"Churba,D",0.186179154585482
2442,"Romero Castejon,Daniel",0.186095391135583
2443,"Lombaers,P",0.186079568018078
2444,"Karmanova,Olga Dm.",0.18601793107828
2445,"Ospennikov,D",0.18598451336603
2446,"Stupak,K",0.185961237177787
2447,"Shearsby,Jude",0.185871331871207
2448,"Stegaroiu,Marcel-Florian",0.185829378581108
2449,"Paul,Justin",0.185807515397145
2450,"Demchenko,Maksim Dm",0.185743459743018
2451,"Becking,S",0.185634339009104
2452,"Spasic,Petar",0.185295221486247
2453,"Spata,G",0.185183369916958
2454,"Knorr Jarillo,J",0.185119320756655
2455,"Alagoz,Zumra Meryem",0.185061838821046
2456,"Bartel,Marta",0.184851418478089
2457,"Mussanti,D",0.184846956629907
2458,"Perske,Paul",0.184829043699666
2459,"Schiller,Thomas",0.184602727338903
2460,"Braeuning,R",0.184544614931434
2461,"Hasselgruber,Robert Ferenc",0.184518568381261
2462,"Modipalli Deekshitha",0.184491666040631
2463,"Gkadakis,Nikolaos",0.184430634516135
2464,"David,Alb",0.184350880922926
2465,"Kutowski,Marcel",0.184236868392604
2466,"Lonski,Aleksander",0.184233124239306
2467,"Siddhanth Poonja",0.18407378060603
2468,"Brunner,N",0.183944499437779
2469,"Gara,A",0.183831593182619
2470,"Koutlas,Nikolaos",0.183817543489756
2471,"Rutkowski,Feliks",0.183758904514477
2472,"Noritsyn,N",0.183591825458152
2473,"Yedidia,Daniel",0.183462547678738
2474,"Jinan,Jomon",0.183383567324843
2475,"Csonka,A1",0.183254265197157
2476,"Kovanova,B",0.183227142869929
2477,"Tomiello,Mateus Costamilan",0.183014559504525
2478,"Yakovenko,Artem",0.183002363963769
2479,"Wang,Chuqiao",0.182991199617744
2480,"Tulliez,Andre",0.182817569641655
2481,"Omonov,Asrorjon",0.182500951534331
2482,"Fischer,Daniel",0.18242370962776
2483,"Abdsattar,Alisher",0.182227184625981
2484,"Luk,Danbe",0.182195558470964
2485,"Miszler,Levente",0.182161721425693
2486,"Miller,Ed",0.182029603461174
2487,"Valdepenas Octavio,Javier",0.182023542204192
2488,"Manik,M",0.181968598339478
2489,"Bazan Romero,Octavio Aaron",0.181883652694981
2490,"Scekic,V",0.181731174698096
2491,"Zhu Chen",0.181692395712781
2492,"Jiang,Hanxi (Hancy)",0.181582782318315
2493,"Kot,Emanuel",0.181575248996262
2494,"Malyshev,Vasilij",0.181260738719402
2495,"Mesropyan,Hayk",0.181058152844288
2496,"Zelbel,P",0.181035783451211
2497,"Terao,J",0.180818887057636
2498,"Azamikia,M",0.18079797359744
2499,"Schmid,Pab",0.180743254430217
2500,"Suresh,KT",0.180714810997949
2501,"Komov,Roman",0.180703055767087
2502,"Falkevall,Axel",0.180676180466389
2503,"Salahidou,Reveka",0.180610932679247
2504,"Brady,Tyson",0.180582023635496
2505,"Daurimbetov,A",0.180564273845603
2506,"Polevoy,David",0.180530061194573
2507,"Alizada,Pasham",0.180407077145177
2508,"Tytynnik,A",0.180312056469302
2509,"Simunek,Jakub Simon",0.179760929399848
2510,"Yalcinkaya,Efe",0.179517256109256
2511,"Karttunen,M",0.179517048897552
2512,"Adamson,R",0.179429311511077
2513,"Olsen,Filip Boe",0.179420568094674
2514,"Hong,Mingren",0.179394652202514
2515,"Kurtovic,Darko",0.179378891656214
2516,"Van Haastert,E",0.17930284847512
2517,"Kern,Burkhard",0.179218671884444
2518,"Palma Villanueva,Miguel Tadeo",0.179129867910825
2519,"Chu Wei Chao",0.179107360330126
2520,"Pogorelskikh,Sofia",0.179071384002396
2521,"Principe,G",0.17891273169516
2522,"Nava,R",0.178871585477997
2523,"Proudian,Armen",0.17880856727079
2524,"Gopal,G",0.178805271297133
2525,"Meza Astrada,Agustin",0.178745082010017
2526,"Xiao,Yiyi",0.178704675235136
2527,"Binder,Mo",0.17865714979773
2528,"Schimnatkowski,Lukas",0.178617647328167
2529,"Kukk,S",0.178616774273069
2530,"Ronai,Akos Balazs",0.178546739996555
2531,"Lie,K",0.178525238090279
2532,"Chen,Zhi",0.178490399260408
2533,"Kulaev,Maxim",0.178453569169034
2534,"Margaryan,A",0.178382285459904
2535,"Khoroshev,N",0.177971416840376
2536,"Lye,Lik Zang",0.177907865718565
2537,"Nouri,Alekhine",0.177811776305994
2538,"Nunez Hirales,J",0.177771038619465
2539,"Nurakyn,Suleiman",0.177769036838427
2540,"Warsia,Khusbu",0.177618408061437
2541,"Sanchez L,S",0.177497961385217
2542,"Nunes Jr,Sidney",0.177439743412552
2543,"Miljanic,B",0.177431583154591
2544,"Sharma,Devesh",0.177336345996715
2545,"Kenneskog,Theodor",0.177283292378536
2546,"Vohla,Mihkel",0.177276418230318
2547,"Vastrukhin,O",0.177247058100147
2548,"Kosic,D",0.177166243585432
2549,"Kasimov,Rauf",0.177101276518002
2550,"Negre,Emilie",0.176786103520017
2551,"Nuh Nizar Hilmi",0.17674020445466
2552,"Bodea,Cirprian",0.176634608317504
2553,"Soham,Kamotra",0.176574161685779
2554,"Rastbod,Ali",0.176528528643366
2555,"Jiang,Benjamin Wise",0.176490584245421
2556,"Ozen,Bahadir",0.176422766784227
2557,"Sharnarthi Viresh",0.176316635145077
2558,"Binu,Devdutt",0.176314001191496
2559,"Ghimoyan,Narek",0.176116565817325
2560,"Gulkov,I",0.176093785161916
2561,"Perucki,Maciej",0.175931707018182
2562,"Sipos,Stefania",0.175859590146394
2563,"Sargsyan,Anna M.",0.175772989355331
2564,"Guo Qi",0.175380248737999
2565,"Zakin,Ilay",0.175100108684673
2566,"Klaska,Philipp Leon",0.175001937225312
2567,"Yilmazyerli,M",0.174697617032663
2568,"Zakirov,Musa",0.174696148885354
2569,"Metin,O",0.174594687448921
2570,"Smolka,M",0.174424105239047
2571,"Wang,Aaron",0.174382568730125
2572,"Klinova,M",0.174334869673884
2573,"Arndt,Magnus",0.17432619105809
2574,"Bougas,Georgios",0.174114989248327
2575,"Chaviano,M",0.174104503168899
2576,"Alexandri,Dimitra",0.174069227526057
2577,"Soderstrom,Adrian",0.174038841792651
2578,"Sharshenbekov,Emir",0.174001445057214
2579,"Schrader,Jeroen",0.173993088133051
2580,"Katsanis,Vasileios Dim",0.173825135201193
2581,"Md.,Shar",0.173757918043379
2582,"Rosabal,Y",0.173748691055902
2583,"Guerra Tulcan,L",0.173734249440052
2584,"Song,Ethan",0.173498094640864
2585,"Gomes,Mary",0.173273939622581
2586,"Fang,Yan",0.173190653653098
2587,"Amoako Philip Selikem Yao",0.173057950062383
2588,"Hnatyshyn,Anastasiia",0.172904322190493
2589,"Kejna,Piotr",0.172840176090786
2590,"Zerey,Demhat",0.172792131536425
2591,"Brnusak,Tomas",0.172779995584148
2592,"Hilwerda,Jonas",0.172676483758399
2593,"Sarquis,M",0.172624213832671
2594,"Sharma,Isha",0.172527814390931
2595,"Mihok,O",0.17247734228254
2596,"Goriachkina,Oksana",0.172455620364011
2597,"Aarav A",0.172296325746186
2598,"Smits,S",0.172285852708244
2599,"Dreev,A",0.171894917431377
2600,"Raptis,N",0.171842095694597
2601,"Fedorovsky,M",0.171817730214985
2602,"Sriram,J",0.171582602406098
2603,"Gradalski,Olaf",0.171551460140481
2604,"Dunn,An1",0.171510864245893
2605,"Gutkin,Ilya",0.171348095504607
2606,"Lee,Jayden",0.171210240096682
2607,"Volodin,Alexandr E.",0.17119983857346
2608,"Rahmanidis,Petros",0.171159980242501
2609,"Chan,Sheng Liang Bernard",0.171109056923684
2610,"Shanava,K",0.171064457849919
2611,"Florescu,C",0.171047725749632
2612,"Borowik,Wojciech",0.171008502553789
2613,"Zhou,Yuxu",0.17076637738082
2614,"Arndt,S",0.17057379131208
2615,"Morozevich,A",0.170529293599171
2616,"Zhou,Y",0.17030959366955
2617,"Tayar,J",0.170240218791154
2618,"Snijders,Take",0.170210815932816
2619,"Sailaubay,Aldiyar",0.170178803065534
2620,"Jalovec,Igor",0.170170473217269
2621,"Navumenka,Mikhei",0.169904808258727
2622,"Pobor,Milo",0.169855774900948
2623,"Esmeraldas Huachi,Anderson",0.16974459721214
2624,"Shatil,Or",0.169744536279314
2625,"Plaidit,Hugo",0.169704414102888
2626,"Alvarez Ruiz,Henry",0.169667391875639
2627,"Hossain,Mon",0.169615548737028
2628,"Asadli,Vugar",0.169537507153903
2629,"Baltaci,Ismail Tarik",0.169435318822797
2630,"Aryaman Ganguly",0.169396668890402
2631,"Enkhbolor Nyamdavaa",0.169393279852055
2632,"Mijovic,S",0.169391611463366
2633,"Nadimifar,A",0.16928090219961
2634,"Seidl,Jan",0.169133038439914
2635,"Medhus,Vitus Bondo",0.16897239490505
2636,"Fellberg,Justus",0.168854599943074
2637,"Majhi Fakir",0.16877260613786
2638,"Thodam,Malte",0.168737720351225
2639,"Liodakis,K",0.168497557224174
2640,"Dalaud,Dorian",0.168440412385954
2641,"Adams,George",0.1683935301517
2642,"Horvath,Zs",0.168392785458082
2643,"Roux,Baptiste",0.168298923954734
2644,"Zahedifar,Anahita",0.168118550250307
2645,"Kalbermatter,Philipp",0.168106643890406
2646,"Ritviz,P",0.168060298605023
2647,"Savidge,Daniel",0.168037806272847
2648,"Christiansen,L",0.168027175547434
2649,"Fan,Huifeng",0.167878800396466
2650,"Rosner,J",0.167813105889678
2651,"Cofman,V",0.167485420062652
2652,"Azizli,Nurlan",0.16745876941343
2653,"Van 't Hof,E",0.167452863106496
2654,"Van Heirzeele,D",0.167131924796905
2655,"Wu,Yixing",0.167010646959934
2656,"Becker,Mat2",0.166938250151441
2657,"Sobol,Matvii",0.166619995389473
2658,"Vaclavik,Jan",0.166595326230571
2659,"Postma,Di",0.166305855091614
2660,"Deszczynski,A",0.166150374871424
2661,"Mou,Iris",0.165861832739953
2662,"Koepke,C",0.165849983629934
2663,"Androutsopoulos-Agiotatos,Vasil",0.165703925875242
2664,"Wites,Adam",0.165584043126079
2665,"Yaniv,Yuval",0.165579444884877
2666,"Giaccio,A",0.165530795244583
2667,"Iacob,Ivan-Alexandru",0.165514675661069
2668,"Ivanov,Mike",0.165459715047488
2669,"Vyskocil,N",0.165452388909335
2670,"Valdes,Le",0.165330245015935
2671,"Simchayev,Alexandra",0.165322852428029
2672,"Fawaz,Mohamad",0.165318762570389
2673,"Ashraf,Shereif",0.165258032793946
2674,"Rigopoulos Tsigkos,A",0.164947175049003
2675,"Badole Shaunak",0.164759123968931
2676,"Hak,David",0.164726433624739
2677,"Giannopoulos,Panagiotis N",0.164656098671735
2678,"Fuentes De Feria,Hector Luis",0.164415587943774
2679,"Hou,Yifan b",0.164362467413948
2680,"Moskalenko,Michael",0.164168004638883
2681,"Svanda,Ondrej",0.164090204166137
2682,"Zapata,Alo",0.164046706865542
2683,"Dittmar,P",0.163934038020977
2684,"Dorrance,Adam",0.163916994547942
2685,"Mohan,Dave",0.163808339676941
2686,"Orlov,And",0.163705907860702
2687,"Futyma,Dawid",0.163663146680381
2688,"Majumder Shrayan",0.163582042571211
2689,"Duda,Leon",0.163431472779813
2690,"Kucherenko,O",0.163413946106615
2691,"Zackrisson,Peter",0.163324648596593
2692,"Gulumov,Muthat",0.163269525768927
2693,"Spraggett,K",0.163228206070551
2694,"Islamov,Shakhzod",0.163199972911029
2695,"Kamenskaya,Marina",0.163166248605452
2696,"Solares Orozco,Kebert",0.16308492495895
2697,"Jeet,J",0.162757451883777
2698,"Otero Marino,Alain",0.162598158704036
2699,"Antonio,V",0.162510412583134
2700,"Alboredo,Julia",0.162498897777149
2701,"Akbas,Kaan",0.162483237547023
2702,"Babu,Rahul",0.162333723085865
2703,"Gaal,Zsoka",0.162328905655084
2704,"Guleryuz,Kuzey",0.162287568513242
2705,"Akhvlediani,Irakli",0.162259205137029
2706,"Pettersson,Al",0.162011078352041
2707,"Reyes Zavaleta,Fabian Ricardo",0.16194312919724
2708,"Jammalamadaka,Vihaan",0.161812737592099
2709,"Nomin-Erdene,Davaademberel",0.161786443328282
2710,"Lazaro Pujol,Abel",0.16171984861822
2711,"Zheng,Xiner",0.161630096854784
2712,"Mehmed,Elif",0.161601499489259
2713,"Shamsuddin,Sayyid Usmon",0.161573019195414
2714,"Zhalmakhanov,Ramazan",0.161559359768595
2715,"Omarsson,Adam",0.161525063457293
2716,"Badacsonyi,Frankie",0.161498403926623
2717,"Ninov,N",0.161488909540739
2718,"Jovic,Sta",0.161452163299631
2719,"Turdyev,A",0.161423604985964
2720,"Pimpalkhare,Vedant",0.161376724379891
2721,"Kaidanov,G",0.161254776329932
2722,"Krylov,I",0.161169763362763
2723,"Magold,Victor",0.161142178874978
2724,"Gloser,David",0.160991752476449
2725,"Castillo Sanjuan,A",0.160906585238872
2726,"Fiszer,Bartosz",0.160821902200023
2727,"Gevorgyan,M",0.16069833070529
2728,"Milanovic,V",0.160653491631025
2729,"Silva,Caio Henrique Angelico",0.160637300419635
2730,"Sofronie,I",0.160416648514071
2731,"Llorente Zaro,A",0.160311146815363
2732,"Rieger,R",0.16017991387273
2733,"Alexandri,Vasiliki",0.160171137131773
2734,"Fulgentini,Edoardo",0.160159117440544
2735,"Levin,Guy",0.16013118533037
2736,"Primbetov,K",0.160076041065243
2737,"Teianu,Maxim",0.160075911276563
2738,"Ruperez Benito,A",0.159890045813172
2739,"Metin,Enis",0.159866363667559
2740,"Socko,B",0.159848171042743
2741,"Tang,Zoey",0.159587177419017
2742,"Cornelisse,J",0.159342233352974
2743,"Komliakov,V",0.159084106118066
2744,"Bernard,Ines",0.159028067192622
2745,"Pirvulescu,Ekaterina",0.158996677769272
2746,"Arribas Robaina,M",0.158981572914993
2747,"Azadaliyev,Jahandar",0.158947722900723
2748,"Fu,Ashley",0.158932502986066
2749,"Zakordonets,Olexandr",0.158914537697311
2750,"Kazarian,Anna-Maja",0.158800633199036
2751,"Nasser,Hadi",0.158582638165392
2752,"Qin,Kevin",0.158420887454956
2753,"Elci,Eren",0.158417912869587
2754,"D'Costa,L",0.158315442634795
2755,"Salimova,Nurgyul",0.158282680816246
2756,"Kramer,Julian",0.158253907275561
2757,"Spangenberg,H",0.158221361322952
2758,"Mladenov,P",0.158121315172886
2759,"Eilenberg,Jonas",0.158094811586596
2760,"Liu,Eric",0.158012914988286
2761,"Sowray,P",0.157969474939701
2762,"Yaylali,Adnan Dogan",0.157959179254806
2763,"Zhou,Runyi",0.15795375605948
2764,"Ernst,H",0.157761973034961
2765,"Lapin,Dmitry",0.157748265523096
2766,"Bozorov,Javohir",0.157728223548352
2767,"Kumar,Prajit Sai",0.157705023165296
2768,"Bakhrillaev,Bakhrom",0.157664269128314
2769,"Begri,R",0.157422789785473
2770,"Khoo-Thwe,Louis",0.157345634746388
2771,"Shah,Abheek",0.157237992047104
2772,"Koykka,P",0.157079690819657
2773,"Cancedda-Dupuis,Livio",0.157021593380043
2774,"Satanovskaia,Evgeniia",0.156994190775395
2775,"Yang,Cayden",0.156590093175225
2776,"Luger,Sam",0.156484587308331
2777,"Kokje,Joris",0.156408682793175
2778,"Rogic,D",0.15632298746058
2779,"Garcia Castany Musellas,G",0.156271592459071
2780,"Rockmann,Enno",0.156188400875752
2781,"Megalios,K",0.156172252869021
2782,"Pecnik,L",0.156165934876645
2783,"Stocek,J",0.156153855076312
2784,"Vasiljeva,Sofja",0.156126324922221
2785,"Santosh,Saharsh",0.156021814173157
2786,"Ehmann,Thilo",0.15596924351481
2787,"Radovanovic,Nik",0.155922145489324
2788,"Chocenka,D",0.155920849499101
2789,"Sergooris,Danail Jurgen",0.155527751762359
2790,"Soucek,Jan",0.15539690525881
2791,"Besou,Hussain",0.155368911770694
2792,"Molenda,Marcin",0.155164333775771
2793,"Omarsson,Josef",0.15512454376782
2794,"Sethuraman,Sandeep",0.155098334349003
2795,"Huang Qian",0.155085061665382
2796,"Campos,Maria Jose",0.155080740558576
2797,"Varley,Joe",0.154932297006723
2798,"Kanep,M",0.154919434217279
2799,"Gomez Sanchez,Jorge Marcos",0.154896595149822
2800,"Farhat,Jawad",0.154888010193994
2801,"Pourquet,M",0.154838999197659
2802,"Knol,G",0.154774341732128
2803,"Kerigan,D",0.154650695721715
2804,"Ibodullaev,Jurabek",0.154632070747224
2805,"Priyanka,K",0.154630012298339
2806,"Rodriguez Rivero,Jinela de Cari",0.154616071255181
2807,"Worek,J",0.154336262127548
2808,"Krutko,A",0.15431963152526
2809,"Nolz,Tom",0.154302497272157
2810,"Ryjanova,J",0.154266766088237
2811,"Kampert,A",0.154229796976678
2812,"Maslovskiy,Vladimir",0.154174465312693
2813,"Sadzikowski,D",0.154116152829799
2814,"Bayaca,Sterling",0.154018281808023
2815,"Wang,Ted",0.153978654052058
2816,"Guimaraes,D",0.153833100560163
2817,"Tuguldur,Soninbayar",0.153829505241069
2818,"Lopez Rayo,Isabella",0.153706758027891
2819,"Starr,N",0.153648144527527
2820,"Matyakubov,Miraziz",0.153637478021183
2821,"Arias Boo,G",0.15351910997223
2822,"Delchev,A",0.153339096494151
2823,"Aliyev,Ravan",0.153319066168215
2824,"Sedlak,N",0.153281526793025
2825,"Kopylov,M",0.153266235956914
2826,"Olsen,William Alexander",0.152884542413368
2827,"Obidov,Biloliddin",0.152799603011999
2828,"Hurdzan,Tomas",0.152757389071478
2829,"Ciric,Pavle",0.152698495101419
2830,"Ganzhurov,R",0.152590638678472
2831,"Milojevic-Daim,Lola-Shaina",0.152416185988735
2832,"Kourousis,E",0.152383645464695
2833,"Cramling,P",0.152361128659326
2834,"Braun,Julian",0.152342515686336
2835,"Petersen,Henrik",0.152278063915904
2836,"Mayans Calvo,M",0.152240177317374
2837,"Coenen,N",0.152016445405287
2838,"Gagic,Milan A",0.151947120555037
2839,"Pabalan,Edward M",0.151897159233128
2840,"Atri,J",0.151702033106018
2841,"Paseka,Matyas",0.151681232119811
2842,"Hobaica,J",0.151663317714969
2843,"Gayson,P",0.151653066483449
2844,"Viana da Costa,F",0.151563318167113
2845,"Bjornsson,Si",0.151478710558558
2846,"Boruchovsky,A",0.151457336720145
2847,"Smith,O",0.151448951033542
2848,"Murshed,N",0.1513879812621
2849,"Tsekoura,Vaia",0.15137628290869
2850,"Wilming,Auke",0.151365598553628
2851,"Malinowsky,Levi",0.151180427866687
2852,"Le,Minh Hoang",0.151151242253766
2853,"Richter,Th2",0.15113518761399
2854,"Perunovic,Mil",0.151086875410865
2855,"Klein,Felix",0.151084618009062
2856,"Marakovits,Nico",0.15107337927025
2857,"Hajialiyev,Islam",0.150780382772848
2858,"Wijerathna,Vinuka Dihain",0.150720945063976
2859,"Maze,S",0.150719764660583
2860,"Bowcott-Terry,Finlay",0.150632859360305
2861,"Karamsetty,J",0.150613174949167
2862,"Shevchenko,Yaroslav",0.150609631105572
2863,"Papp,Ga",0.150573315715874
2864,"Zilberstein,Dm",0.150493633307615
2865,"Dalay,Hakki Dogan",0.150475553772954
2866,"Chen,Hongsen",0.150277108339916
2867,"Fernandez,Fe",0.150237228406732
2868,"Kappeler,K",0.150178047040462
2869,"Priansh,Das",0.150043760319803
2870,"Bian,Alex",0.149931131085721
2871,"Malicka,Magdalena",0.149878108598132
2872,"Salman,Ilhan Serhat",0.149842137270115
2873,"Richardson,Joh",0.149729144625061
2874,"Krivenko,S",0.14969540903993
2875,"Nitin,S",0.149632907959626
2876,"Pultinevicius,Paulius",0.149606917105411
2877,"Gasimov,Parviz",0.149549037919749
2878,"Petrossian,A",0.149455069539393
2879,"Sezdbekov,Ruslan",0.149176656147198
2880,"Garcia Martin,Marta",0.149078283397532
2881,"Fend,J",0.149060298142784
2882,"Frank,Adam",0.14901079412713
2883,"Van Doren,Bas",0.148987824098616
2884,"Moldagali,Beksultan",0.148920660451755
2885,"Ding Yixin",0.148766280427567
2886,"Ingebretsen,Jens E",0.148760784041409
2887,"Moliboga,V",0.148758710766714
2888,"Merario Alarcon,Andres",0.148741909527276
2889,"Llupa,O",0.148719709412229
2890,"Boci,Mateu",0.148658035075248
2891,"Laub,P",0.148559740902809
2892,"Bykov,Egor",0.148433923168471
2893,"Yilmaz,Baver",0.14827859991974
2894,"Khaledi,Omid",0.148210723354007
2895,"Sarwat,W",0.148159128939259
2896,"Mueller,Fra3",0.148029856300863
2897,"Mishra,Prateek",0.147926586543821
2898,"Wang,Tongsen",0.147802241775885
2899,"Khodko,Yurii N.",0.147709863581744
2900,"Wagner,Ans",0.147514538785571
2901,"Prozhanski,G",0.147488346330185
2902,"Martin Gonzalez,An",0.147469298325189
2903,"Fataliyeva,U",0.147382176174826
2904,"Pereyra,J",0.147356082626168
2905,"Hulka,Valentyn",0.147227397685003
2906,"Eden,Dana",0.147139532608182
2907,"Battistelli,Fausto",0.147055662408069
2908,"Sivanandan,Bodhana",0.147043811238255
2909,"Bokorovics,Bertalan",0.146974117907841
2910,"Stachanczyk,J",0.146933245440469
2911,"Wilks,Simon",0.146922110884434
2912,"Horvath,Kristof",0.146606404107746
2913,"Badelka,Olga",0.14647634654832
2914,"Alaz,Ahmet Efekan",0.146353988402644
2915,"Bivor Adak",0.146194566109811
2916,"Asish Panda",0.146026629840062
2917,"Kett,T",0.145951778886188
2918,"Hirth,J",0.145859517097448
2919,"Reguillaga Elias,Manex",0.14583107338607
2920,"Xu,Grant",0.14571385371161
2921,"Popov,Maksim",0.145563973492514
2922,"Odriozola Coscolin,Dani",0.14547158620238
2923,"Diaz Bartolo,Elizabeth Schahrazad",0.145378916258282
2924,"Zenin,D",0.145305246822757
2925,"Gulevich,Ar",0.145276710713086
2926,"Boehmer,C",0.145039922323886
2927,"Shivamshika G",0.145009236400086
2928,"Duson,Robin",0.144989359710889
2929,"Merriman,James",0.144913751624244
2930,"Sammons,Evan",0.144767411513208
2931,"Kisic,B",0.1447337899847
2932,"Dushyant,Sharma",0.144720393500316
2933,"Bauza,A",0.144692977956573
2934,"Tureshbayev,Anuar",0.144513573691354
2935,"Makkar,Rajat",0.144468305150741
2936,"Milosevic,Milos",0.14445782114014
2937,"Chen,Xianlin",0.144415323488571
2938,"Musial,Tomasz",0.144335684106867
2939,"Flaten,R",0.144288258140004
2940,"Liu,Yi",0.143985536761902
2941,"Kaczmarczyk,D",0.143903640073829
2942,"Macak,S",0.143850804816892
2943,"Haag,Gr",0.143841478036689
2944,"Solberg,J",0.143774654068525
2945,"Stoyanov,Viktor",0.143691693234288
2946,"Vrban,D",0.143579419854039
2947,"Mdivani,Maka",0.143534714711336
2948,"Serban,Cristian-Stefan",0.143515499750092
2949,"Idrissi,C",0.143401170576306
2950,"Oblender,Rudi",0.143392352358323
2951,"Daskalov,D",0.143311652166133
2952,"Schmider,Niklas",0.143234389441516
2953,"Karacsonyi,Bank",0.143214493379488
2954,"Christodoulou,Katerina",0.143124261870568
2955,"Van Rootselaar,Rik",0.143078110268394
2956,"Angst,R",0.143042234522417
2957,"Peelen,P",0.142907813411384
2958,"Girones Barrios,Y",0.14265637149062
2959,"Borge,N",0.142536704337275
2960,"Sethuraman,Roshan",0.142515034542217
2961,"Delorme,Ax",0.142456166597215
2962,"Posaskov,Nikita",0.142360548565282
2963,"Yan,Ruiyang",0.14233334261224
2964,"Horobetz,Graham",0.142131803764583
2965,"Tonoli,B",0.14172185908092
2966,"Odeev,H",0.141644655340471
2967,"Raptis,Filippos",0.141618772506308
2968,"Pert,N",0.141599665069906
2969,"Rajbharath,Harjith",0.141555370959162
2970,"Guarin Fonseca,Nobel Alfredo",0.141510501707107
2971,"Barcelo Melnyk,Marc",0.141350650440016
2972,"Badrinath,S",0.14134138773882
2973,"Baranciuc,Alexandr",0.141299283752699
2974,"Hernandez Guerrero,G",0.141198830262387
2975,"Dijokas,Jokubas",0.141093441310803
2976,"Hirzel,Robin",0.140901423892793
2977,"Safarov,Deniel",0.140864827193283
2978,"Tomasi,Albert",0.140844271542117
2979,"Khoshkalam,Seyed Mehrab",0.140644236455284
2980,"Wall,G",0.14037125094645
2981,"Runge,Bernd",0.140337029055451
2982,"Perrine,Dalton",0.140289950271517
2983,"Fiset,Anais Chloe",0.140271711214544
2984,"Toniutti,E",0.140217430425511
2985,"Siva Kumar,Nirish Kumar",0.140130782612758
2986,"Boulrens,Ala Eddine",0.140121797001823
2987,"Mayo,R",0.14006143029055
2988,"Meshach,Felix",0.140051998275476
2989,"Nasir,Zehn",0.140032285480341
2990,"Varela Tavares,Goncalo",0.139932342143354
2991,"Roshini,P",0.139926981321362
2992,"Mu Ke",0.139852030706777
2993,"Sarkisian,Arman",0.139775918455841
2994,"Sarabando,Rodrigo Andias",0.139764888242785
2995,"Oktem,Ege Tuna",0.139650311944268
2996,"Richter,Paul",0.139569161863808
2997,"Boev,Viktor",0.139415517782884
2998,"Slizhevsky,A",0.139330293401478
2999,"Papadopoulos,Geo3",0.13931398354547
3000,"Ulmer,Hanno",0.13905951995831
3001,"Zhunusbekova,Aimonchok",0.138915721631273
3002,"Antal,Hunor-Zoltan",0.138687591484837
3003,"Argote Heredia,Valentina",0.138642113308706
3004,"Degardin,S",0.138488696942145
3005,"Vulevic,V",0.138459882636488
3006,"Induwara,T H D Thisarindu",0.13838174347018
3007,"Loay,Sameer",0.138313637418587
3008,"McKay,R",0.138248768158038
3009,"Hieke,Jonas",0.138192944218682
3010,"Klek,H",0.13816990745656
3011,"Padurariu,Mihai-Edward",0.137851450817258
3012,"Masli,Muhd Nur Daie",0.137818720039455
3013,"Green,An",0.137649562168852
3014,"Hochstrasser,M",0.137584534148941
3015,"Chow,S",0.137519146953283
3016,"Motuz,K",0.137358846178965
3017,"Jarocka,Liwia",0.137244817396685
3018,"Dereka,Konstantina",0.137185719843839
3019,"White,George",0.137129154372707
3020,"Zhang,Zhi",0.13699111881165
3021,"Vincenti,Leonardo",0.136960035885281
3022,"Uddin,Ahnaf Tajwar",0.136908867826695
3023,"Uysal,Burak",0.136878154769187
3024,"Vasilevich,T",0.136777253257015
3025,"Gunawardhana,Devindya Oshini",0.136701416803767
3026,"Avila Bautista,Roberto Al",0.136687768307434
3027,"Grezels,Florian",0.136599766988132
3028,"Demaria,J",0.136591575401073
3029,"Alinasab,Mobina",0.136405150564099
3030,"Peng,Xiang-Tobias",0.136373871869507
3031,"Zymberi,As",0.136340987634297
3032,"Niezhentsev,Kyrylo",0.136267768222516
3033,"Pribelszky,Bence",0.136237703505491
3034,"Willemsma,A",0.136152946629028
3035,"Kacprzak,Kacper",0.136053043281816
3036,"Sava,Robert-Gabriel",0.135938601877666
3037,"Ferreira,Jor1",0.135934318879624
3038,"Liu,Jason",0.135883404289445
3039,"Otdelnov,Kirill",0.135808048912955
3040,"Reyes Zavaleta,Cristhian Yamil",0.13567649992054
3041,"Peed,Grant",0.135631404410272
3042,"Aadit,Bhatia",0.135615867924205
3043,"Krizsany,L jr",0.13560527160759
3044,"Titichoca Daza,Daniel",0.135548434663499
3045,"Davidov,S",0.135434397032051
3046,"Mammadova,Narmin",0.135407475085728
3047,"Munkhzul,Turmunkh",0.135209816249949
3048,"Nadzamova,Viktoria",0.135141717214112
3049,"Zhurova,Anna",0.135129670084327
3050,"Ozkan,Taha",0.135010201439157
3051,"Ootes,La",0.134994886364918
3052,"Fedotov,Nikita2",0.134878078503505
3053,"Rivera,I",0.134737656981186
3054,"Szilagyi,Samuel Attila",0.134580105813693
3055,"Yang Kaiqi",0.13439055741637
3056,"McLean,Robert",0.134386691379878
3057,"O'Donnell,Conor",0.134368759063653
3058,"Larkin,Benjamin",0.134021916388465
3059,"Burrows,M",0.133679382914586
3060,"Lebedev,Lion",0.133512686870672
3061,"Maier,C",0.133460323286742
3062,"Kleinhenz,HG",0.13340133268088
3063,"Filimonov,Arsenii",0.133199917282035
3064,"Gurevich,I",0.133166009093685
3065,"Afantiti,Maria Varvara",0.133158733643235
3066,"Menzel,Maximilian",0.133156880471132
3067,"Verkooyen,Frank",0.133146594521872
3068,"Szczurek,Krzysztof",0.133104807987275
3069,"Mencinger,V",0.133081748856718
3070,"Derakhshani,Borna",0.133040302191182
3071,"Plaumann,Arvin",0.132923473247791
3072,"Golikov,Ivan",0.13286536536442
3073,"Lisimenko,Ruslan",0.132796917284853
3074,"Alfaro Garcia del Cerro,Juan L",0.132665936593261
3075,"Yuvaraj,Kabilesh",0.132465781521529
3076,"Buksa,N",0.132448459002079
3077,"Zvara,P",0.132447257475943
3078,"Senft,Sean",0.132358464871659
3079,"Krasteva,Beloslava",0.132345424493157
3080,"Sedina,E",0.13234349827722
3081,"Reyan Md.",0.132280890363326
3082,"Haitjema,Jarich",0.132115774838712
3083,"Akkara,Omer",0.131966627780885
3084,"Martinez,Valentin Jesus",0.131960167534304
3085,"Martin Duque,J",0.131949583840527
3086,"Kavin Mohan",0.131917133586821
3087,"Mader,Fabian",0.131893157015245
3088,"Kengurov,Yaroslav",0.131814562668121
3089,"Da Silva,Lucas Pereira Mendes",0.13179778513629
3090,"Khalilova,Madinabonu",0.13166557982435
3091,"Fernandez Diaz,Cr",0.131635647820461
3092,"Fossum,Sindre",0.131578367431178
3093,"Petrovic,Aleksa",0.131489163670716
3094,"Umarov,Mukhammadrizo",0.131336791068414
3095,"Khalesi,V",0.131293236652706
3096,"Singgih,Diajeng Theresa",0.131155615337803
3097,"Antova,Gabriela",0.131089506539474
3098,"Fistek,D",0.131088606696642
3099,"Rajendran,Ishaan",0.131084488953229
3100,"Eltigani,O",0.130890285502989
3101,"Dumanuly,Sultanbeibarys",0.130883611231047
3102,"Claridge-Hansen,William",0.130810954484503
3103,"Liu,Haoling",0.130622017533057
3104,"Toncheva,Nadya",0.13061566218815
3105,"Verma,Aditya",0.130515768101357
3106,"Krasikov,N",0.130400527248455
3107,"Barath,Kalyan M",0.130336714013576
3108,"Minkhajdarov,Ruslan",0.130287724852519
3109,"Sun,Chao",0.130189064240426
3110,"Freeland,Alex",0.130022377404873
3111,"Bosch Garcia,Ivan",0.129536621356282
3112,"Valle Luis,Leo",0.129319030131858
3113,"Hercegovac,Neven",0.129238109355739
3114,"Gunnarsson,Arn",0.129213334140297
3115,"Majeed,Haroon",0.129209078300041
3116,"Fallowfield,J",0.129146605982521
3117,"Rumbos Garcia,Alejandro Daniel",0.129096701863065
3118,"Zsiltzova Lisenko,L",0.129087066426574
3119,"Nikolov,Sas",0.128880266258585
3120,"Xhembulla,Aleksander",0.12884416138561
3121,"Haraguchi,Diego Sashaki",0.128838999939429
3122,"Ozen,Deniz",0.128835229819052
3123,"Miranda Llanes,Y",0.128773723571028
3124,"Nkululeko,Nkosi",0.128753631673676
3125,"Toffoletto,Ramiro",0.1287476616357
3126,"Niemi,K",0.128588856755992
3127,"Kumar,G",0.128530565570173
3128,"Sundar Divij P",0.128367563517619
3129,"Della Corte,A",0.128325766236251
3130,"Groenewoud,Joel",0.128258052832334
3131,"Bezic,Angelo",0.128164813189746
3132,"Mogollon Tobar,Nicolle Julieth",0.128145362583189
3133,"Al Amin,Sami",0.128136466610745
3134,"Li,Yunshan",0.128109132330126
3135,"Ridge,Benjamin",0.128016677979617
3136,"Erdenetulga,R",0.128000269421215
3137,"Gao,Kai",0.127939552805984
3138,"Eckert,D",0.12793553823597
3139,"Alvarez Ruiz,Esteban",0.127816884221988
3140,"Salim Mohammed,Salim Al Amri",0.127793938154868
3141,"Bellissimo,Joseph F.",0.12774673391257
3142,"Guadamuro Torrente,A",0.127743512489972
3143,"Yaniuk,Volodymyr",0.127674369129014
3144,"Jakovlev,Saveliy",0.127624459282391
3145,"Msellek,I",0.127606529256363
3146,"Popov,Val",0.127536818980172
3147,"Chirilov,James A",0.127338733518041
3148,"Mammadov,Sadig",0.127307695231906
3149,"Karasek,L",0.127260619297236
3150,"Held,Momme Fredrik",0.127200547967535
3151,"Kabinazar,Nurmukhammed",0.127146997957586
3152,"Vukic,M",0.126981494242126
3153,"Mahia,G",0.126981051563618
3154,"Abdelnabbi,I",0.126863564530056
3155,"Domene Mulyukov,Alexander",0.126832227571837
3156,"Swiercz,D",0.126720167641527
3157,"Dobre,ClC",0.126707876236618
3158,"Pierrot,Fac",0.126588762783954
3159,"Speck,Jakob",0.126484750230555
3160,"Vitak,Jiri",0.126458772922063
3161,"Brochet,P",0.126297805830107
3162,"Zacharakis,Ilias",0.126037458960484
3163,"Weyer,Jonas",0.126031588747136
3164,"Perez,Max",0.126025347199656
3165,"Pridorozhni,A",0.125988264380647
3166,"Krzesaj,R",0.125860039330882
3167,"Atis,Hasan",0.125830652394455
3168,"Vaculik,Jakub1",0.125793424953555
3169,"Wang,Yinuo(LN)",0.125678055744521
3170,"Goldin,A",0.125646538474954
3171,"Maasarani,M",0.125633237825571
3172,"De Strycker,Nathan",0.125629802244345
3173,"Deladerriere,Apollo",0.125349721720985
3174,"Ahn,Hongjin",0.125312720223212
3175,"Matta,V",0.125211343590966
3176,"Sanket,Chakravarty",0.125120466723608
3177,"Sampsonoglou,Dimitrios",0.125112306399534
3178,"Grgantov,Marin",0.125103182977574
3179,"Roselli Mailhe,B",0.125029773016403
3180,"Tran Ngoc Minh Duy",0.125026891860144
3181,"Alexandrakis,Venizelos",0.124931526974586
3182,"Rajlich,I",0.124904230345057
3183,"Cook,MA",0.124886989476418
3184,"Nemeth Junior,H",0.124847699753588
3185,"Celebi,Mehmet Alper",0.124822484225612
3186,"Khumalo,Keith",0.124821713966767
3187,"Hakvoort,Remy",0.124818154827181
3188,"Lin,Leo",0.124814060764976
3189,"Jagodzinski,P",0.124797718660566
3190,"Hegedus,Bernat",0.124750611587975
3191,"Felix,Raphael",0.124738062106288
3192,"Gibbs,Do",0.124671260643017
3193,"Gokceren,Numan Emre",0.124620533464954
3194,"Liu,Patrick",0.124615874239882
3195,"Develi,Kemal Cagan",0.124603021350523
3196,"Roe,S",0.124596383279985
3197,"Balbuena Fuentes,Mario",0.124560598592752
3198,"Goudriaan,Rafael",0.124558251602032
3199,"Jin,Hongtao",0.124516808945123
3200,"Kairbekova,Amina",0.124497196828094
3201,"Tanenbaum,Zachary",0.124454028230832
3202,"Arun,Kataria",0.124406829153731
3203,"Garrido Fernandez,Dan",0.124340641599903
3204,"Joeres,Stefan",0.124320605427232
3205,"Van Beek,L",0.124261564802889
3206,"Lane,G",0.124252001596506
3207,"Meyer,Christoph",0.124221711089699
3208,"Tellarini,Lorenzo",0.124115417256011
3209,"Nemeth,Zalan",0.12410181767094
3210,"Hald Falkesgaard,Jeppe",0.123694606850825
3211,"Mgeladze,Kesaria",0.123667438721786
3212,"Khripachenko,Alexander",0.123647097048187
3213,"Baldauf,Marc",0.123626339805589
3214,"Alepoudeas,Stylianos",0.123607417873707
3215,"Nijboer,F",0.123311420100703
3216,"Saminskij,Jan",0.123270496921995
3217,"Radzimski,Antoni",0.123194908053136
3218,"Campora,D",0.123189140935811
3219,"Coicev,Matei-Andrei",0.123093423621415
3220,"Georgescu,Lena",0.123063197153174
3221,"Hasini,Kamabathula",0.122842836766652
3222,"Vijayakumar,Rishi",0.122812166188514
3223,"Garcia Molina,Jose",0.122754048651149
3224,"Schenkel,Edward",0.122701210555032
3225,"Zavortink,Matt",0.12267414664918
3226,"Puskas,Mihaly",0.122646609500395
3227,"Lu,Eddie",0.1225924366083
3228,"Gonzalez,Ron",0.122421583052445
3229,"Hong,Xing",0.122201817002504
3230,"Dobias,Daniel",0.122110701705647
3231,"Lavrinenkov,Vadim",0.122023312987262
3232,"Aranha Filho,A",0.12194505927836
3233,"Turgut,Hakan",0.121839810017388
3234,"Koelewijn,Jaap-Jan",0.121646594542689
3235,"Kazhmuratov,Altair",0.121214566467497
3236,"Chomczyk,M",0.121182142169351
3237,"Spitzl,Vinzent",0.121167501903902
3238,"Tamer Waguih,Farid",0.121098834950133
3239,"Sentissi,Yassine",0.120912756165316
3240,"Wohlfahrt,H",0.12091191393423
3241,"Vaidyanathan,Adithya",0.12087363924647
3242,"Garayev,Kanan",0.12082409465405
3243,"Bradbury,N",0.120744096179472
3244,"Duong,Tha",0.120659494907096
3245,"Dogan,N",0.120551937089863
3246,"Mahitosh,Dey",0.120492370001699
3247,"Ypma,P",0.120434444328751
3248,"Olde,Margareth",0.120361259762435
3249,"Nyysti,S",0.120252493769216
3250,"Frey,Fabian",0.120244572657977
3251,"Zizic,Djordje",0.120198138367216
3252,"Walek,Petr",0.120147024859323
3253,"Bayasgalan,Khishigbaatar",0.119979188433362
3254,"Nergard,Ole-Kristian",0.119919067798978
3255,"Aarav Sinha",0.119895549716724
3256,"Ouzounis,Konstantinos Kyr",0.119822500037759
3257,"Goroshkov,Maksym",0.119790297801233
3258,"Romanishin,O",0.119749192520672
3259,"Heino,Pessi",0.119686403966735
3260,"Kozionov,Kirill",0.119562070102639
3261,"Bocos Delgado,Jon",0.119546233217905
3262,"Vorobjov,P",0.119420706272724
3263,"Podlesnik,B",0.119414240076751
3264,"Bayramov,E",0.1194121394268
3265,"Zhou Guijue",0.119387153061171
3266,"Drazic,S",0.119290165254177
3267,"Leuenberger,U",0.119268898503498
3268,"Larrea,M",0.119097932480408
3269,"Ankit Ray",0.11881636270566
3270,"Poleg,Matan",0.118729071121353
3271,"Owen,Michael",0.118726869746374
3272,"Elhusseiny,Eyad",0.118665438350114
3273,"Weerasekara,Dishal Nimsara",0.118415532657501
3274,"Lau,Lut Yin Luke",0.118398725890952
3275,"Kienitz,A",0.11819447642004
3276,"Taher,Yoseph Theolifus",0.118091267291085
3277,"Gautier,Anand",0.118021958100444
3278,"Mitraka,Chrysoula-Paraskevi",0.117833445622875
3279,"Haba,P",0.117710370276308
3280,"Pajcin,Lav",0.117667854455796
3281,"Casadio,Niccolo'",0.117645936724679
3282,"Rozycki,B",0.117602655841886
3283,"Cruz Lledo,P",0.117571013518816
3284,"Chernobay,A",0.11752674004561
3285,"Mora Munoz,Alejandro",0.117355265653144
3286,"Gajcin,Marina",0.117354047543769
3287,"Yang,Ray",0.117291946732534
3288,"Klapwijk,Bram",0.117239299005755
3289,"Lekkas,Anastasios",0.116960909071351
3290,"Gallestey Calvo,Ariel",0.11696088545572
3291,"Dorokhina,Elizaveta",0.116892315405467
3292,"Thapa,Rishon",0.116694177770281
3293,"Terkiewicz,Bruno",0.116688528886286
3294,"Dmytruk,Artem",0.116636818783136
3295,"Yakubbaeva,Nilufar",0.116602994348027
3296,"Koka,O",0.116596731411499
3297,"Kapechun,Mikhailo",0.116547937582258
3298,"Mulawa,Cyprian",0.116503015864747
3299,"Tugstumur,Yesuntumur",0.116404040941626
3300,"Kavutskiy,K",0.116393047526797
3301,"Murin,M",0.116323408424089
3302,"Mashhadi,Peyman",0.116260026233754
3303,"Smieszek,W",0.116230188178049
3304,"Elgar,Tim",0.11621669328844
3305,"Nguyen,P",0.116162486015591
3306,"Sachilaru,Alexandru",0.116136774531912
3307,"Reimanis,R",0.116113448934898
3308,"Yancey,Alice",0.116101706081492
3309,"Beukema,S",0.115916473185449
3310,"Zajic,Milan",0.115900872344017
3311,"Munoz Triana,Joseph Steve",0.115890830018653
3312,"Liskiewicz,Jakub",0.115722047260461
3313,"Karadas,Hena",0.115656312414792
3314,"Popchev,M",0.115277686748332
3315,"Nguyen Minh",0.115230588771982
3316,"Stankovic,Milo",0.115165549881899
3317,"Cupic,L",0.114959088370799
3318,"Malka,S",0.114889292310767
3319,"Vranes,Nikola",0.114840961372746
3320,"Skreno,V",0.114766878898834
3321,"Den Heijer,Rolinde",0.114741866270139
3322,"Sezdbekova,Aizhan",0.114679302350242
3323,"Altug,Oguz",0.11466614966855
3324,"Bethke,Richard",0.114626128612154
3325,"Bhat Sannidhi Ramakrishna",0.114611277447885
3326,"Vivas Zamora,Fabian Ernesto",0.114583080597298
3327,"Guo,Felix",0.114537318533091
3328,"Lever,E",0.114499218065624
3329,"Metuno Kuete Bleriot Rocalixt",0.114414727970042
3330,"Kokoszczynski,Jan",0.114275904895357
3331,"Lahav,Michal",0.114253142408213
3332,"Schernthaner,David",0.114204607814812
3333,"Yu Shaoteng",0.114119539623617
3334,"Goncharov,Vladimir",0.114106418003323
3335,"Ajay Santhosh Parvathareddy",0.114041154525311
3336,"Sadeghi,H",0.113984240574157
3337,"Mijatovic,Dusan",0.113946872255873
3338,"Stigar,P",0.113888392025261
3339,"De Oliveira,Yuri Garcia",0.113880489786794
3340,"Wang,Dongkai Harry",0.113844024334472
3341,"Lanka,Z",0.113833810759067
3342,"Aakash Sharadchandra,Dalvi",0.113676923149693
3343,"Bagaturov,G",0.11362922275625
3344,"Dautov,R",0.113622803870385
3345,"Polyakov,Fedor",0.113473260154506
3346,"Bekkink,Sereyo",0.11346433330216
3347,"Anagnostopoulos,Konstantinos",0.11344116117266
3348,"Benidze,D",0.11332227538912
3349,"Arana,Augusto",0.113291169235174
3350,"Asaka,Samuel",0.11315998947912
3351,"Sitbon,Itay",0.113128808350315
3352,"Sanjay,Vasu",0.113121788705176
3353,"Chanda Ujan",0.113109370220088
3354,"Soto Vega,J",0.112907944162758
3355,"Dolzhykova,Kateryna",0.112869315847357
3356,"Bregu,Riza",0.112819608412688
3357,"Mizzi,Jack",0.112795515055074
3358,"Zajac,Szymon",0.11279467939341
3359,"Tagkaloglou,Savvas Stefanos",0.112626596347612
3360,"Crespo Diaz,David",0.112569738910177
3361,"Carroll,Thomas",0.112517394298773
3362,"Gut,Lionel",0.112479741469792
3363,"Praveen,Jeeva",0.112416671088202
3364,"Rajabov,Anar",0.112337540261475
3365,"Filev,G",0.11233224699875
3366,"Meetansh Dixit",0.112231229095412
3367,"Rechner,K",0.112120363422766
3368,"Domingo Nunez,Ruben",0.11207385660615
3369,"Steiner,Remo",0.111995925270266
3370,"Silich,Yahor",0.11184420244419
3371,"Tikhonov,Viacheslav",0.111656078142914
3372,"Hakobyan,Erik",0.111107038911465
3373,"Gomez Aguirre,Juan Alberto",0.111098547501628
3374,"Velavaa Ragavesh",0.110943598814348
3375,"El Mais,I",0.110858507750395
3376,"Rakshitta,Ravi",0.11080170027568
3377,"Kamalsyah,Muhammad",0.110635199387684
3378,"Fishbein,A",0.110609149468713
3379,"Grzeskowiak,Antoni",0.110596067462101
3380,"Perez Leiva,Jerzy Jesus",0.11057741573818
3381,"Czernek,Tymon",0.110570923127722
3382,"Breneis,L",0.110516615288047
3383,"Mukund Hemant Agarwal",0.11046548565476
3384,"Ten Dam,Bram",0.110329353584338
3385,"Sokolovsky,Jakub",0.11015734888869
3386,"Korchagin,O",0.110146113204318
3387,"Mazi,L",0.110107789563758
3388,"Bhoir Paras Dilip",0.109993006698833
3389,"Lejlic,S",0.109879787179019
3390,"Demin,V1",0.109869489096876
3391,"Ismayil,Malak",0.109855029093973
3392,"Kleiman,J",0.109796675873456
3393,"Napoli,N",0.109699143997446
3394,"Coriat,Caroline",0.109503436399596
3395,"Stratigos,Spiros",0.109262089273124
3396,"Shishkov,A",0.109228566995432
3397,"Zhang,Haoxuan(ZJ)",0.10915122247014
3398,"Ozen,Metehan",0.109148226743527
3399,"Heinemann,Josefine",0.109143194178513
3400,"Schroeder,Jakob",0.109103392875183
3401,"Nguyen,Vuong Tung Lam",0.109097774471411
3402,"Kanyamarala,Trisha",0.109088421798202
3403,"Kalyani Sirin",0.109076537760282
3404,"Proutsalis,Marios Alexandros",0.109041987324869
3405,"Radovic,St",0.108908502563857
3406,"Hoeffer,D",0.108880875957272
3407,"Bochniak,Franciszek",0.108853341183909
3408,"Rasti,Arvin",0.108840844252311
3409,"Kotovos,Konstantinos",0.108779094681244
3410,"Tinmaz,Kerem",0.10867118985405
3411,"Boulos,Paul",0.108624081220586
3412,"Koutoukidis,P",0.108572203191183
3413,"Stoettner,Moritz",0.108532520696906
3414,"Gattenloehner,S",0.108458933730283
3415,"Hernandez Izquierdo,Jose A.",0.108420592344724
3416,"Kazmin,Semen",0.108278185850572
3417,"Karvatskyi,Oleksii",0.108270785320111
3418,"Kucharski,Bartlomiej",0.108252297542022
3419,"Gutierrez Jimenez,J",0.108180439424977
3420,"Meskenas,Paulius",0.108162063232832
3421,"Sakmak,Kutay",0.108155266771979
3422,"Uzcategui Rodriguez,Alejandro",0.108155081672205
3423,"Schweizer,Samuel",0.108113781012356
3424,"Spyrou,Antonios",0.108098580692611
3425,"Soza de la Carrera,J",0.108069891852432
3426,"Meschke,O",0.107856945605737
3427,"Wirig,A",0.107849933835355
3428,"Wahedi,A",0.107806433205658
3429,"Oberhofer,Cedric",0.107633590837103
3430,"Samhita,Pungavanam",0.10758743147319
3431,"Bordignon,Angelo",0.107554379068109
3432,"Vassallo Barroche,M",0.107445212315925
3433,"Daniilidi,Dimitra Lydia",0.107410782280896
3434,"Roger,Michael",0.107403270922859
3435,"Smid,Jelle",0.107400556519988
3436,"Kierulf,Villum Brevick",0.107397774344735
3437,"Webb,L",0.107214365911745
3438,"Cupid,Kevin",0.10707720561995
3439,"Slade,Theodore",0.107069431652809
3440,"Hoffman,A",0.107062857857276
3441,"Zelaya Aragon,Eros Ivan",0.106927612256858
3442,"Torres Silvera,Karen",0.106917030897268
3443,"Oikonomopoulos,Filippos",0.106914216638625
3444,"Iskandarian,Edward",0.106907729255242
3445,"Martyniuk,Daniil",0.106875671720299
3446,"Drenchev,P",0.106868873920464
3447,"Wu,Li",0.106861935778687
3448,"Fernandez Hernandez,Daniel Alejandro",0.106848364126245
3449,"Sammed Jaykumar,Shete",0.106735300026357
3450,"Neumann,Hannes",0.10673508924272
3451,"Carmeille,L",0.106674969276579
3452,"Huschenbeth,N",0.106494954684503
3453,"Khoroshykh,Yaroslav",0.106295371463199
3454,"Cvek,R",0.106257231385843
3455,"Li,Guohao",0.106137593266183
3456,"Zemlicka,V",0.106134997255596
3457,"Wang,William",0.106117785334419
3458,"Dignam,M",0.106013558495019
3459,"Hellerud,Lauritz Nissen",0.105968668779233
3460,"Zollinger,S",0.105957269657046
3461,"Jaskolka,T",0.105926533492988
3462,"Wen,Tommy",0.105723687712164
3463,"De Carvalho Massabo,Raphael",0.105638360182592
3464,"Taylor,Mart",0.105552710096653
3465,"Vingris,Mikelis",0.10539491862749
3466,"Ganaus,H",0.105186522624991
3467,"Nicholas,K",0.105180232262803
3468,"Jaramillo Rivadeneira,Kerly Samantha",0.105151118493777
3469,"Zhang Ziyang",0.104844228636333
3470,"Carrizo,F",0.104771309296657
3471,"Marra,E",0.104762794648217
3472,"Rosol,Philip",0.10469006531271
3473,"Oommen,John Samuel",0.104599387001109
3474,"Bendayan Claros,A",0.104425615440977
3475,"Latypova,Olga L",0.10430855709844
3476,"Vasylchenko,Maksym",0.104304485641973
3477,"Rudolph,Max",0.104289448763234
3478,"Markov,M KGZ",0.104288206998907
3479,"Gahan,M",0.104239654665748
3480,"Ipek,Ekin",0.104091131744916
3481,"Mkrtchian,L",0.104089055381691
3482,"Perez Tomas,Juan Manuel",0.104032846708689
3483,"Cabiativa,Juan Esteban",0.103933489240302
3484,"Poeta,Caio Medeiros",0.103823510684146
3485,"Otten,C",0.103794677052529
3486,"Foldes,Marton Gabor",0.103629180468466
3487,"Rahmanov,S",0.103604837976795
3488,"Aguilar,Ju",0.103592333495909
3489,"Dudognon,Thibault",0.103517762933564
3490,"Dirikolu,Deniz",0.103491541512026
3491,"Li,Ben",0.103433182484997
3492,"Varga,Zo",0.103361431941625
3493,"Jens,J",0.103359641991444
3494,"Yao,Lan",0.103325708917763
3495,"Toropov,P",0.103187278704231
3496,"Pucher,S",0.103136906808692
3497,"Siniauski,Artsiom",0.10311725055855
3498,"Gutmakher,Olga",0.103095355501425
3499,"Munkhbayar,Gijir",0.103082558834593
3500,"Fathy,E",0.103020464677078
3501,"Pang,Qi",0.102923783457875
3502,"Paragua,Megan Althea",0.102901221871263
3503,"Wang,Xiaoyan",0.102861976607278
3504,"Elmirzaev,Khondamir",0.102837098722842
3505,"Yu,Zhenghuan",0.102784785218835
3506,"Abheek Bhatt",0.102752954044089
3507,"Tomme,Lowie",0.102724017004612
3508,"Zawadzka,J",0.102623955223267
3509,"Leskur,D",0.102522283227764
3510,"Zanon,Magnus",0.102480047879867
3511,"Skembris,S",0.102355550038828
3512,"Falke,Ornella",0.102324572657882
3513,"Montevilla Cahuasa,Jonathan I.",0.102277485339799
3514,"Li Bo",0.102257708935956
3515,"Centron Antuna,Daniel",0.102228042485279
3516,"Knaak,M",0.102146118381732
3517,"Nilssen,Ellen Fredericia",0.102136111746048
3518,"Gazis,Ef",0.102043655417022
3519,"Buscara,S",0.102042008328059
3520,"Vinod,Aarush",0.101955247336648
3521,"Vos,T",0.101904454086856
3522,"Gashi,Blerim",0.101846877738899
3523,"Vu Dinh,Adrien",0.101769812143189
3524,"Uritsky,Yonathan",0.101661343906773
3525,"Pal,Rohan",0.101594730223522
3526,"Gyana,Sai Santhosh M",0.101588637055627
3527,"Olenik Campa,Rudi",0.101558224983415
3528,"Riley,Chris",0.10153339136841
3529,"Schulze,Lara",0.10144013299538
3530,"Tsarsitalidis,Christos",0.101390559510669
3531,"Blasco Cardona,Pol",0.10138610599978
3532,"Elnasri,Mohammed",0.101327120866856
3533,"Musial,Igor",0.101244637299617
3534,"Junge,Julia Marie",0.101151284982018
3535,"Zupancic,U",0.101072948430343
3536,"Ghayourifar,Amir",0.101000442483636
3537,"Rose,Simeon",0.10087262881507
3538,"Levitan,Ronit",0.100859355406427
3539,"Gorkov,Kirill",0.100830660590484
3540,"Marcenaro,Alessandro",0.10082138199575
3541,"Hill,Andy",0.100777030400569
3542,"Rekuc,Patryk",0.100741214941523
3543,"Lasschuit,R",0.100601170769063
3544,"Andrade Fiaes,M",0.100436079191845
3545,"Sardy,P",0.10041943723205
3546,"Velikic,A",0.100357211084117
3547,"Trepat Herranz,J",0.10035534076652
3548,"Yoganathan,Sakithyan",0.100326803040249
3549,"Nies,Levi",0.100263296837271
3550,"Janturin,A",0.100128244902558
3551,"Pinchetti,A",0.100111026611394
3552,"Gallastegi de la Fuente,I",0.100038619545834
3553,"Zilavy,Jan",0.0999987694621539
3554,"Danielyan,Vahe",0.0999336319046329
3555,"Ocelak,Jakub",0.0998519829133238
3556,"Kuipers,S",0.0998352438683978
3557,"Rasovic,U",0.0998243461366109
3558,"Fauth,D",0.0997382090462426
3559,"Willemze,T",0.0995943626752065
3560,"Moor,Nathaniel Philip",0.0995439978800692
3561,"Ermemis,Kadir Efe",0.099501193035231
3562,"Rothe,Justin",0.0994860997139656
3563,"Simula,L",0.0994787619843157
3564,"Prokhorov,Aleksey",0.0993281017681411
3565,"Danilov,V",0.0993255134148674
3566,"Gallagher,Daniel GH",0.0993214309314693
3567,"Arnott,J",0.0991999535724164
3568,"Kalisky,V",0.09919416716918
3569,"Liavonava,Yuliya",0.0991815326774504
3570,"Moskvin,Anatoly",0.0991775671651126
3571,"Khalilov,Abdumalik",0.0989913290987599
3572,"Avilova,Yulia",0.0988178282885525
3573,"Gomez,Daniel",0.0988125298854869
3574,"Georgiadis,I",0.0985514877332409
3575,"Sheremetev,Vladislav",0.0985128740708931
3576,"Martinez De Soria Gordon,Jose Manuel",0.098458479088789
3577,"Gibala,Adam",0.09822203274161
3578,"Ravi Krishna G",0.0980375557786547
3579,"Buerger,Helmut",0.0980208780152362
3580,"Rogozyanskiy,Alexander",0.0979882174141404
3581,"Novotny,Dominik",0.0978630662088912
3582,"Jedynak,R",0.097834930744002
3583,"Southcott-Moyers,Indy",0.0977415838755002
3584,"Sanjay,S Pillai",0.0977268778434143
3585,"Casalaspro,Mathias Andre",0.0974989611398844
3586,"Zhuang,Kyle",0.0974162017059546
3587,"Morris-Suzuki,Sophie",0.0973932670854938
3588,"Doluhanova,E",0.0972047262773537
3589,"Fransen,Jean-Paul",0.0970722194683448
3590,"Mompel Ferruz,Xavier",0.0969680320634558
3591,"Thorfinnsson,Bj",0.0968821033480286
3592,"Bouska,Jiri",0.0967392021892732
3593,"Beliman,Alexandro",0.0966931022545589
3594,"Stamenkovic,Lazar",0.0964034106860989
3595,"Ali Marandi,C",0.0963976307363587
3596,"Brooks,Paul",0.0963598575670451
3597,"Iachanou,Daniel",0.0962972303693526
3598,"Ohler,Julius",0.0962715460680151
3599,"Minguell Soler,Joan",0.0961854448558635
3600,"Shirinov,Yashar",0.0961633374227967
3601,"Ivanovic,Marko",0.0960988222703172
3602,"Garbuz,Vitaliy",0.0960660629460296
3603,"Fedorov,Gr",0.0958833992691451
3604,"Citak,S",0.0958491977414573
3605,"Wan,Joseph",0.0958323292726482
3606,"Campos Rosas,M",0.0958132395630782
3607,"Tomic,Aleksandar",0.0957001488433337
3608,"Fogo Esquivel,Levi Kalani Alexander",0.0956046743970528
3609,"Xie,Felix",0.0954745692047938
3610,"Jianu,V",0.0952733542455079
3611,"Kushagra Paliwal",0.0951533975542866
3612,"Chitre Arush",0.0951189407534632
3613,"Nodirjanova,N",0.0951172291880422
3614,"Andalamala Hemal Varshan",0.0950857322586645
3615,"Schweitzer,O",0.0950772280036228
3616,"Cardenas Montano,Mariam Eliz",0.0949679751010595
3617,"Dwilewicz,K",0.0949361443022536
3618,"Wang,Tianqi",0.0949330075139215
3619,"Ugorek,Kacper",0.0947119329113296
3620,"Zaiarski,Stepan",0.0945955286873744
3621,"Kelmendi,Arsim",0.0945949217659393
3622,"Pena Duarte,F",0.0945063104283495
3623,"Temizkan,D",0.0944062930965511
3624,"Ozates,Tuna",0.0943531182061708
3625,"Shen,Fuyan",0.0943438333743438
3626,"Uuriintuya,Uurtsaikh",0.0942724162709835
3627,"Krishnakumar,Sriram",0.094238756664675
3628,"Kalyva,Kyriaki",0.0941839838650399
3629,"Jacobsen,Mikkel Manosri",0.0939522671221479
3630,"Abiad Parra,Victor",0.0939326685168434
3631,"Caputcuoglu,Zeki Berke",0.0939157729442751
3632,"Konovalov,N",0.0938172432230365
3633,"Nyzhnyk,I",0.0937440853880476
3634,"Triantafilidis,Mihail",0.0936448353431343
3635,"Smith,Ala",0.0936227143297047
3636,"Preobrazhenskaya,Diana",0.0935527376059115
3637,"Piasetski,L",0.0935405497916186
3638,"Ribera Veganzones,Serni",0.093422258539113
3639,"Komatinovic,Milan",0.0933479611424368
3640,"Zhuravlev,Al",0.0933257721918033
3641,"Kollen,Z",0.0932724620820371
3642,"Lovrincevic,Sime",0.0932655010570264
3643,"Pasko,Llambi",0.0931658437838884
3644,"Olsson,William",0.0931102828749966
3645,"Boryna,Szymon",0.0929479246615501
3646,"Nguyen Hong Nhung",0.092859619959227
3647,"Sadeghpour,Alireza",0.0927675149691612
3648,"Diaz Castro,Ser1",0.0927317401221928
3649,"Hlavina,Matous",0.0927312902591101
3650,"Nemegeer,Arne",0.0926512823279269
3651,"Kolar,Edvard",0.092585904623089
3652,"Szikszai,Bertalan",0.0925342237894357
3653,"Rakesh,Ku2",0.0924636481178147
3654,"Bhawsar,Ashwath",0.0924020374551322
3655,"Tiggelman,R",0.092256448409857
3656,"Borhy,Marcell",0.0921348579083802
3657,"Sharvaanica A S",0.0921038877449505
3658,"Richter,Ch",0.0920990317869226
3659,"Popadic,Dr",0.092092674686522
3660,"Shubh Atha",0.0920301913999006
3661,"Kesoglou,K",0.0920025531974897
3662,"Sidiropoulos,Vasilis",0.091990510731743
3663,"Yu,Zechen",0.0919797715321523
3664,"Naranjo Moreno,A",0.0918887798829326
3665,"Bazyrtsyrenov,Kirill",0.0918871805215917
3666,"Michel,JC",0.0918870750736668
3667,"Komulainen,Lauri",0.0918862723807962
3668,"Disconzi da Silva,R",0.0918452708018279
3669,"Voroshilov,Roman",0.0917291891850178
3670,"Okhotnik,V",0.0916668270692839
3671,"Loukopoulos,Panagiotis-Athanasi",0.0916178005031203
3672,"Azizov,Sadullo",0.0915601357277447
3673,"Xu,Minghui",0.0915560325901009
3674,"Adhrit Das Purkayastha",0.0914802239632711
3675,"Bonnet,Gabriel Misa Jean",0.0914080020648155
3676,"Barnes,Oliver",0.0913674899436297
3677,"Han,Qixiang",0.091326423103248
3678,"Arkell,K",0.0913051666150919
3679,"Song,Michael",0.0912516533247126
3680,"Tian,Eddy",0.0911508343185837
3681,"Pierucci,F",0.0910438039033684
3682,"Abbasi Abeluie,Mohammad Mehdi",0.090851265683471
3683,"Voinikonis,Nikita",0.0906725236116789
3684,"Vernay,C",0.0906641381862454
3685,"Kim,Se",0.0906339503653044
3686,"Yusupkhodzhaev,Vladimir",0.0906024936062723
3687,"Dobraj,Bleron",0.0904702187269059
3688,"Jiang,Andrew",0.0903449801346828
3689,"Giroyan,G",0.0902292738482814
3690,"Vassiliou,Chris",0.0900555823221214
3691,"Guelsen,T",0.0900431528937863
3692,"Grzesik,Gracjan",0.0900034111070036
3693,"Su,Jasmine Zhixin",0.0898771803327123
3694,"Balla,Ta",0.0898487479619395
3695,"Saulina,Varvara",0.0898043016224178
3696,"Kumbharathi,Vedansh",0.0897524325132132
3697,"Hejazipour,M",0.0897017911663878
3698,"De Jong,JW",0.0895779132472776
3699,"Bayramov,Zaur",0.0895269973603965
3700,"Chumaevskiy,Arseniy",0.0894316280969517
3701,"Mehmeti,Shqipdon",0.0894256049790062
3702,"Apostolakaki,Evangelia",0.0893641681149026
3703,"Kozlov,Alexei",0.0892767339792815
3704,"Pomares Diaz,Manuel Alejandro",0.0892586692395816
3705,"Yu,Shi",0.0892025226241659
3706,"Papakyriakou,Petros",0.0889481499750805
3707,"Cyfka,Karina",0.088927426428287
3708,"Khegay,D",0.088855929367994
3709,"Musovic,A",0.0888218167622508
3710,"Lalanne,P",0.0886654698980855
3711,"Mgeladze,T",0.0886106457976588
3712,"Gaehler,M",0.088597090605769
3713,"Molnar,Aurel Jr.",0.0885851842731581
3714,"Baroyan,Davit",0.088489690559859
3715,"Tabaa,Ghayth",0.0884770197879606
3716,"Tomasi,Elise",0.0884494837421234
3717,"Alexakis,Georgios",0.0883901792254671
3718,"Krauchi Romero,Martin",0.0883178703201513
3719,"Mihajlov,Sv",0.0882500162933244
3720,"Gan-Od,Sereenen",0.0880122911434044
3721,"Popandopulo,Kristina",0.0879761512714966
3722,"Jardim,Frederico Rodrigues",0.0879435754608174
3723,"Garv,Gaur",0.087925788973931
3724,"Halak,M",0.087726519870611
3725,"Zysk,R",0.0876869191579578
3726,"Modallal,T",0.0876467337627356
3727,"Van der Hagen,Loek",0.0875333816373652
3728,"Kouroglou,Konstantinos",0.0875205501441811
3729,"Md. Muhimenul,Islam",0.0874888348966924
3730,"Acosta Guerrero,Yadel Alejandro",0.0872962555786812
3731,"Berres,Eric",0.087179010838429
3732,"Cadena M,G",0.0871705013785374
3733,"Poupalos,Nikolaos",0.0871592763606871
3734,"Ayaan Trikha",0.0870432792111895
3735,"Kormas,Georgios",0.0870263038162429
3736,"Baker,CW",0.0869832179761918
3737,"Kogen,Jonathan",0.0868597441717247
3738,"Kandora,Max",0.0868075559097299
3739,"Tempone,M",0.0867836442278051
3740,"Angelov,K",0.08673243637563
3741,"Sursock,S",0.086567221283861
3742,"Ruiz Vazquez,Javier",0.0865620798730319
3743,"Kruckenhauser,Arthur",0.0865496830197096
3744,"Gerber,R",0.0865218503622317
3745,"Hausrath,D",0.0864762680038284
3746,"Nikolic,N MNE",0.0864204559129671
3747,"Karason,A",0.0863574988822219
3748,"Trunzo,Luciano",0.0863405967839525
3749,"Kononenko,Dmitry2",0.0863379334251066
3750,"Tutisani,Noe",0.0863270909269353
3751,"Lagrotteria,S",0.0863118830980616
3752,"Brilej,Jaka",0.0862337413206774
3753,"Fishchuk,Vladyslav",0.0861971029535843
3754,"Antolak,Julia",0.0861915166790526
3755,"Langheinrich,F",0.0861365905589171
3756,"Laylo,D",0.0859950390910102
3757,"Garifulin,Yury",0.0858872101857746
3758,"Jasny,S",0.0858696212916895
3759,"Shi,Yige",0.0857872363456872
3760,"Salvador,Louie",0.0855701131920109
3761,"Cattaneo,Marco",0.0854060646305206
3762,"Walgren,William Arntzen",0.0853800278089502
3763,"Nazin,R",0.0853625436062194
3764,"Kring,Stephan",0.0853031929411888
3765,"Larino Nieto,D",0.0852833612547097
3766,"Brandao,R",0.085093764814597
3767,"Schnabel,R",0.0850337328191848
3768,"Requejo,O",0.0849586787177144
3769,"Borges,Gu",0.0849547635809192
3770,"Ienasoaie,Rafael",0.0848880898771596
3771,"Advaitt Srikant Koduri",0.0848170532410667
3772,"Ermeni,A",0.0847726426609286
3773,"Khoury,Theo",0.0847726409826704
3774,"Simic,Aleksandar",0.0846587446741963
3775,"Cuartas,Ja",0.0846139724538817
3776,"Volkov,Leonid",0.0846029769420178
3777,"Dovgaliuk,Oleksandr",0.0846013358640827
3778,"Gallana,M",0.0844936215355233
3779,"Kaster,M",0.084423385797396
3780,"Granovskiy,A",0.0843878071075973
3781,"Batchuluun,T",0.0842950277866591
3782,"Landmark,Gabriel",0.0842803495644064
3783,"Latifah,Laysa",0.0841766586251538
3784,"Novikov,I",0.0840958660639669
3785,"Thorsteinsdottir,H",0.0840877022204957
3786,"Ahmed,Mah",0.0840706499073522
3787,"Rocco,Federico",0.0840314055983594
3788,"Davtyan,David Arm.",0.0840278130611433
3789,"Kluchik,J",0.0839473477539204
3790,"Abdin,Mahmoud",0.0836138030298671
3791,"Gomes,Miguel Abner Neves",0.0835929620311133
3792,"Dalla,Maria Myrsini",0.0835750482279025
3793,"Yash,Abhijit Patil",0.0835655394828404
3794,"Reyes,Ju",0.0834906635521135
3795,"Budzisz,Adrian",0.0832950608045814
3796,"Carre,S",0.0832825740991413
3797,"Korneev,S",0.0831266763901497
3798,"Acs,Peter",0.0830900968027439
3799,"Kostov,Deyan Samuil",0.0829461366908288
3800,"Pasti,Aron",0.0828963097831597
3801,"Lazic,Mir",0.0828576061744117
3802,"Georgakopoulos,Nikolaos K.",0.0824813915827657
3803,"Govciyan,P",0.0821612418581775
3804,"Gombocz,Ferenc Jr.",0.081990101485938
3805,"Silva,Luca",0.0819420268800162
3806,"Shakirov,Marat",0.0819393062638481
3807,"Zheng,Harry Z",0.0818352018221248
3808,"Klenoff,Caleb",0.0817533883461884
3809,"Spirou,M",0.0817498339084808
3810,"Abdyjapar,Asyl",0.0816515612043371
3811,"Delis,G",0.0815587644099169
3812,"Montiel Marin,Micaela Agustina",0.0812863078322882
3813,"Wojdak,Jan",0.0812254841897037
3814,"Wierenga,Jael",0.0810767714275791
3815,"Reprintsev,A",0.0810334816181699
3816,"Stamatiou,Rodolfos",0.0810043445948227
3817,"Vanapalli,Vishnu",0.0809925491173878
3818,"Liu,Manli",0.0808850707859372
3819,"Garcia Mtez de la Hidalga,Alber",0.0808697647160141
3820,"von Flottwell,Lionel",0.08080167829046
3821,"Lutz,I",0.0807120789190003
3822,"Sevcikova,Lucia",0.0806772601929124
3823,"Sjoberg,Isak",0.08064366172682
3824,"Krasniqi,Alban",0.0805645549015581
3825,"Voicu,C",0.0803983248396517
3826,"Wang Yu A",0.0803923260416799
3827,"Vyom Malhotra",0.0803818452859667
3828,"Poley,V",0.0802117054749241
3829,"Hoghmrtsyan,Artur",0.0802009767551579
3830,"Ravi,TeS",0.0800819425970471
3831,"Tsatsalashvili,K",0.0800493684948266
3832,"Saxena,Vihaan",0.0799979554137846
3833,"Wareing,J",0.0799686383772866
3834,"Potter,JM",0.0799494863608906
3835,"Santos,Luther",0.0798149846051328
3836,"Thuerauf,P",0.0797988133914086
3837,"Diano,Eden",0.0797661405379048
3838,"Alvarez Morales,M",0.0797068279855804
3839,"Bosman,M",0.0797067619738693
3840,"Brett,A",0.0796337884923132
3841,"Berry,N",0.0795444052869185
3842,"Aoshima,Mirai",0.0795133451310306
3843,"Shen Yang",0.0794640381180659
3844,"Luba,L",0.0793514349895258
3845,"King,Alexander",0.0793409077931233
3846,"Palaiologou,Apostolos",0.079273811250185
3847,"Ollen,Martin",0.0792261383927138
3848,"Szalay-Ocsak,Bank",0.0791332222966885
3849,"Chernov,Mi2",0.0790863011865231
3850,"Kopczynski,M",0.079086207534874
3851,"Robert,Yoann",0.0790488622140471
3852,"Trost,Edvin",0.079036972132888
3853,"Lemonnier,R",0.0789219372100502
3854,"Hohelj,S",0.0788837474435013
3855,"Calzadilla Gonzalez,David Alejan",0.0788261006965192
3856,"Jakic,I",0.0785407267015636
3857,"Kubicka,Anna",0.0785123462225043
3858,"Shlyakhtenko,Robert",0.0784458362959873
3859,"Jurek,J",0.0783763064306434
3860,"Paduano,Claudio",0.078148405076377
3861,"Dziarkach,Aliaksandr",0.078131721062516
3862,"Chitlange,Sakshi",0.0781238738521135
3863,"Rasmussen,A",0.0779764687758622
3864,"Pribeanu,M",0.0778971085910786
3865,"Tsvetkov,Andrey",0.0778563347596259
3866,"Nikolaidis,K",0.0778046289467303
3867,"Muniz Guevara,Amanda Maria",0.0776307076594567
3868,"Yildiz,Egehan",0.0774158004190236
3869,"Hristova,Ivelina",0.0774076250126697
3870,"Bates,Ri",0.0771398432260361
3871,"Ushenina,A",0.0770870946705609
3872,"Dixit,Arun",0.0770507946812842
3873,"Sun,Ryan",0.0769823828940432
3874,"Solomon,K",0.0769053083535348
3875,"Wilk,Tomasz",0.0768133502486964
3876,"Merriman,J",0.07644982351202
3877,"Len,I",0.0764171248805724
3878,"Wartiovaara,Oliver",0.0763851114095462
3879,"Ding,Shirui",0.0763748368754381
3880,"Reichmann,Felix",0.0763292639740224
3881,"Praet,M",0.0761989520845903
3882,"Loayza,Ignacio",0.0759653876770279
3883,"Sinthia Sarkar",0.0759134977684718
3884,"Timmer,Michel",0.0758077983944492
3885,"Drasko,M",0.0757424327097174
3886,"Kanakaris,G",0.0757210514057646
3887,"Zelic,Ml",0.0757094865247343
3888,"Csiki,Endre",0.0756760047285115
3889,"Saduakassova,D",0.0756732351567978
3890,"Rogers,Jo",0.0756150723256125
3891,"Schulz,Kar",0.0756003560210112
3892,"Chan,Mark",0.0755953832291431
3893,"Watson,Mikey J",0.075539346675047
3894,"Abdinova,Narmin",0.075474623383834
3895,"Kuznetsov,Felix",0.0753859090410352
3896,"Vakhidov,T",0.0753485678355923
3897,"Smekens,R",0.0753175453328706
3898,"Docx,S",0.0752813451483589
3899,"Ramaj,Ergit",0.075278031088395
3900,"Iskos,A",0.0752258023168032
3901,"Zhou,Zhengke",0.0751490515953661
3902,"Madejski,Milosz",0.0751322725229851
3903,"Zhu,Yaoyao",0.0749594381238802
3904,"Chowdhury,So",0.0749238249793021
3905,"Movva,Dhruva Ram",0.0748595441275046
3906,"Kao,Jamison Edrich",0.0748137382230041
3907,"Destic,Elena",0.0747804869067453
3908,"Bilous,Mykhailo",0.0746786883672784
3909,"Grech,Kacper",0.0745977296962674
3910,"Visser,HJ",0.074358116049657
3911,"Osmers,Julian",0.074280931862531
3912,"Have,D",0.074210277375806
3913,"Jodorcovsky,Alejandro David",0.0740801060698179
3914,"Ramos,Ef",0.0740239700058972
3915,"Tomeo,N",0.0739697090379093
3916,"Moghaddamian,A",0.073935505842187
3917,"Tahay,Alexis",0.0739001712981989
3918,"Bagdasarian,Ararat",0.0738049573521278
3919,"Veltkamp,G",0.0738011184756088
3920,"Khenkin,I",0.0737099719792697
3921,"Khrapko,Marharyta",0.0737004743985182
3922,"Perchinsky,Bogdan K.",0.073689754433567
3923,"Daly,C",0.0735731605300783
3924,"Moses,Neil",0.0734864343251477
3925,"Sidletskyi,Ivan",0.0734287020381837
3926,"Swijsen,L",0.0734044806741574
3927,"Haver,Bas",0.0732886913791832
3928,"Lajthajm,B",0.0730940452882816
3929,"Thier,S",0.0730137510302353
3930,"Rogule,L",0.073006060895381
3931,"Yezhel,Valiantsin",0.0728332091675126
3932,"Hartofylakas,Spyros",0.0728125797535843
3933,"Guo,Andrew",0.0726052880136701
3934,"Eigenmann,Walter",0.0725762649397054
3935,"Sos Andreu,E",0.0725022368875327
3936,"Kreutz,Jonas",0.0724207319255042
3937,"Danielian,E",0.0723850856730617
3938,"Brozyna,Mateusz",0.0721418573880574
3939,"Skrbec,Leon",0.0720951052167678
3940,"Kavalnis,Rytis",0.0719978035957278
3941,"Bendel,Ra",0.071681286166434
3942,"Andrews,T",0.0716762135446186
3943,"Ribstein,Orel",0.0716612272968838
3944,"Hurtado Bahamonde,R",0.0716482203250942
3945,"Mendoza,Ro",0.0716236698779324
3946,"Sousa,Andre Ventura",0.0716016056084528
3947,"Marin Ferragut,Pau",0.0714846738068129
3948,"Om,Batra",0.0714390976137944
3949,"Duman,A",0.0713820453465586
3950,"Katkov,Michelle",0.071378668352571
3951,"Niedbala,Bartlomiej",0.0712874743371034
3952,"McCormack,Derek",0.0712837351520952
3953,"Polok,K",0.0712508950764239
3954,"Psarianou,Eleni",0.071217618138738
3955,"Profumo,A",0.0710689415901692
3956,"Hansen,Peter",0.0710677260826911
3957,"Hossain,D",0.0710544401852737
3958,"Arcuti,Davide",0.0710057897589478
3959,"Yakovenko,O",0.0709642820635348
3960,"Ucucu,Salih",0.0709292737364051
3961,"Ezat,M",0.0709243845456061
3962,"Buyuk,Eymen Eren",0.0709010356113109
3963,"Nefedov,Sergey",0.0708434678097432
3964,"Aalto,Patrik",0.070773788597663
3965,"Mrittika Mallick",0.070734987924885
3966,"Dvalishvili,P",0.0706665331349613
3967,"Masternak,G",0.070541439645833
3968,"Solovchuk,A",0.0703555801931565
3969,"Fabig,Holger",0.070349710278577
3970,"Depau,Alessandro",0.0703329023361023
3971,"Berglind,Axel",0.070311687273082
3972,"Sudarshan,Bhat",0.0702761912456487
3973,"Brown,Michael",0.0702032790891026
3974,"Vedant,Nitin Vekhande",0.0701884205429682
3975,"Yontar,Sabrican Onay",0.0701708043932881
3976,"Rishen Jilowa",0.0701641130300088
3977,"Brewer,Callum D",0.0701272363679303
3978,"Klabis,R",0.0700195461629375
3979,"Hengl,Philip",0.0699305554215615
3980,"Fernandez Borrego,P",0.0699145871590948
3981,"Unat,Can Haktan",0.0697898183090225
3982,"Dambacher,M",0.0696752493453524
3983,"Schexnaydre,Benson",0.0696223089489969
3984,"Sushanth,Kamabathula",0.0694813940200331
3985,"Sirin,A",0.0694520434446037
3986,"Calvi,Elias Francesco",0.0694292688257018
3987,"Ordonez Torres,M",0.0692788806775399
3988,"Ji,Yunze Owen",0.0692729448833465
3989,"Kenworthy,G",0.0691305890605952
3990,"Boudry,William",0.0689972184738961
3991,"Wuerth,T",0.0689936493572018
3992,"Munoz Ramos,Christopher",0.0689758926601522
3993,"Kalinichenko,Y",0.0689195978090767
3994,"Jarlskov,Daniel Tuk Hartso",0.0687122802187105
3995,"De Wit,T",0.068688718272348
3996,"Mihaila,Marika-Nicolas",0.0686261124596955
3997,"Srebrnic,M",0.0685351916819729
3998,"Poliakova,Varvara",0.0685027273249419
3999,"Helis,T",0.0684566902591995
4000,"Kollari,Sabahajdin",0.0683782604177826
4001,"Miller,Rachel",0.0682264239105895
4002,"Yurasova,Daria",0.0682254058427774
4003,"Doan,Phan Khiem",0.0681056586012557
4004,"Mamantov,M",0.068009291453511
4005,"Sandmann,Villads Majvang",0.0679844204825999
4006,"Reefat,S",0.0679664255139513
4007,"Vogel,Ja",0.0679118733285345
4008,"Sanchez Saez,F",0.0678471533538976
4009,"Chakrabarti,Brejesh",0.0677762881897581
4010,"Meillon,Judicael",0.067737201038499
4011,"Vakcheri Mohitha",0.0677267009935746
4012,"Buscar,M",0.067702629441325
4013,"Antonica,Dragos-Andrei",0.0676319393518565
4014,"Adeimi,M",0.0676001036680922
4015,"Khademalsharieh,S",0.0674750868895076
4016,"Vallee,Louis",0.0674712325619167
4017,"Hayrapetyan,Ho",0.0674676986376604
4018,"Chavez Suarez,Carlos Alberto",0.067284722983725
4019,"Hernandez,Crist COL",0.0672669833907304
4020,"Kirk,Ez",0.0672433693175274
4021,"Hakobyan,Menua",0.0671736473235112
4022,"Babiarz,Arkadiusz",0.0671707357218926
4023,"Jaiveer,Mahendru",0.0671669155523309
4024,"Turner,Jai",0.0671652490395786
4025,"Haertel,Leon",0.0670408752259249
4026,"Esquivias Quintero,Luis Manuel",0.0670078238455027
4027,"Rahimi,Rahim",0.0670049826328673
4028,"Zhang,Eric",0.066847618183888
4029,"Shankhodip De",0.0668318210620639
4030,"Tanukusuma,Kyllian Gotthold",0.0668307518936457
4031,"Medina,W",0.0667249066723228
4032,"Dobosiewicz,Dawid",0.0666843275726093
4033,"Ranieri,Pierpaolo",0.0666705601148101
4034,"Aksu,Ata Anil",0.0666535832156482
4035,"Shevkunov,Vladyslav",0.066580032315993
4036,"Kovacevic,A",0.066509660403464
4037,"Mica,Marek",0.0664788939131576
4038,"Sokolov,And1",0.066473509528439
4039,"Chekletsov,Ilya",0.0663217866223189
4040,"Martins,Vin",0.0662822131473142
4041,"Jia,H",0.0662142293364228
4042,"Chatzieleftheriou,Andreas",0.0661829180021932
4043,"Senthilkumar,Pranav",0.066137596886622
4044,"Praczukowski,Stanislaw",0.066100955215845
4045,"Hindermann,F",0.0660816215993959
4046,"Moyse,N",0.0659663693662785
4047,"Eliseev,Sergey",0.0658514180916328
4048,"Liu,Sean Fangxiao",0.0658222785701911
4049,"Romanovskij,Nikita",0.0657236132371382
4050,"Farokhi,Darian",0.0657168057357888
4051,"Terletsky,O",0.0656487048358068
4052,"Macklin,Paul",0.065610831613343
4053,"Kiwitt,Jonah",0.0655870507601822
4054,"Vincent,Alaina",0.0654860455821822
4055,"Zhu,Linxi",0.0654648830912387
4056,"Gomez Ledo,R",0.0654635230693978
4057,"Barak,Gil",0.0654625021093966
4058,"Laptii,Nazar",0.0654398521024293
4059,"Sharma,Rishi",0.0653389512984767
4060,"Alsaqer,Meshal",0.0652981675969292
4061,"Kubos,R",0.0651991340094318
4062,"Nejanky,M",0.0651273270720228
4063,"Fernandez Estremera,Fernando",0.0650795269108467
4064,"Veselic,Maks",0.064884293392939
4065,"Varriale,Luca",0.0648137683104814
4066,"Stehning,Toni",0.0648137412909853
4067,"Venkatesh,Narayan",0.0648037532260643
4068,"Fu,Yihe",0.0647433403629583
4069,"Rozen,Eytan",0.0647307348847834
4070,"Perez Mitjans,O",0.0647077211138141
4071,"Brod,M",0.0647005305761512
4072,"Shubhi Gupta",0.0646366449387094
4073,"Draganic,V",0.0646271490643864
4074,"Pauls,Florian",0.0645876525248411
4075,"Johnson,Joshua",0.064456374663723
4076,"Batsiashvili,N",0.0644441515860925
4077,"Gusev,Mikhail",0.0643755229014498
4078,"Woods,Yannick",0.0643641280788198
4079,"Balduan,M",0.064346868043095
4080,"Fernandez,Laur",0.0643075709109744
4081,"El Barbry,Sarah",0.0642487181573817
4082,"Ermolaev,E",0.0638324151822732
4083,"Milosevic,Aleksandar J",0.0637530780223689
4084,"Kasperski,Marcin",0.0636163868725308
4085,"Zafirakos,Jesse",0.0636121997265983
4086,"Hiwale,Ronak",0.0635619967960218
4087,"Mutlu,Ezgi",0.063450299972732
4088,"Leschinsky,Gary",0.0634364586205512
4089,"Shen,Ree Herng",0.0632922308962939
4090,"Digernes,Magnus",0.0632269043552653
4091,"Swarna Nihal",0.0632061887460551
4092,"Mis,Filipp",0.0629978784665144
4093,"Cerveny,M",0.0629335349042397
4094,"Nedelcu,Teodor-Cosmin",0.062895185898569
4095,"Adla,D",0.0628458032894194
4096,"Rajevic,G",0.0626990316175192
4097,"Parambrata Sarkar",0.0625890164616731
4098,"Ramanuj Mishra",0.0625652221983548
4099,"Nechitaylo,Nikita",0.0625546825224603
4100,"Schwander,Lukas",0.0621243153511595
4101,"Amulya Guruprasad",0.0621023833029795
4102,"Straub,Ju",0.0620844481071517
4103,"Ter-Avetisjana,Agnesa Stepania",0.0620279581698203
4104,"Vafin,A",0.0618056991938312
4105,"Buganca,Luiz Henrique Da Silva",0.0617996437432385
4106,"Lopez Almanzas,Dario Alex",0.0617619341667091
4107,"Ipek,Egehan",0.0617598699094765
4108,"Gritsayeva,O",0.0617432659932824
4109,"Gong,Bonuonuo",0.0616523474833018
4110,"Guerra De La Rosa,Nilo Antonio",0.0616499963962357
4111,"Van der Poel,H",0.0616490060563145
4112,"Balakrishnan,Praveen",0.0615697608075467
4113,"Mulay,P",0.0614905992610534
4114,"Lakshmi,Charan Naidu G",0.0613429257364505
4115,"Fisabilillah,Ummi",0.0612792869126313
4116,"O'cuilleanain,Oisin",0.0612321594208362
4117,"Apon,Iwahn",0.0611066696145521
4118,"Samoun,F",0.0611042386644906
4119,"Yigit,Ahmet Yasir",0.0610973505716281
4120,"Pratyush Kumar",0.0610317651364909
4121,"Decrop,Hendrik",0.0609849741570758
4122,"Rivas Cabrera,Edgar",0.0609590191204425
4123,"Makoli,P",0.0609005363243449
4124,"Rubel,Hossen",0.060844402348815
4125,"Odio Camue,Ismael",0.0608211451643886
4126,"Schenderowitsch,M",0.0607354803426791
4127,"Unsal,Gorkem",0.0607158599180186
4128,"Soban,J",0.0606539562220637
4129,"Aranovitch,E",0.0606330015638326
4130,"Gao,Muziyan",0.0605556965156921
4131,"Al Modiahki,M",0.0604759745999306
4132,"Colmenares,A",0.0604416902111568
4133,"Norris,Zack",0.0604306197230445
4134,"Truskavetsky,A",0.0602669524779842
4135,"Pothast,Laurenz",0.0602597807841563
4136,"Koskinen,Hen",0.0601604163840992
4137,"Hu,J",0.0601205550703487
4138,"Akesson,R",0.0600527156881461
4139,"Hrbek,Jachym",0.0599868339147779
4140,"Nguyen,Vu Ky Anh",0.0599275332535077
4141,"Dolezal,Ra1",0.0598561460171102
4142,"Onodi,Tamas",0.0598552329374742
4143,"Gu,Xianghan",0.0597156465910227
4144,"Tanmay Rajbongshi",0.0595502794192495
4145,"Jiang,Liu",0.0594234358549964
4146,"Ristic,Neb1",0.0593158061078062
4147,"Najjar,A",0.0592139449990884
4148,"Hamley,Ryan",0.0592024340360086
4149,"Milliet,S",0.0590783993650982
4150,"Koppenens,Oscar",0.0590213124453779
4151,"Garcia Martinez,Om",0.0590089053360393
4152,"February,Jesse Nikki",0.0589541005421019
4153,"Zhang Pengxiang",0.0589506087167317
4154,"Korszanski,Stanislaw",0.0589128394092777
4155,"Singh Dhaliwal,Jaipreet",0.0587765547572536
4156,"Ieromonachos,Dimitrios Nektarios",0.0587168242567479
4157,"Gurbanov,Huseyn",0.0586343419416092
4158,"Maruflu,Enes Yusuf",0.0586236583394451
4159,"Kalliora,Despoina",0.0585556257922656
4160,"Zimmermann,Re",0.0585504174865326
4161,"Busch,Jonathan Luis",0.0585351274598052
4162,"Karlusic,Luka",0.0584462193095672
4163,"Siraj,Svit",0.0584364005601233
4164,"Flak,P",0.0583928569090592
4165,"Javadov,Habil",0.0583667088415357
4166,"Rybacek,Martin",0.0582426748570825
4167,"Longson,A",0.0582104838977864
4168,"Fathallah,J",0.0582059418863744
4169,"Escobar Forero,A",0.0581578312771488
4170,"Padalka,A",0.0581498819016518
4171,"Keber,Aljosa",0.0579768842056815
4172,"Serikbay,Assel",0.0579076998949226
4173,"Vrashank,Chouhan",0.0578808267513818
4174,"Djokic,Mihailo",0.0577509991778925
4175,"Avadhoot Lokesh Bhakti Brahme",0.0577239798982547
4176,"Ibrahim,Issam",0.0576910501548942
4177,"Garrido Diaz,Jose Antonio",0.0575840194041695
4178,"Georgiadis,N",0.0575545857931749
4179,"Eichmann,Andreas",0.0575426963776474
4180,"Collins,Geoffrey J",0.05752468618935
4181,"Dobrovoljc,Vid",0.0574942062834977
4182,"Rahmilevitz,A",0.0573940273495035
4183,"Albertini,L",0.0573183159775379
4184,"Gavenavicius,Karolis",0.0573076368146115
4185,"Rucek,Kristian",0.0573041688687977
4186,"Brunke,Pascal",0.0572954769421689
4187,"Fadi,M",0.0571303249206536
4188,"Alvarez Dominguez,B",0.0570977040474364
4189,"Zlatin,Alexander",0.056936469633331
4190,"Kavyev,Ruslan",0.056887763996085
4191,"Atanasov,Margarit",0.0568815675232535
4192,"Narendra Agarwal",0.0568519753172533
4193,"Sembera,Milan",0.0568249058824086
4194,"Gao,Jiazheng",0.0568092098975466
4195,"Schlegel,Igor",0.0567878177598861
4196,"Zwahr,P",0.0567477412280428
4197,"Attieh,Skye",0.0565724523279966
4198,"Cherukuri,Nitesh",0.0565283385853576
4199,"Padilla Garcia,C",0.0565157127369112
4200,"McKay,Jonathan",0.0563473475251269
4201,"Lohmann,Rene",0.0563023993288638
4202,"Popenkova,Varvara",0.0562802798537609
4203,"Lupolov,Boris",0.0562588999837649
4204,"Anisimov,Volodymyr",0.0562424038625896
4205,"Krishay Jain",0.056085618301206
4206,"Purtseladze,M",0.0560525772954814
4207,"Charchulla,Moritz",0.0560320666781627
4208,"Heitmann,Erik",0.0558287572740267
4209,"Kimani,Kimingi",0.0557640273546233
4210,"Ehrsam,Andreas",0.0557529505366342
4211,"Alvir,A",0.0556423781556286
4212,"Krukouski,Serafim",0.0555645185037375
4213,"Ragavan,Samarth Rajesh",0.0555158895398071
4214,"Vehi Bach,V",0.0554660542316205
4215,"Benjamin,Joe",0.0554422590218107
4216,"Belkaid,Sohan",0.0554176106932442
4217,"Cantero,Rodolfo",0.0554012240038775
4218,"Federovski,Adi",0.0551667968200209
4219,"Gatineau,Yovann",0.0551636684787474
4220,"Rodin,D",0.0551385852484498
4221,"Pressman,L",0.055116214488399
4222,"Dobrovolsky,L",0.0551089660455112
4223,"Papadiamandis,Elliot",0.0550867708170692
4224,"Pan,Xizhi",0.055076617170336
4225,"George Samir,David",0.055064713310798
4226,"Tanmay R",0.0548711207080578
4227,"Rudolph,A",0.0548698357456623
4228,"Hua,Eugene",0.0548126827706152
4229,"Mijovic,A",0.0547960204933445
4230,"Amirinasab,Abolfazl",0.0547368593443013
4231,"Omar,Noa",0.0547080555401478
4232,"Natter,M",0.0545310998481573
4233,"Geller,Anastasiya",0.0544438660620779
4234,"Muniz,Francisco Allysson da S.",0.0544009967038301
4235,"Nilsson,Eskil",0.0543104483714307
4236,"Alimpic,Aleksa",0.0542670077749687
4237,"Gagliardi,Ch",0.0541733405420108
4238,"Da Silva,AR",0.0541312369959223
4239,"Vesga Izeta,Markel",0.0540726136267249
4240,"Schmitz,Philipp",0.0540290281134728
4241,"Thomas,Anysia",0.0539501496734896
4242,"Waterfield,Mark",0.0539500974214933
4243,"Papakonstantinou,Di2",0.0539348348078615
4244,"Md. Sajidul,Haque",0.0538534645370362
4245,"Nadj Hedjesi,B",0.0537207310665267
4246,"Stankovic,Boris",0.0537184181120301
4247,"Toth,Lili",0.053634975024943
4248,"Sanhueza,C",0.0536328155386016
4249,"Lo Presti,R",0.0536321055119336
4250,"Kotrotsos,V",0.0536298747571406
4251,"Parkkinen,J",0.0535451564075238
4252,"Saglier,P",0.0534086648957865
4253,"Cooksey,P",0.0533681326445885
4254,"Dede,Metehan",0.0532337036782745
4255,"Frayna,Janelle Mae",0.0531442926489992
4256,"Poliannikov,Danila",0.0530626440673987
4257,"Gkoutzouki,Aikaterini Argyro",0.0529611809357375
4258,"Kazik,Oguz Kagan",0.0529267524094724
4259,"Alwis,H Sandithi Kusalya",0.0527483713423623
4260,"Norman,Kseniya",0.0527089685566016
4261,"Dierssen Garcia-Barredo,Guiller",0.0527021190212351
4262,"Plazuelo Pascual,Juan",0.0526764014730628
4263,"Lopez Gracia,F",0.0526163864186277
4264,"Batsuren,Dambasuren",0.0525763837691719
4265,"Poljak,Stipe",0.0525564508809908
4266,"Du,Yuxin",0.0525354000732945
4267,"Genkeswaran,Genivan",0.0523207970625227
4268,"Chen,lvheng",0.0522370025533998
4269,"Zatonskih,A",0.0521874988508848
4270,"Takahashi,Michael",0.0520580842184295
4271,"Kelbl,Jakob",0.0519711770152455
4272,"Bizopoulos,A",0.0519640328163186
4273,"Mylonakis,Ioannis",0.0519450750360827
4274,"Jagreet Misra",0.0519126097532697
4275,"Almeida Junior,Alvaro Alves de",0.0517535030496472
4276,"Charvein,Gabriel",0.051690980535273
4277,"Kiss,Mat",0.0516307806580632
4278,"Gruenenwald,J",0.0516035356454272
4279,"Maycock Bates,David Henry",0.0515925658067514
4280,"Forgas Moreno,Y",0.0515850486047363
4281,"Hunt,H",0.0515592188096556
4282,"Kassar,Bashar",0.051440526825387
4283,"Berresheim,H",0.0513758184853801
4284,"Aden,Tammo",0.0512939011020609
4285,"Abhishek,K",0.0512696661753411
4286,"Dobrikov,Marco",0.0512412765716749
4287,"Fiskaaen,Martin Holten",0.0512271572607794
4288,"Brunello,M",0.0511451357853015
4289,"Mesiano,Felipe",0.0510726709117226
4290,"Coles,Robin",0.0510595276226383
4291,"Wang,Angela",0.0510176751630265
4292,"Schneider,Bernd1",0.0509918085186086
4293,"Radhakrishnan,Sharath",0.0509736467501521
4294,"Murugan,K",0.0509734899281013
4295,"Rakipi,Alexandr",0.0508449902342724
4296,"Strehse,Nelson",0.0508434291852399
4297,"Vukasinovic,Darko",0.0507991544190699
4298,"Ploetz,W",0.050783484495836
4299,"Tamames Soria,Cesar Manuel",0.0507256016445969
4300,"Lintner,Igor",0.0507212604060257
4301,"Bezdek,Tomas",0.0507007704190025
4302,"Mozes,E",0.0506432141548077
4303,"Divljan,I",0.0505750756281113
4304,"Nogueira,I",0.050511314181648
4305,"Harmsen,J",0.050443639625263
4306,"Besser,Jochen",0.0503895442648575
4307,"Suarez Uriel,A",0.0502677299671748
4308,"Al Hosani,Omran",0.0501853917242065
4309,"Lo,Willis",0.0499974934294375
4310,"Kozusek,Daniel",0.0499476210888205
4311,"Zhu,Alexander",0.0498814043568495
4312,"Ongut,Tamas Gunes",0.0498113919053418
4313,"Slacky,S",0.0498042358108003
4314,"Garzon Zapatanga,Christopher Leonel",0.0497511110590922
4315,"Buzalka,Martin",0.0496226864800171
4316,"Sai,Han Thiha",0.049607872058712
4317,"Arias Diaz,Miguel Angel",0.0494818106205367
4318,"Tulegen,Ramazan",0.049406827399743
4319,"Anagnostopoulos,Panagiotis",0.0494015937738003
4320,"Matveeva,O",0.0493137862359812
4321,"Sravyasree Bheemarasetty",0.0491319467036801
4322,"Kopasz,R",0.049051878714925
4323,"Egyed,G",0.0490018613973675
4324,"Yavuz,Efe Metehan",0.0489382292222092
4325,"Vukcevic,N",0.0488622739289637
4326,"Marcinkowski,Adam",0.0488105795649953
4327,"Hasan Md,E",0.0487739152249123
4328,"Hommes,E",0.048697651614179
4329,"du Maire,Jerome",0.048668385904519
4330,"Kucin,Alexander",0.0486655540461452
4331,"Gonzalez Ochoa,Y",0.0485901870024868
4332,"Bobinski,Lukasz",0.0485882099254311
4333,"Van Heinsbergen,Jonathan",0.0484964117960571
4334,"Giang,Tran Nam",0.0484956602672552
4335,"Te Bokkel,G",0.0484771360152345
4336,"Jurkic,B",0.0483190929495815
4337,"Herrmann,Jakob",0.0483146607689063
4338,"Di Nicolantonio,L",0.0481293775986436
4339,"Belyakov,B",0.0481216069763765
4340,"Varankin,Leonid",0.0481188066508534
4341,"Yamamoto,Soichiro",0.047996987930484
4342,"Hajnal,Z",0.0479311436958633
4343,"Pavicevic,Zlatko",0.0479042838587312
4344,"Chen,Jun-Wei",0.0478585789769103
4345,"Chen,Muxi",0.0478533261118876
4346,"Luz,Arthur Nader",0.0477137562157693
4347,"Bailet,P",0.047685894306924
4348,"Bouzidi,Ahmed",0.0476264569738064
4349,"Gardner,L",0.0476190222462777
4350,"Mihaylov,Bozhidar",0.0475978326569225
4351,"Butenko,Zlata",0.0475799226487987
4352,"Wernberg,Hugo",0.0475747243422504
4353,"Mullon,J",0.0475012257222649
4354,"Aradhy Roy",0.0474837084392916
4355,"Leve,Nitai",0.0474674928211123
4356,"Briquet,J",0.0474496914761061
4357,"Zhao,Yunqing",0.0474469333090827
4358,"Mohammad,J",0.0474253801958326
4359,"Dima,M",0.0473901253141275
4360,"Sun,Jihan",0.047348946524019
4361,"Thorisson,Benedikt",0.0472802896815738
4362,"Tieres,Cristiano",0.0472686068714584
4363,"Kutanjac,Aleksandar",0.0472661240098644
4364,"Graif,William",0.0472426405508407
4365,"Daulet,Alikhan",0.047201127245795
4366,"Suska,Szymon",0.047200225919264
4367,"Ghita,Costa-Cristian",0.0471179078718257
4368,"Piz,M",0.0471173269770261
4369,"Kovalchuk,Al RUS",0.046995616529594
4370,"Moskalets,Sofiia",0.046888481012615
4371,"Simbler,Facundo",0.0468790344850459
4372,"Bouchet,S",0.0468784165054996
4373,"Cacheiro Blanco,Diego",0.0468076422439579
4374,"Vafiadis,K",0.0467883580115051
4375,"Haeusler,Luca",0.0467284716330286
4376,"Suvorov,Alexander",0.0466789648101631
4377,"Sasikumar,Srivathsan",0.0465817780602485
4378,"Kirtadze,Anastasia",0.0465336337784543
4379,"Kotelva,Lev M",0.0465218928829115
4380,"Aydin,Gulenay",0.0463650373756237
4381,"Castellano Lopez,Javier",0.0463054414194607
4382,"Kriens,Hans",0.0462076092560615
4383,"Afreed T Khan",0.0462034683962978
4384,"Benitah,Y",0.0461174662349096
4385,"Duggan,John E",0.0460961315308412
4386,"Jahn,Thomas",0.0460918096193957
4387,"Castellano,Christo",0.0460859950086404
4388,"Przybylski,Bartosz",0.0460857470722029
4389,"Plomp,Mateo",0.0460401406185416
4390,"Petr,Ja1",0.0459126147276863
4391,"Mohamed Zaki,Jana",0.045870589508245
4392,"Docampo Beltran,Dexter",0.045837763431034
4393,"Gonzalez Menendez,I",0.0457957321047787
4394,"Keneshbekov,Elim",0.0457651993625124
4395,"Hoang Thi Bao Tram",0.0457460894517264
4396,"Rodriguez Pirela,Luis Anibal",0.0456973327751667
4397,"Walloschek,Christian",0.0456861461786738
4398,"Sherla Prathamesh",0.0456453791937521
4399,"Nimac-Kalcina,Vito",0.0455830679702593
4400,"Gales,Randi-Ioan",0.0455681212543909
4401,"Windram,James",0.0455623208986886
4402,"Ma,Lin",0.0455618522587696
4403,"Gomez,Joh",0.0454583829070143
4404,"Todorovic,Nenad I",0.04540514574472
4405,"Nayak,Rajesh",0.045377947500174
4406,"Borges Rodriguez,Javier",0.0453332818949276
4407,"Garcia de Dios,Jose Antonio",0.0452943463237036
4408,"Dizdarevic,E",0.0452547763059164
4409,"Kleymenova,Valeria",0.0452130393870914
4410,"Thorsen,Adrian Stenstrop",0.0452041022029775
4411,"Popovic,Dr1",0.0451672598151317
4412,"Tonndorf,M",0.0450929780855383
4413,"Dasgupta,Avyukt",0.0450153693434537
4414,"Igambergenov,A",0.0449824486180486
4415,"Belov,Alexe",0.044947490891095
4416,"Deodhar,V",0.0449282695611194
4417,"Abdulrahman Mohammad,Al Taher",0.044880749053815
4418,"Bagi,M",0.0447000010434684
4419,"Hanache,Kai",0.0446827009766523
4420,"Bauer,Thomas",0.0446697741899302
4421,"Jakubek,P",0.0446405390220419
4422,"Girsh,Daniel",0.0445227596370356
4423,"Herfesa,Shafira Devi",0.044501029221408
4424,"Levitan,J",0.0444971861444142
4425,"Tomilova,E",0.044437416616731
4426,"Jing,Andrew",0.0444116837585949
4427,"Kumaresh,A",0.0442346965929088
4428,"Barrios Pinanez,Carlos Emmanuel",0.0441311603073216
4429,"Fellowes,Billy",0.0441002200748984
4430,"Baranetskyi,Denys",0.0440507173375439
4431,"Zakharov,Alexey O.",0.0440503471067144
4432,"Borges da Silva,R",0.0438918086406031
4433,"Alluri Bhaskara Ratna Shanmukha Reddy",0.0438871180311083
4434,"Halynyazov,Vepaly",0.0438435923929262
4435,"Blom,V",0.0437475207425992
4436,"Krnic,I",0.0437290564542179
4437,"Papadopoulos,Filippos",0.0437203305590411
4438,"Leong,Benjamin",0.0436714906508747
4439,"Martin Carmona,Gaston Manuel",0.0435902996119073
4440,"Amin-Erdene,Bayanmunkh",0.043551739255267
4441,"De Jong,Lode",0.0435455717498516
4442,"Plotnikov,Boris",0.0435187236556556
4443,"Kryeziu,Besim",0.0434850870994192
4444,"Riff,JN",0.0433794145427963
4445,"Mishra Kamad",0.0433015192497813
4446,"Cabanas Jimenez,Ma",0.0431945862005446
4447,"Pilz,D",0.0431814941989886
4448,"Mesic,Ismet",0.0431138702906905
4449,"Kiewra,K",0.0430889498900271
4450,"Stork,Oliver",0.0430152206221981
4451,"Xheladini,M",0.0429395123615924
4452,"Tang,Austin",0.0429123841632429
4453,"Tubak,Daniel",0.042900695086283
4454,"Uz,Kagan",0.0428615705551057
4455,"Gut,Raphael",0.0427677954146825
4456,"Pfarr,Michael",0.0427621454448655
4457,"Amirkul,Alimzhan",0.0427407458858562
4458,"Ridge,Michael",0.0426704776254071
4459,"Nagataki,Kota",0.0426309006613625
4460,"Vourtsas,A",0.0426075136501805
4461,"Armaan Singh Bakshi",0.0425526066310464
4462,"Roque,Alexa",0.0425513909030479
4463,"Petenyi,T",0.0424943144140302
4464,"Bury,Milosz",0.042480994430528
4465,"Jodorcovsky,P",0.0424326941289658
4466,"Skaraki,A",0.0424076751540452
4467,"Vedder,H",0.0423696175299721
4468,"Ashwin Sairam",0.0422056112631594
4469,"Sneha Halder",0.0421902910083005
4470,"Kasparov,Aram",0.042136106852038
4471,"Rawlinson,A",0.042100208392416
4472,"Panopoulos,Ioannis",0.0420630688930512
4473,"Balakumar,Arush",0.0420318991459342
4474,"Rees,I",0.0417823528994949
4475,"Zalega,Maciej",0.0417407115546597
4476,"Luong Phuong Hanh",0.0416149479985423
4477,"Zakrzewski,Mare",0.0415230707617103
4478,"Ulmann,Olivier",0.0414921671136188
4479,"Lyutsinger,Iren",0.0414276927463561
4480,"Szeberenyi,A",0.0414273446514935
4481,"Torres Rosas,L",0.041399415885457
4482,"Konopka,M",0.0413047661056944
4483,"Salihu,S",0.0412621988278307
4484,"Ampeliotis,Georgios",0.0412614362064032
4485,"Lazarus,Simon E",0.0411946264636225
4486,"Sirosh,Ilja",0.0411892114638501
4487,"Sun,Kevin",0.0411871946842182
4488,"Leyva Proenza,R",0.0411855444698091
4489,"Venkatesan,Kavin",0.0409656873374183
4490,"Ter-gevorkian,Aram",0.0409351902229518
4491,"Duraccio,Walter Mattia",0.0408689999850104
4492,"Cosman,A",0.0408537861712228
4493,"Mallassagne,F",0.0408474507226957
4494,"Haas,Michael2",0.0407922796417789
4495,"Heberlein,Lucas",0.040790320896212
4496,"Giese,Tilman",0.040731195574628
4497,"Pert,Max",0.0407198113174452
4498,"Kocharin,Timur",0.0406703015409455
4499,"Pieri,P",0.0405125072993777
4500,"Jani,Kushal R",0.0403610044800122
4501,"Klachkou,Platon",0.0403536114579296
4502,"Colville,Julian",0.0403299122605871
4503,"Brenjo,S",0.0402806698968031
4504,"Shymanskyi,Oleksandr",0.0402564034550935
4505,"Grbovic,Dino",0.0402283171153922
4506,"Milanovic,Sla",0.0401620831623464
4507,"Shariyazdanov,A",0.0400034098694953
4508,"Pitsakis,Ilias",0.0399236389249362
4509,"Denzer,Johannes",0.0398723485437274
4510,"Van Foreest,Pieter",0.0397426607098611
4511,"Horvath,Dav",0.0396887021376596
4512,"Sethi,Kanwar",0.0395501559794045
4513,"Ortobelli Lozza,Marco",0.039430838429498
4514,"Khatniuk,Anastasiia",0.0392970445296406
4515,"Chatterjee,D",0.0392444650908468
4516,"Guo,Philipp Ziming",0.0392432376052315
4517,"Terbe,Z",0.0391853727894615
4518,"Tifferet,Shakked",0.0391601164291596
4519,"Barrionuevo,P",0.0391025029992362
4520,"Alpers,Arne",0.0390995977965471
4521,"Araujo Sanchez,Josue",0.0390750328445575
4522,"Mamatov,Melis",0.0389737755123698
4523,"Ackovic,Nemanja",0.0389661281141898
4524,"Tillyaev,U",0.0389572321240094
4525,"Zurkowski,A",0.0388533738647873
4526,"Antal,Ge",0.0388432382997847
4527,"Wolak,Maciej",0.0387606251205795
4528,"Djokic,Nen",0.0387544897880027
4529,"Asgharzadeh,Mitra",0.0387091857289543
4530,"Skarbarchuk,Tetyana",0.0386089207131558
4531,"Roberts,DL",0.0385981337471646
4532,"Barron,M",0.0385924540054235
4533,"Stoumbos,K",0.0385805319458603
4534,"Pastor Carvajal,Jeigoth",0.038575010765865
4535,"Rodi,L",0.0384979408703107
4536,"Uruci,Besim",0.0384815790952406
4537,"Sai Abhinav Kuchibhotla",0.0384370714861143
4538,"Romanchuk,V",0.0384331183401754
4539,"Yatskar,Martin",0.0383800687169764
4540,"Aghaei,Alireza",0.0382522229552609
4541,"Troche,Dylan",0.038248775309967
4542,"Lekic,Du",0.0382410041196921
4543,"Lerch,Johannes",0.0382190393143332
4544,"Bauer,Sebastian",0.0382113728847476
4545,"Taichman,O",0.0381899008054478
4546,"Nadeev,S",0.0381541620566717
4547,"Ince,Safiye Oyku",0.0381437409757626
4548,"Malicka,Maria",0.0380771885224492
4549,"Muthukumar,Haari",0.0380700210540148
4550,"Stoinev,M",0.0380023027509998
4551,"Vemparala,Nikash",0.0379021379980837
4552,"Russell,Ch",0.0377553209288412
4553,"Nikolaeva,Nadezhda",0.0377430931767578
4554,"Krishnan,Ritvik",0.0377356298015415
4555,"Krustkalns,K",0.0375084877216553
4556,"Lukiyanchuk,Vladislav",0.0374611189308211
4557,"Rechberger,Franz",0.0374531920381598
4558,"Lee,Qing Aun",0.0373599661494793
4559,"Kools,Thomas",0.0372986039217928
4560,"Moor,R",0.0372759475288443
4561,"Hryshchenko,Kamila",0.0372688869151159
4562,"Strache,M",0.0372530422332883
4563,"Temirbekov,Taimaz",0.0371797876375755
4564,"Tichy,M1",0.0371351736730922
4565,"Nurhayev,Erlan",0.0371284945384325
4566,"Jain,Shaurya",0.0370319756263965
4567,"Nurkiewicz,M",0.0369958531858256
4568,"Varadi,V",0.0369486688175869
4569,"Abel Sajan",0.0368861786651251
4570,"Ashwath Kaushik",0.0368506829187382
4571,"Nifdaliyev,Jahangir",0.0366415015516558
4572,"Popovych,Dmytro",0.0366139703057451
4573,"Zhang,Xiheng",0.0364955759792675
4574,"Purton,B",0.0364834008370503
4575,"Tompson,J",0.0364558608627858
4576,"Khalil,Ahmed Salem",0.0364286479594454
4577,"Lagares Rodriguez,Santiago Inak",0.0363757592044607
4578,"Matthiesen,M",0.0363630845259436
4579,"Carnic,S",0.0363000213311193
4580,"Falkowski,D",0.0362931886251821
4581,"Ayas,Abdulla Khajir Bin",0.0362545110734184
4582,"Manea,Al",0.0362112878055029
4583,"Fuchs,Frant",0.0362034978463665
4584,"Johnsen,G",0.036202438329685
4585,"Perossa,Nicolas",0.036165654855127
4586,"Encinas Varela,David",0.0361330706445894
4587,"Pelantakis,Mihail",0.0361286819640668
4588,"Milonakis,G",0.0360748366100099
4589,"Trochimczuk,Szymon",0.0360420579562857
4590,"Ser,Daniel",0.0360412231226524
4591,"Grahn,Vidar",0.0359697338332283
4592,"Stork,Christopher",0.035911778714991
4593,"Shahinyan,Vladimir",0.0358040741820776
4594,"Frischmann,Rick",0.0357952948343501
4595,"Urh,Zala",0.0357919154617112
4596,"Zarnowski,K",0.0355791912871914
4597,"Choubey,Saurabh",0.0355235048515877
4598,"Elsness,F",0.0354898785082558
4599,"Wang,Michael",0.0354560459758821
4600,"Zhao,Shengxin",0.035322979757124
4601,"Vestfal,Jan",0.0353214308020304
4602,"Saez Coma,Alejandro",0.0352446993167308
4603,"Cosma,I",0.0351379869650776
4604,"Walter,Ge",0.0350581670055057
4605,"Ghadge Harsh",0.0349781319728856
4606,"Giakoustidou,Evgenia",0.034942932693253
4607,"Windhager,Hannes",0.0349224100688648
4608,"Popovic,Milo2",0.0348572097364977
4609,"Nguyen,Manh Duc",0.0347826495559868
4610,"Djoudi,Labir",0.0344975109365685
4611,"Salman,P",0.0344937056692347
4612,"McAdam,M",0.0344846781919146
4613,"Lim,Z",0.034396035449449
4614,"Collin,Moritz Valentin",0.0343554053116224
4615,"Stanford, Maxim Barth",0.0342222722635599
4616,"Spiric,I",0.0342187489414287
4617,"Creighton,Sasha",0.0341860405803721
4618,"Rindhiya,V",0.0341440740130964
4619,"Fowler,Hugo",0.0340969058171582
4620,"Isakova,Anna",0.0340813478788683
4621,"Haselbach,David",0.0340525577129535
4622,"De Gregorio,A",0.0340015641876988
4623,"Ramiro Ovejero,J",0.0339088854303415
4624,"Zhang,Lanlin",0.0338978435399746
4625,"Groh,Jiri1",0.0338221666481791
4626,"Rojas Keim,L",0.0337300142275558
4627,"Mammadova,G",0.033404059922058
4628,"Sanada,Tetsuaki",0.0334032610923089
4629,"Kapra,Jerjis",0.0333955502876104
4630,"Kusiak,Mateusz",0.0333106159562613
4631,"Zak,Paw",0.0332671707859949
4632,"Silwer,Martin",0.0331928119696533
4633,"Andreasyan,Edgar",0.0331405814425225
4634,"Dambaev,Dashi",0.0331380083218241
4635,"Nguyen Thanh Nghia",0.033129392269543
4636,"Petkidis,A",0.0331099822607537
4637,"Qudsi,Mohammad",0.0330638475047491
4638,"Ovechkin,Lilia",0.0329932510707671
4639,"Kochiev,Ivan",0.0329790289415829
4640,"Zhou,Lily",0.0328736625884987
4641,"Zubritskiy,A",0.0328499150523977
4642,"Seyhan,Pelin",0.0328443000011686
4643,"Arnav Mahesh Koli",0.0326380791149659
4644,"Maras,Huseyin Kayra",0.0326057183709161
4645,"Szustakowski,Antoni",0.0325665850035883
4646,"Kustar,S",0.0324695727705196
4647,"Javet,B",0.032423456179599
4648,"Cibulskyte,Smilte",0.0324154433256001
4649,"Sri Charan Sandipagu",0.0323644004712268
4650,"Zuferi,E",0.0322971503870105
4651,"Martinez Romero,M",0.0322269481516658
4652,"Bachor,Tomasz",0.0322213533165513
4653,"Guo,Weibao",0.0321466637154999
4654,"Litzka,Richard",0.0321278255669807
4655,"Cosma,E",0.0320996342423272
4656,"Kolesar,Peter",0.032093822750515
4657,"Safarik,J",0.0320798612541122
4658,"Yang,Aimee",0.0320091066652159
4659,"Bjelanovic,Mile",0.0318817744464533
4660,"Doxarve,Nils",0.0318085658667425
4661,"Rubil,M",0.0317906393157808
4662,"Lasinskas,P",0.0317226776525983
4663,"Etchevest,Marcelo",0.0317027393407057
4664,"Herega,Nejc",0.0316995308357295
4665,"Pecci,William",0.0316672848949744
4666,"Bartel,Mi",0.0315770185541802
4667,"Yakovlev,Egor",0.0315680685725476
4668,"Krunic,D",0.031507211440403
4669,"Binggeli,C",0.0314835198525017
4670,"Bartakke Aditya",0.031458967286196
4671,"Pusara,Mihailo",0.0313608612092998
4672,"Hng,Mei-En Emmanuelle",0.0312083059479054
4673,"Torres Rebolledo,Alvaro",0.0311763168593807
4674,"Marchuk,Rostislav",0.0311528146944931
4675,"Gaertner,Michael",0.0311264860027615
4676,"Lalic,P",0.0309966718251255
4677,"Socko,M",0.0309621956745611
4678,"Rodriguez,Elian Francisco",0.0309458500122571
4679,"Prusikin,M",0.0309391463941758
4680,"Studnicka,Toma",0.0309282036930863
4681,"Imanaliev,T",0.0308920833345358
4682,"Grebennikov,N",0.0307823289815752
4683,"Drakoulakos,Grigorios",0.0307533917981722
4684,"Steiner,Ad",0.0307411466358201
4685,"Begunov,K",0.0305863554971506
4686,"Khairova,Evelina",0.0305817472612268
4687,"Walmer,Benjamin",0.0305422881821083
4688,"Zakarian,D",0.0304419205922332
4689,"Karan J P",0.0303767115221541
4690,"Bakhyt,Rauan",0.0303703052723714
4691,"Yelisieiev,Yevhenii",0.0303670441132789
4692,"Ozgur,T",0.0303206688772446
4693,"Kalonomos,Ioannis",0.0301259151772432
4694,"Mikavica,D",0.0300772349613465
4695,"Herrera Ortiz,M",0.0299754667423532
4696,"Filipovic,Br",0.0299592442655437
4697,"Parkhimchyk,Kiryl",0.0299508152198763
4698,"Tornquist,Carlos",0.0298778398619381
4699,"Hanuliak,S",0.0298441285680034
4700,"Avdic,Faris",0.029772403772259
4701,"Ungurs,E",0.0297675089705026
4702,"Skaar,Ben Samuel Groth",0.0297636504670276
4703,"Visser,Berend",0.0297590102415892
4704,"Corbat,Philippe",0.0295491866459981
4705,"Song,Ju",0.0293977199178163
4706,"Sathish,Pranav",0.0293688032900095
4707,"Gijswijt,B",0.0293630831141192
4708,"Cacciola,A",0.0293495902185053
4709,"Maton,Emily",0.0293405965480288
4710,"Lopez,Hen",0.0293374160474876
4711,"Iwanczuk,Krzysztof",0.0293064169002071
4712,"Sutormin,D",0.0292733061566712
4713,"Girard,Sebastien",0.0292681610219087
4714,"Zeman,Matyas",0.0292248136860827
4715,"Karacsonyi,Gellert",0.0291847931176522
4716,"Protopopescu,Luca",0.028986955810937
4717,"Dinev,De",0.0289390927664035
4718,"Fernandez Lago,D",0.0288491295932093
4719,"Karthikeyan,P2",0.0287419712795511
4720,"Jafarli,Babak",0.0286709957559008
4721,"Perkampus,Laurin",0.0286658707318646
4722,"Arhan,Chethan Anand",0.0286343405744472
4723,"Khulan,Bayarsaikhan",0.0285961786739736
4724,"Nortier,Julien",0.0285913283195082
4725,"Seel,C",0.0284013194765383
4726,"Przybylski,W",0.0282757774478717
4727,"Jalving,August",0.0282659693504644
4728,"Bracher,Juerg",0.028257981455317
4729,"Nematov,Tokhir",0.0282416447918066
4730,"Garcia Ortega,Natalia Belen",0.0281570957268093
4731,"Gunarathne,Senith Thenula",0.0281484714714778
4732,"Vuksanovic,Z",0.0281053514139455
4733,"Soo,Kai Jie",0.0280586943705244
4734,"Gur,Ali",0.0280386409311846
4735,"McNaught,Jordan J",0.0280215666519552
4736,"Martinez Fernandez,Adrian",0.0279957410473143
4737,"Zong,Davis",0.0279577206633738
4738,"Bitoon,R",0.0279542855091948
4739,"Zhong,Taoyu",0.0279195955404386
4740,"Steil Antoni,F",0.0279070867397302
4741,"Aliyev,E",0.0278484807652972
4742,"Franssen,Jeroen",0.0278467131588118
4743,"Kosanovic,G",0.0275701499256347
4744,"Ren,Yibai",0.027547560470158
4745,"Pardoen,Theodore",0.0275380711226562
4746,"Biyiksiz,Ali Batuhan",0.02751742000396
4747,"Pokrupa,M",0.0275108325630543
4748,"Shanmathi Sree S",0.0275033905563804
4749,"Reitemann,Jonathan",0.0274673481615658
4750,"Schriever-Abeln,Marius",0.0274295660453312
4751,"Mongeli,Sasha",0.0273660842536216
4752,"Ospina Castro,Santiago",0.0273137404576677
4753,"Frank,Pa",0.0273011336768025
4754,"Monina,P",0.0273011191731872
4755,"Veleski,R",0.027295080838271
4756,"Duncan,C",0.0272159671356375
4757,"Peglau,Charis",0.0271877575382514
4758,"Xie,Jiaxiang",0.0271793283572057
4759,"Rogoznikov,A",0.0270885153517855
4760,"Misecka,Kamil",0.0269466836244137
4761,"Ernst,R",0.0269019688899466
4762,"Tilak,S",0.0268626052542394
4763,"Ayala Sanabria,Erick Benjamin",0.0268602527943059
4764,"Talmaci,Arsenie",0.0268597796525752
4765,"Thorhallsson,Simon",0.0267623070637231
4766,"Speelman,J",0.0267193389801882
4767,"Swarnavo,Choudhury",0.0267039467020938
4768,"Magini,L",0.0266975820970407
4769,"Mekhane,Adam",0.0266817918963767
4770,"Panjer,Sidney",0.0266620615274829
4771,"Arun,Nitish",0.026531504501349
4772,"Grunberg,M",0.0264754100991942
4773,"Marekwica,Dawid",0.0264284238528241
4774,"Shumilov,Ruslan",0.0263746946691682
4775,"Heijmans,Stan",0.0263723080614383
4776,"Lapshun,Y",0.0263067034575837
4777,"Karaokcu,Erkin",0.0262678716827532
4778,"Suasnabar,J",0.0261358397929486
4779,"Pinero,Reinaldo Adolfo",0.0261330979831292
4780,"Nouali,Mohamed",0.0260839319042261
4781,"Zelbova,Lada",0.0260715046885888
4782,"Garabik,Marek",0.0259734015935087
4783,"Butzen,Robin",0.0259237658496882
4784,"Turker,Esat Tuna",0.0259233253461972
4785,"Sargissyan,S",0.0259176907242013
4786,"Gazdaru,Rares",0.0258726474629946
4787,"Mcconnell,Sullivan",0.0257458699830557
4788,"Hajiyev,K",0.0257242127491458
4789,"Dunn,Maxim",0.0256213544576464
4790,"Costache,Andrei Eugeniu",0.0256203832510138
4791,"Trigo Urquijo,S",0.025615586315601
4792,"Rene,B",0.0255991273209522
4793,"Rucek,Peter",0.0255883940707491
4794,"Idrizaj,A",0.0255427894656231
4795,"Namala,Dhanvi",0.0254745370854307
4796,"Arshpreet Singh",0.0254150343846011
4797,"Veleshnja,Zino",0.0253574927589033
4798,"Slate,Kent",0.0253022136657644
4799,"Baranyai-Molnar,Adam",0.0252191532972238
4800,"Khalafova,N",0.0252056014342827
4801,"Atwell,Rose",0.0251920096638829
4802,"Li,Rachael",0.0250879748893913
4803,"Van Ree,Thailo",0.0250371695177518
4804,"Luebke,Florentin",0.0250159444542563
4805,"Ratkovic,Petar",0.0248498081925986
4806,"Skibbe,Kai",0.0248393711086642
4807,"Zwirs,Jasper",0.0246032864063355
4808,"Asvestopoulos,Sergios",0.0246015178037974
4809,"Ilgaz,Yusuf Kerem",0.0245712942864108
4810,"Cernousek,L",0.024556692675606
4811,"Zima,Jan",0.0245216358618045
4812,"Furuya,Masahiro",0.0245038514392188
4813,"Zajaczkowski,Lukasz",0.0244885986151493
4814,"Karavaeva,O",0.0244462774745342
4815,"Dobrowolski,P",0.0243689742360051
4816,"Amaya,Brayan Angel",0.024347934960054
4817,"Lovichi,Raphael",0.0243195145551226
4818,"Haznadar,Nermin",0.0242794785445048
4819,"Bristy,Mukherjee",0.0241978939802905
4820,"Mujumdar,Sameer",0.0241949025016921
4821,"Rusev,A",0.0241932009158336
4822,"Manoeuvre,A",0.0239555966148142
4823,"Ritvin,S",0.0238989080450691
4824,"Karlinder,Lovis Neo",0.0238021838375765
4825,"Perecharla,Hariram Saikrishna",0.0237186076466153
4826,"Sigut,Ondrej",0.0236305331276021
4827,"Gong,Leo",0.0235527712467544
4828,"Gangavarapu,Sreekar",0.0235466281454317
4829,"Posluszny,Tomasz",0.0234901023107267
4830,"Guo,Hanxi",0.0234388522747666
4831,"Lochte,T",0.0234170836244999
4832,"Vedrickas,Vytis",0.0233855708971884
4833,"Lisowski,K",0.0231553525785383
4834,"Dimitrova,Aleksandra",0.0230945600287009
4835,"Ciolek,Andreas",0.023090829422966
4836,"Dziewonski,Dariusz",0.0230556476468189
4837,"Karisik,N",0.0230289262335873
4838,"Tutul,Dhar",0.0229992774620461
4839,"Xue,Shixuan",0.0229484479679068
4840,"Cakmak,Metehan Tugra",0.0228038989529576
4841,"Campos Jimenez,Augusto Cesar",0.0227394342831552
4842,"Fuglesang,Michael W.",0.022738693834603
4843,"Jakovljevic,Mi",0.0227337887917174
4844,"Desai,Ayaan Dhaval",0.0227304849513396
4845,"Chylewski,Patryk",0.0226335575399664
4846,"Kozak,Myron",0.0225569230216789
4847,"Causo,D",0.0224931994336664
4848,"Jain,Gautam",0.022484647791414
4849,"Ojasuo,Anton",0.0224236204530443
4850,"Abhishek T M",0.0223876395182443
4851,"Khadanga Omm Aditya",0.0223662842159742
4852,"Salinas Tomas,Daniel",0.0223377666035465
4853,"Huiskes,Mathijs",0.0223191942552851
4854,"Goelles,Herbert",0.0223048036935926
4855,"Alaverdyan,G",0.0222340611175407
4856,"Thijssen,Freek",0.0222119926944163
4857,"Achmiz,Diana",0.0221911628222912
4858,"Shiri,Mustafa",0.0221065896486592
4859,"Jimenez Salas,Maria Teresa",0.0220571424599945
4860,"Mickiewicz,P",0.0219518905174077
4861,"Kaloust,Giorgio",0.0219168958873681
4862,"Gershenov,B",0.0218025475072635
4863,"Zhang,Jingran",0.0217857403796249
4864,"Cherniack,A",0.0216880895961967
4865,"Hammes,M",0.0215652174137837
4866,"Okara,A",0.0215003453084811
4867,"Khalafvand,Dorsa Sadat",0.0214103895701116
4868,"Ozhaiska,Yaryna",0.021355127236734
4869,"Panda,Barnabas",0.0213168567559404
4870,"Nakamura,N",0.0212781923741044
4871,"Buyanov,Gleb",0.0212700693362808
4872,"Khatanbaatar,B",0.0211742635462362
4873,"Braaten,Birk",0.0211643208470354
4874,"Isajevsky,A",0.021159933444725
4875,"Liu,Zachary Hankun",0.0211350273029206
4876,"Uddin,S",0.0210555223728208
4877,"Perego,Jonas Gion",0.0210174860394583
4878,"Baryshpolets,A",0.0209943350114047
4879,"Erdogdu,M",0.0209935271090492
4880,"Demchenko,Yaroslav",0.0209350489932289
4881,"Cetta,Ujkan",0.0209258387375449
4882,"Ollier,P",0.0209186963207187
4883,"Strate,Gerda",0.0207972925966418
4884,"Slovineanu,V",0.0207795245876697
4885,"Stinka,Jakub",0.0206935021821884
4886,"Bremond,Er",0.0206748098727495
4887,"Schoorl,R",0.0206740111602069
4888,"Sefton,Adam",0.020658372364578
4889,"Pilsova,Karolina",0.020609103139775
4890,"Aker,Meric Zeynel",0.0205509489810371
4891,"Yamada,K",0.0205197139950802
4892,"Niesporek,Franciszek",0.0205049047670943
4893,"Varney,Zoe",0.0204594379874838
4894,"Minakov,Artemij",0.0204215204543604
4895,"Khruschiov,A",0.0203761819945868
4896,"Meyer,Eric",0.0203735483957348
4897,"Hernandez Machado,Patricia M.",0.0202379578580003
4898,"Banik Hrishikesh Kumar",0.0202348760982289
4899,"Panin,Mikhail",0.0201742105500567
4900,"Megagiannis,Maximos",0.0201683562587101
4901,"Tan,Yik Chean",0.020093021157859
4902,"Sucikova,Svetlana",0.0200503508740806
4903,"Magnusson,Jor",0.0199174486729588
4904,"Van Osch,Mees",0.019907544126279
4905,"Pietruszewski,M",0.0198165520948411
4906,"Heinmets,T",0.0197469320253336
4907,"Predebon,Eduardo Angonesi",0.0197332089251339
4908,"Mihailidis,A",0.0197116879743836
4909,"Gbiorczyk,Mikolaj",0.0197005056003348
4910,"Parker,J",0.0196411477154486
4911,"Sesar,Ivan",0.0196099581546273
4912,"Prathamesh,S",0.0195318544313334
4913,"Mukanov,Iskender",0.0194901412480455
4914,"Juncosa Padros,Ernest",0.0193968886181824
4915,"Bech,Havard Eriksen",0.0191433266122033
4916,"Pirola,Claudionor Alcides Lima",0.0191417854099572
4917,"Abergel,T",0.0191393251264704
4918,"Kulig,Pawel",0.0190237330168165
4919,"Tomb,M",0.018948711665253
4920,"Wilgosz,Szczepan",0.0189417549469695
4921,"Tashriq Saihan,Shan",0.0188895605710335
4922,"Hedman,E",0.0188240753739646
4923,"Manas,Eren",0.0187151765731644
4924,"Linder,Ernst",0.018701563151737
4925,"Zhong,Ryan Yunhui",0.0184752660326228
4926,"Clasby,Derek",0.0184147148652254
4927,"Centamore,Alberto",0.0182937923960589
4928,"Karthi,Jashith",0.0182453117915303
4929,"Zenker,U",0.0182445345473074
4930,"Omariev,M",0.0182341024811873
4931,"Darweeche,Roaa",0.0181443489919902
4932,"Bru Rullo,L",0.0180818890780098
4933,"Wierzbicki,Dawid",0.0179498804430423
4934,"Kara,Gulce Nehir",0.0179003143489731
4935,"Shepelev,I",0.0178675909258346
4936,"Gueci,Tea",0.0178096700213373
4937,"Wang,Kaiwen",0.017801486635821
4938,"Marusenko,P",0.0177961479081979
4939,"Yang,Ching Wei Austin",0.0177875107071863
4940,"Wassin,S",0.0177469038982366
4941,"Abdulaziz,M",0.0177016335366303
4942,"Putrenko,Kirill",0.0176986060669254
4943,"Koskina,Zoia",0.0175104666807578
4944,"Livaja,M",0.0174779948574301
4945,"Seretis,Nikolaos G",0.0174139278761203
4946,"Hartge,Gedeon",0.0173557443334898
4947,"Zajic,Milun",0.0172750522617873
4948,"Stepanencu,Nicodim-Cosmin",0.0172414181289457
4949,"Titarov,Vasilii",0.0172031871970541
4950,"Kol'ba,A",0.0171865181641195
4951,"Kjartansson,G",0.0171627172434829
4952,"Lipp,Johannes",0.0171382948458038
4953,"Theocharopoulou,Christina",0.0170314956826865
4954,"Sivakumar,Ashvin",0.0170103665142823
4955,"Juarez Garcia,Daniela",0.0169774477091068
4956,"Azatzhan,Adil",0.0167524979877238
4957,"Karabalis,H",0.0166779997008373
4958,"Sun,F",0.0166511299902407
4959,"Aarav Sarbalia",0.0166270215266743
4960,"Muradyan,David",0.0164344491808247
4961,"Khachiyan,M",0.0164223727911512
4962,"Boutikos,Eleftherios",0.0163643542165308
4963,"Weber,Samuel",0.0163441123712828
4964,"Biolek,R1",0.016323083541454
4965,"Zallio,L",0.016248880068824
4966,"Mikhalsky,Vladimir",0.0162346460208656
4967,"Beydullayeva,Govhar",0.0161480019046624
4968,"Danninger,Hugo Kian",0.0161347277495749
4969,"Umer,S.M",0.0161340656650369
4970,"Geenen,M",0.0161227861490993
4971,"Djordjevic,De",0.0160644073537152
4972,"Midoux,S",0.0159984427038183
4973,"Moreby,James",0.0159776130020823
4974,"Zhang,Zichen",0.0158870272597827
4975,"Golubova,Anna",0.0158544989789015
4976,"Wu,Kaige",0.0157111135079934
4977,"Prezerakos,D",0.0156319557097291
4978,"Doknjas,Neil",0.0156147440050439
4979,"Medvesek,Janez",0.0155949859208932
4980,"Kataev,Aleksandr",0.0155583846480676
4981,"Alok,Sinha",0.0154701044296132
4982,"Carrolaggi,Xavier",0.0154325351831042
4983,"Couso,L",0.0153963106819242
4984,"Guan,Marie Zijun",0.0153722184911587
4985,"Perschk,Bendix",0.0153360246871276
4986,"Garcia Fernandez,Victor 2007",0.0153237035736369
4987,"Hughes,Ro",0.0152904065094976
4988,"Vardakas,Grigorios",0.0152896423651691
4989,"Georgiou,K",0.0152631830691523
4990,"Rzayev,B",0.015190573321336
4991,"Lieb,Max",0.0151098637485509
4992,"Dogan,Mire Deniz",0.0150832169142513
4993,"Kavri,Yusuf Eren",0.0150181998218995
4994,"Habash,Mohamad",0.0149797149814283
4995,"Kesidis,O",0.0149192083703152
4996,"Shuvalov,E",0.0148961926037415
4997,"Vasiliev,Artur",0.0147422756900965
4998,"Musonda Chola",0.0146537156800417
4999,"Di Benedetto,G",0.0146522338265718
5000,"Hopman,P",0.0146363622063598
5001,"Gurevich,D",0.0146261399240584
5002,"Bravo De La Vega,Alvaro",0.0146258001768968
5003,"Jusufi,Ahmet",0.0145946505157054
5004,"Leventic,I",0.0145444068420551
5005,"Birkisson,Bardur Orn",0.0145405646694893
5006,"Yugay,Artem Vlad",0.0145262478380538
5007,"Ljubarov,M",0.0144510341829975
5008,"Vojak,Daniel",0.0144495980885638
5009,"Gong,Changda",0.0143924912872099
5010,"Seretakis,N",0.0143924544987334
5011,"Zlate-Ion,Matei",0.0142375393341952
5012,"Wuebker,Paul-Luca",0.0142040323790854
5013,"Lesueur,Gabriel",0.0141996090125496
5014,"Horvath,Jo1",0.0140519588126252
5015,"Srijon Saha",0.0139787703866192
5016,"Gorshkova,I",0.0139525773579688
5017,"Bottazzi,Ulysse",0.0136449649058361
5018,"Zeissel,Andrzej",0.0135387913290364
5019,"Van Oosterom,C",0.0135281466808447
5020,"Kobayashi,A",0.0135214424548468
5021,"Huh,Isaak",0.0134942136657149
5022,"De Block,Fabio",0.0134258596735187
5023,"Yang,Lanqin",0.0131841664189488
5024,"Zawisza,Alan",0.0131676042239842
5025,"Marek,Grzegorz",0.0131497064356613
5026,"Haszon,D",0.0131431282804429
5027,"Rennie,Jill Zabrina",0.0131235766570276
5028,"Langer,Till-Bastian",0.0130886136644135
5029,"Antonanzas Fernandez,Mario",0.0130571575912254
5030,"Ernst,S",0.0130555916888236
5031,"Obregon Garcia,Roxangel",0.0129416877331454
5032,"Goh,Zi Han",0.0128802168164232
5033,"Leer Salvesen,B",0.0128355254030819
5034,"Tsounis,S",0.012796108791179
5035,"Sydoryka,Vladyslav",0.0127801326294169
5036,"Sukandar,I",0.012772427704077
5037,"Kueh,Audrey",0.0127672380928603
5038,"Vihmand,Ants",0.0127551464764614
5039,"Sikora,J",0.0127536121121069
5040,"Solino Perez,Adiam De Jesus",0.0126833839165915
5041,"Maldonado Gonzales,Stefano",0.0126574980506838
5042,"Guerrero Prieto,Arnau",0.0125365280205627
5043,"Hellmayr,A",0.0124444857494941
5044,"Jasinski,Alexander",0.0124281169989905
5045,"Kummer,Hel",0.0124098141076069
5046,"Seth,Aakrit",0.0123643126982176
5047,"Zupancic,J",0.0123491571524979
5048,"Krithik Muthukumar",0.0123459264740135
5049,"Vargas Reyes,Gloria Tzotzi",0.01231916697515
5050,"Antipov,M2",0.0123085643236176
5051,"Dujava,Daniel",0.0122573920622909
5052,"Pektas,Yigit",0.0121798118380278
5053,"Zylka,Stanislaw",0.0120824636439178
5054,"Allahverdiyeva,Ayan",0.0120470462263233
5055,"Gorli Nyna",0.0119737393118992
5056,"Obrycki,Tomasz",0.0119658401768199
5057,"Okuno,Rion",0.0119165388143288
5058,"Nugumanov,B",0.0118880685729007
5059,"Winklmann,Alexander",0.0118293698840433
5060,"Suvradeepta,D",0.0117949521675701
5061,"Wnek,Filip",0.0117569282555736
5062,"Asad,J",0.0117112843671287
5063,"Bold,Andre",0.0117089024907949
5064,"Dubnikova,Anastasia",0.0116806631303253
5065,"Tang,Suge",0.0116705404606698
5066,"Roos,Dav",0.0115833368359879
5067,"Tournier,Math",0.0114850795027014
5068,"Verheyden,J",0.0114487032975051
5069,"Giron,D",0.0113367709674044
5070,"Mohammad,H",0.0112808098237992
5071,"Fieberg,Samuel",0.0112607777821416
5072,"Hilditch-Love,Daniel",0.0111798230953338
5073,"Pacheco,Dan",0.0111193249977995
5074,"Bernat,David",0.0110618430283737
5075,"Elier,Ali",0.0109243926166518
5076,"Brown,Th",0.0109030046618765
5077,"Ghyselen,W",0.0108643146140002
5078,"Hatirli,Ugur Can",0.0107552996419642
5079,"Yang,Yijing",0.0107379866838608
5080,"Flir,Emilio",0.0105625224721201
5081,"Ondersteijn,N",0.0105590703143381
5082,"Weber,Da",0.0105462541400199
5083,"Muehlbacher,B",0.0104753981388325
5084,"Sorgjerd,J",0.010475237311851
5085,"Hummel,E",0.0103897418147329
5086,"Eikre,Arne",0.0102330238714471
5087,"Kurchenko,Egor",0.0102033549735636
5088,"Qasem,Huda",0.0101041985801594
5089,"Tripurambika V",0.0100451359836616
5090,"Wael Sabry,Mina",0.0100188731516445
5091,"Frederiks,Jesse",0.0100090677564715
5092,"Gaivoronskii,Andrei",0.0100054072525327
5093,"Irving,N",0.00994254888130903
5094,"Nejedlo,J",0.00993973218093418
5095,"Pors,Jaroslav",0.0098277662979757
5096,"Danierova,R",0.0097418808952191
5097,"Mittal,Aditya",0.00964367284492815
5098,"Dohmeyer,Joern",0.00956290394356023
5099,"Liu,Joshua",0.00954970689190862
5100,"Huallpa Fernandez,Hector Manuel",0.00952899049092889
5101,"Botta,Alejandro",0.00949120944021921
5102,"Sreekarthika Velmurugan",0.00945394138339165
5103,"Korsun,Wadym",0.00936893660406829
5104,"Walls,Kye",0.00935285575544356
5105,"Berthier,H",0.00931338859337963
5106,"Srdanovic,Jovana",0.00930194069583475
5107,"Stefanova,A",0.00924477557316667
5108,"Aliev,Pavel",0.00922993816616993
5109,"Orian,Noga",0.00916900633395563
5110,"Tuerlinckx,Ben",0.0091415491707711
5111,"Gonzalez Mendez,Martin Ezequiel",0.00909147374370882
5112,"Xu,Leon",0.00907048139974763
5113,"Burns,Michael",0.00904969638567088
5114,"Ramadoss,A",0.00903521738613374
5115,"Knudsen,M",0.00889711833916934
5116,"Mocic,Ivano",0.00872107924941977
5117,"Berke,A",0.00867068520048622
5118,"Miranda Rodriguez,T",0.00865496136621787
5119,"Modric,Milos",0.0084675999855366
5120,"Wang,Kevin",0.00846664446658432
5121,"Mordechai,H",0.00845598499278986
5122,"Skagseth,Havard M",0.00842517070677805
5123,"Shafigullina,Zarina",0.00835636618854089
5124,"Hamdouchi,A",0.00832687948694634
5125,"Rama,Rame",0.00828668745116613
5126,"Gutierrez Espinosa,Karen",0.00824397398380774
5127,"Azevedo Junior,Jose Ferreira",0.00819264192554419
5128,"Kania,Tomasz",0.00815855996093965
5129,"Setumadhav,Yellumahanthi",0.00813134372894617
5130,"Koszalka,Filip",0.00813087688442558
5131,"Dukaczewski,P",0.00811040292464741
5132,"Timerkhanov,Alexander",0.00809177016258864
5133,"Gonzalez,Augusto",0.00789805271111955
5134,"Kadam,Om Manish",0.00787214177305289
5135,"Suarez,Pedro",0.00787092180846238
5136,"Navarro,T",0.0078696301871751
5137,"Md Munirul,Islam",0.00779453031799875
5138,"Kandora,William",0.00774120455846525
5139,"Sykora,Marek",0.00769015949413629
5140,"Saraci,Osman",0.00761394407161118
5141,"Mariani,Daniel Brandao",0.00759069627567196
5142,"Rincon Bascon,J",0.00753213450960839
5143,"Aegerter,Fabrice",0.00745053814540751
5144,"Nebel,J",0.00737858914261158
5145,"Baechler,Andreas",0.0073447216968253
5146,"Peil,C",0.00734206116097931
5147,"Mitrovic,Stefan",0.00733352726259483
5148,"Ivic,Matija",0.00732878221426668
5149,"Oim,Mikk Kaarel",0.00718746410270003
5150,"Windmueller,Simon",0.00702630176116653
5151,"Gniadek,Andrzej",0.00698749629887501
5152,"Juan Mas,S",0.00698698510354871
5153,"Kaliszuk,Kamil",0.0069746216669632
5154,"Siekanska,Maria",0.00679624044492772
5155,"Cigan,Jason",0.00677492780662875
5156,"Paulo,Jemima",0.00673387284207559
5157,"Franc,Borna",0.0066947465905897
5158,"Vishwa,Vasnawala",0.00668619150988552
5159,"Zimina,O",0.00657299145223179
5160,"Chelushkina,I",0.00655438483144199
5161,"Jahnz,Laurin",0.00653081311030486
5162,"Gentemann,M",0.00651033386787843
5163,"Pavlov,Danila",0.00648867270757711
5164,"Andrijevic,M",0.00642993711742063
5165,"Badaan,Rima",0.00632536421691414
5166,"Kozakov,M",0.00630205339419291
5167,"Prasad,De",0.00627853673885987
5168,"Israilov,Agil",0.00626471725437325
5169,"Osborne,M",0.00618161236095553
5170,"Aguinaga,M",0.00609286110554619
5171,"Brizzi,Milagros Tatiana",0.00605966261944176
5172,"Zeliantsova,Kseniya",0.00595281739651931
5173,"Claverie,C",0.00593643973680983
5174,"Gireada,D",0.00591628339515269
5175,"Decrop,B",0.00587370857003997
5176,"Huynh Lam Binh Nguyen",0.00581452151357302
5177,"Skarlovnik,Aljaz",0.00577931988134602
5178,"Belke,F",0.00575839792830584
5179,"Hirneise,J",0.0057025081882679
5180,"Crispin Ferreras,Darvi Abraham",0.00566628480385975
5181,"van der Meulen,Andreas Jan",0.00562719984491105
5182,"Janse,JJ",0.00556351669749082
5183,"Loftgaard,Mikkel Vinh",0.00556267308573194
5184,"Donoso Aguirre,Maximiliano",0.00549803849008704
5185,"Juhasz,A",0.00535398665036685
5186,"Jovancevic,J",0.00529981517516572
5187,"Hebbar,Eshaan",0.00513987992956325
5188,"Taboas Rodriguez,D",0.00512410150137853
5189,"Midem,Ismail Eren",0.00511029564743873
5190,"Knaak,R",0.00510798493235181
5191,"Roger,M",0.00502063963544934
5192,"Gladyszev,O",0.00498341397954747
5193,"Lopes,Samuel",0.00482448063315262
5194,"Varyemez,Ali",0.00482212847612555
5195,"Emodi,B",0.00481736253790317
5196,"Fernandez Correa,Cristian",0.00477868034223578
5197,"Goss,Alex",0.00474456743780712
5198,"Anup Kumar,Vihaan",0.00461104106145394
5199,"Hawksworth,J",0.00460808065251257
5200,"Perez Rojas,Jorge",0.00459806741943128
5201,"Gaikwad,Siddhant",0.00448242418355662
5202,"Mirimanian,H",0.00446351890672767
5203,"Todorovic,Boj",0.00441054526549947
5204,"Christie,Joshua",0.00433304918261118
5205,"Mani,Ron",0.00421120710342092
5206,"Hoffmann,Ac",0.00416395172975225
5207,"Jakhari,Ansh",0.0040490548378545
5208,"Sahin,Oz",0.0040424937845293
5209,"Pitam,E",0.00402603696899408
5210,"Danov,Valentin",0.00398430307241614
5211,"Aloma Vidal,R",0.00395368037413283
5212,"Paterakis,Emmanouil",0.00392593912604627
5213,"Yue,Tariq",0.00389412862152155
5214,"Tsang,S",0.00385105803864907
5215,"Gavriel,Inbal",0.00383364153824321
5216,"Lhotsky,Zdenek",0.0037720130520201
5217,"Maniar Hriday",0.00375027574089244
5218,"Sun,Yucan(SD)",0.00368124609634828
5219,"Borisova,Ekaterina A.",0.00359751463776912
5220,"Raimundo,A",0.00354709786086983
5221,"Kengis,E",0.00347204272623533
5222,"Navrotescu,A",0.00342887782037473
5223,"Schaper,Jan Erik",0.00342701672392416
5224,"Leonardi,Lucas",0.00341620244662151
5225,"Gramb,Marius",0.00335836979091288
5226,"Guha,Eshan",0.00328886394037054
5227,"Benedikt,Noah",0.00308516454407056
5228,"Tachella,Pablo Ivan",0.00305569985616233
5229,"Daeschler,Florian",0.00290301259765727
5230,"Lindhe,Magnus",0.00285967125724365
5231,"Bellin,Christopher J",0.00280497907847374
5232,"Kawamoto,Victor Misao Buriti",0.00276720090993249
5233,"Batbaatar,Baatar",0.00275602597647338
5234,"Thavandiran,S",0.00275350461908198
5235,"De Wachter,M",0.00268602917552085
5236,"Ansell,S",0.00253791197201361
5237,"Price,Gwilym",0.00243652948868978
5238,"Varela,Agustin",0.00241916870298872
5239,"Yoon,Jacob D",0.00241000960492893
5240,"Mohammadi,Sina",0.00230544703017724
5241,"Salmons,Calum",0.00230161298159254
5242,"Smits,Mar",0.00229500259396624
5243,"Gonzalez Cobos,Arnau",0.00226525732118498
5244,"Khalaf,Ali",0.00224021975604818
5245,"Weihrauch,Jakob",0.00221417782789124
5246,"Bedic,Z",0.00219888976655806
5247,"Long,Siyu",0.00219534765200731
5248,"Farova,Jana",0.00213992337174365
5249,"Tomas,Niksa",0.00212748283664956
5250,"Kambrath,Y",0.00209246331440243
5251,"Besso,Guadalupe",0.00207633577616397
5252,"Dumbelovic,Novak",0.00207615759909782
5253,"Kamarova,Zhanbota",0.00205304079992606
5254,"Borischik,Sergey",0.00202674647656012
5255,"Getz,N",0.00192784246889944
5256,"Hainzinger,J",0.00184046358478038
5257,"Charochkina,D",0.00183313460801981
5258,"Zhukovskyi,Myhaylo",0.00183099365570813
5259,"Waller,Dan",0.00182569169704921
5260,"Cont,Arya",0.00182040938118305
5261,"Vrencian,Lehel",0.00178961608770453
5262,"Milovic,Ilija",0.00171979943022079
5263,"Wadih,Michel",0.00170362293857298
5264,"Salvatti,D",0.00163882608041301
5265,"Csuri,S",0.00161560428544147
5266,"Chyndygyr,Tamerlan",0.00158975380079137
5267,"Marynychenko,Yehor",0.00155384288286008
5268,"Hernandez Ortega,Carolina",0.00152102863206618
5269,"Bazilius,Augustinas",0.00131518238053826
5270,"Maierhofer,J",0.00123469977035282
5271,"Fiedorek,Michal",0.00123229518365426
5272,"Gonzalez,Ari",0.00120718806480639
5273,"Cuellar Montes,Alejandro",0.00116621151706292
5274,"Gabanach Fernandez,Victor",0.00112228424489651
5275,"Torres,Lucas",0.000968124332638813
5276,"Svoboda,Daniel",0.000936252585716739
5277,"Offringa,Joo",0.00093558774594146
5278,"Lojek,Marek",0.000909441210562816
5279,"Lazov,Toni",0.000855043493294512
5280,"Garakhanov,Shamsi",0.000846162706781583
5281,"Ozkan,E",0.0008433185762182
5282,"Wall,T",0.000814156719180673
5283,"Aqib Javaid Butt",0.000795806253027554
5284,"Colas,Joshua",0.000711176984309418
5285,"Martinez Lopez,Carlos",0.000625816703599772
5286,"Gavrilin,Roman",0.000591657327123553
5287,"Tomson,Mihkel",0.000531717599358706
5288,"Lecki,Leonard",0.000496631307100315
5289,"Ganichev,Alex",0.000496018844168368
5290,"Skrzypinski,Jan",0.000358341032674444
5291,"James,Dal",0.000343290486510734
5292,"Moklebust-Lien,Eskil",0.000272728177606193
5293,"Martin,Le",0.000215496816231651
5294,"Brunner,L",0.000197033740649779
5295,"Liu,Casper",0.000119255980681864
5296,"Kalamoukou,Giolanta",5.50773420760014e-05
5297,"Mika,T2",1.50095049798245e-06
5298,"Sampsonoglou,Vasilios",-9.92286344278004e-06
5299,"Ternault,M",-1.71068517090498e-05
5300,"Dragojlovic,A",-0.000133104534251317
5301,"Marchand,Calix",-0.000223281240704466
5302,"Jablonicky,Martin",-0.00023316586638261
5303,"Portakalci,Yusuf",-0.000317319030975039
5304,"Johnsen,Sy",-0.000323360414167968
5305,"Andreev,Konstantin",-0.000344374908249797
5306,"Erzhanov,A",-0.000488556405479773
5307,"Petre,NT",-0.000572863911656093
5308,"Pang,Khai Jie Ryan",-0.000578272597989801
5309,"De Vries,Leon",-0.000716930166396612
5310,"Charaus,Florian",-0.000797822954018247
5311,"Polster,Christian",-0.000836389784770317
5312,"Qu,Haoming",-0.000843408112714282
5313,"Antonio,R",-0.000888954248117354
5314,"Radu,David Cr.",-0.00093571259751416
5315,"Kothari,Jai",-0.000973826507211325
5316,"Kratimenou,Maria",-0.000974511111911784
5317,"Ortikov,Sherali",-0.000995418451386445
5318,"Obgolts,Erik",-0.00102607431340949
5319,"Kozlov,Ge",-0.00112518282137062
5320,"Chueca Forcen,A",-0.00123346476374487
5321,"Panczyszyn,Szymon",-0.00139281028222934
5322,"Karaca,Yigit",-0.00150832362161891
5323,"Varga,Cs2",-0.00155645095607863
5324,"Kovacs,Ga2",-0.00157539268972289
5325,"Roos,Ad",-0.00160629313817742
5326,"Avik,Sarker",-0.00172084718034459
5327,"Md Foajul,Islam",-0.00172507167927857
5328,"Kumor,L",-0.00184070016182136
5329,"Smit,Manuel",-0.00187240130282689
5330,"Jara Segovia,Jesus Javier",-0.00189164317385949
5331,"Avram,S",-0.00206742598653745
5332,"Sachdeva,Ronit",-0.00217603537465284
5333,"Klepek,Witold",-0.00220963262047665
5334,"Pogorelskikh,S",-0.00234713304004872
5335,"Haberkorn,D",-0.00242342853447456
5336,"Asadzade,Idris",-0.00242719905976825
5337,"Petersen,Marcel",-0.00248691599327751
5338,"Van Meegen,R",-0.00254997332908755
5339,"Tregubenko,Nikolay",-0.00259038457570517
5340,"Godart,F",-0.00262947258221163
5341,"Gruenter,M",-0.00273921072824604
5342,"Xia,Jinnan",-0.00276533835026717
5343,"Abdul,Mo",-0.00289014791358684
5344,"Martin,Zachary",-0.00290779943473655
5345,"Ercan,Selman",-0.00295891233853296
5346,"Nalbandyan,Vahan",-0.00302100359851124
5347,"Nolte,A",-0.00306987767649836
5348,"Lundin,J",-0.00312382261831785
5349,"Knechtel,R",-0.00312562278508887
5350,"Brezis,Ari",-0.00318042911506093
5351,"Garmendia Vega,Gabriel",-0.00322882989693831
5352,"Stary,Vojtech",-0.00339462918177053
5353,"Bui,Christopher",-0.0034220920065229
5354,"Barski,R",-0.00345006497760289
5355,"Storn,Justin",-0.00345165117487626
5356,"Cabala,Nathan",-0.00346259005059271
5357,"Gutla,Aryan",-0.00349524484915659
5358,"Munoz Cuesta,E",-0.00353244118809498
5359,"Sarenac,I",-0.00361358132761922
5360,"Kovalevsky,Stanislav",-0.00364146251786225
5361,"Erk,Ben",-0.00372337998891557
5362,"Berrozpe Gonzalez,Marc",-0.00377800179040713
5363,"Nguyen Thien Ngan",-0.0038175677697884
5364,"Kazi Afsan Rawnak,Anan",-0.00389031975264219
5365,"Golding,Alex",-0.00391369967742094
5366,"Fernandez Garcia,Gumersindo",-0.00397620907227906
5367,"Willy,Stephen",-0.00399794139167718
5368,"Carcamo,M",-0.00403562966553021
5369,"Svacina,Tobias",-0.00409553387239747
5370,"Lys,J",-0.00414586121803477
5371,"Iordache,A",-0.00420019898827046
5372,"Havelka,Josef",-0.00423655807687753
5373,"Kamberovic,S",-0.00432664493229639
5374,"Rakhmatullaev,Muhammadsolih",-0.00439806536354299
5375,"Balje,J",-0.00449103564697329
5376,"Skarphedinsson,Ingvar Wu",-0.00450670562650081
5377,"De Schampheleire,G",-0.00456353907165833
5378,"Burnett,A",-0.00470118006412106
5379,"Toth,Chr",-0.00470469744129963
5380,"Senthil,Maran K",-0.00470593969266152
5381,"Andrejic,V",-0.00471249137144998
5382,"Kleibeuker,Mika",-0.00475350792851006
5383,"Peycheva,Gergana",-0.00476081444742895
5384,"Sai Agni Jeevitesh,J",-0.00506987641408401
5385,"Semiev,S",-0.00514037614726805
5386,"Popovic,Mladen D",-0.00516003306301252
5387,"Polterauer,Chiara",-0.00517904360310881
5388,"Bentley,J",-0.0052579698157345
5389,"Aden,Meino",-0.00531230237256563
5390,"Jelicic,Hugo",-0.00543057868574146
5391,"Eveno,Nathan",-0.0054417687399204
5392,"Wandl,W",-0.00549321207591281
5393,"Kulpa,Zuzanna",-0.0055918440920077
5394,"Melillo,Lucius",-0.00573282278768154
5395,"Centrih,Aleks",-0.00579499175440445
5396,"Sidharth Mohan",-0.00580136160423942
5397,"Prohorov,Olexandr",-0.00580637193761161
5398,"Schuricht,Emil Frederick",-0.00584867250392905
5399,"Jagirapu,Harshin Reddy",-0.00590458372189801
5400,"Coenen,E",-0.0059227381142651
5401,"Fontana,E",-0.00592551286997636
5402,"Dawda Vihaan",-0.00595510939327317
5403,"Marchesich,Giovanni",-0.00598421687417807
5404,"Lesnykh,Zhanna",-0.00609478202997719
5405,"Bellanica,Afrim",-0.00610171019338964
5406,"Levacic,Matic",-0.00616859356517143
5407,"EL Khoury,Alexander",-0.0062673335536809
5408,"Mekolli,Iraklis",-0.00627405174532916
5409,"Tryggestad,Andreas Garberg",-0.00629955602705389
5410,"Venkataramanan,T",-0.00630176375154147
5411,"Zoar Haque,Prodhan",-0.00630908203508883
5412,"Borowy,Cezary",-0.00642036363163137
5413,"Paibir,Atharva",-0.00642368768132431
5414,"Ramirez Madrid,Gerardo Alfonso",-0.00656769799233989
5415,"Moya Arau,C",-0.00658478518419888
5416,"Morkunas,Gustas",-0.00660468890421089
5417,"Villalba,M",-0.00660706014642335
5418,"Hacker,Jonas",-0.00665401842701743
5419,"Miranda Samudio,Adrian Jafeth",-0.0066819036054127
5420,"Guzman,Ch",-0.00671362889862154
5421,"Devaev,A",-0.00675430827976548
5422,"Blom,Rens",-0.00679813374176624
5423,"Mohammad,Shakil",-0.00682562066895561
5424,"Hottinger,Simon",-0.00689166344737697
5425,"Ibrahim,Tayseer.",-0.00693067746903182
5426,"Hiemer,B",-0.0069783310913811
5427,"Linares Fernandez,Cesar Ernesto",-0.0070630630180389
5428,"Ambrogi,A",-0.00711196450162332
5429,"Vujovic,Vera",-0.00715400864185623
5430,"Borisova,Ekaterina",-0.00717435554236143
5431,"Peramunetilleke,Seth",-0.00717616582424569
5432,"Czachor,G",-0.00717627587928522
5433,"Lewis,Andrew",-0.00719827770882604
5434,"Peczely,S",-0.00733692588420446
5435,"Lahaye,R",-0.00737239828360736
5436,"Levin,F",-0.00739103294424456
5437,"Kutyanina,Mariya",-0.00747649370631006
5438,"Karigl,Marcel",-0.00748233715883522
5439,"Yazici,Ugur Doga",-0.00751007081213438
5440,"Sooraj,M R",-0.0075451075013991
5441,"Noroozi,O",-0.00758281001404527
5442,"Jaracz,P",-0.00759706529349685
5443,"Asllani,Dorian",-0.00772195892669264
5444,"Budai,Leonardo",-0.0078581929443188
5445,"Bueno,Alfe",-0.00787211559844357
5446,"Smirnov,Maksim",-0.00788394494842487
5447,"Deuber,R",-0.00789004997263728
5448,"Bodi,Ti",-0.00790152686349698
5449,"Mitchell,M",-0.00793191786741022
5450,"Samuelson,A",-0.00795696910982729
5451,"Paterson,Andrew I",-0.00796970545352019
5452,"Ortez,Andrea",-0.0080377786965712
5453,"Nikel,R",-0.00803934957302305
5454,"Mrishchuk,Volodymyr",-0.00805279309751467
5455,"Steiner,G",-0.00822555503409598
5456,"Shaashvat Gupta",-0.00824743917684758
5457,"Simic,Jakov",-0.00826689744532905
5458,"Ingel,Mica Bar",-0.00834573366411493
5459,"De Graaf,Dion",-0.00835279820965492
5460,"Alpaslan,Utku",-0.00838671369243645
5461,"Turzo,A",-0.00845357677344235
5462,"Iyengar,I",-0.00848827761002474
5463,"Rodriguez,Oc",-0.00849472710935753
5464,"Mastrovasilis,A",-0.00857831499904507
5465,"Fuksik,J",-0.00864409801698144
5466,"Barthel,A",-0.00869437630988683
5467,"Guru Prakash",-0.0087486280833347
5468,"Heimbrodt,B",-0.00878699873455511
5469,"Sherali Pattnaik",-0.00886240629220144
5470,"Muhtady Tajwar,Nasheed",-0.00889278083538536
5471,"Liu,Zhaoqi",-0.0089036844070368
5472,"Boumrar,Ayrad",-0.00893113123781654
5473,"Gada Om",-0.00894243542350831
5474,"Sundac,Ivano",-0.0090025210973357
5475,"Rau,Nikita",-0.00902998829914585
5476,"Novikovas,A",-0.00903429800790515
5477,"Nemsadze,Daviti",-0.00908243129377935
5478,"Josse,Mar",-0.00908601609524644
5479,"Mlacnik,J",-0.00912958671730896
5480,"Gonzalez Alonso,Marti",-0.00914827382707784
5481,"Degenbaev,Aziz",-0.00916254554587694
5482,"Cools,G",-0.00921818922123593
5483,"Szabo,Marcell",-0.00924278254477998
5484,"Huebel,Ludwig",-0.00926929582645236
5485,"Turcan,Richard",-0.00931146060330852
5486,"Kherdekar Arnav",-0.00935596324682883
5487,"Xia,Joshua",-0.00937063256437128
5488,"Chandreyee,Hajra",-0.00948391701495464
5489,"Zarriess,Benjamin",-0.00954336505271741
5490,"Simonsen,David Mindestrommen",-0.00969158487704629
5491,"Semenukha,Nikita",-0.00974711585940656
5492,"Ptacnikova,L",-0.00977374756235476
5493,"Barua,Oitijjo",-0.009834990097951
5494,"Valiente,Paulo",-0.00988374932865395
5495,"Micic,Aleksa",-0.0099298786985365
5496,"Coban,Eren Cinar",-0.010029566388765
5497,"Stergatos,Dimitrios",-0.0101037312281821
5498,"Duke,Dillan",-0.0101386490501924
5499,"Santamaria Fernandez,Guillermo",-0.0101722986396829
5500,"Kiryttopoulos,Ioannis",-0.0101914377762348
5501,"Van Bogaert,Olivier",-0.0102302698588465
5502,"Sulyok,Eszter",-0.0102315094068509
5503,"Kazakos,Nikolaos",-0.010263723088419
5504,"Chalupa,Ondrej",-0.0103660989063354
5505,"Mestre,P",-0.0103759095591884
5506,"Skembris,Simon Max",-0.0103896140881201
5507,"Bagheri,Maziar",-0.0103950410578059
5508,"Sevig,Mert Can",-0.0103989653672715
5509,"Leitgeber,Mario",-0.0104139834726287
5510,"Yudasin,L",-0.0104825394268326
5511,"Osterwald,E",-0.0104926321834652
5512,"Parfenov,Vi",-0.0108486839799799
5513,"Froeyman,H",-0.0110219377094265
5514,"Kather,Yannick",-0.0110261862493638
5515,"Chiappero,Julio Alfredo",-0.0110666845628089
5516,"Yin,Evan",-0.0110669728924177
5517,"Szabolcsi,J",-0.0112259340820992
5518,"Gauche,C",-0.0113046919766445
5519,"Djerroud,Chahrazad",-0.0113120246027294
5520,"Melaugh,Shane",-0.0113321355886185
5521,"Pereverzev,Timofei",-0.0113390009258298
5522,"Dreelinck,Jacob",-0.0113624734688279
5523,"Indzhiev,Aldar",-0.011527182188179
5524,"Swain,Ashirwad",-0.0115340548998017
5525,"Rosenstein,Wadim",-0.0115475838954285
5526,"Silva Lucena,Cristian",-0.0116530369399284
5527,"Balla,David",-0.011665467691766
5528,"Xiao,Stephanie",-0.0116659813408072
5529,"Joseph Tom",-0.0117183743849934
5530,"Ginzburg,Mi",-0.0117821380320109
5531,"Sharankov,G",-0.0118246721431168
5532,"Pantillon,P",-0.0118362489458909
5533,"Saiz Rodriguez,Daniel Evelio",-0.011908795055975
5534,"Pelling,Kyle",-0.0120100770240351
5535,"Stanojevic,Ilija",-0.0120117845022831
5536,"Ingvarsson,Thorleifur",-0.0120711892769344
5537,"Pai,Sidhanth",-0.0121287490402432
5538,"Sukhareva,E",-0.0121922773567702
5539,"EYETONGHAN,Denyefa Callistus",-0.012224961014919
5540,"Saya,Ethan",-0.0122810705875395
5541,"Tissir,M",-0.0123845873012536
5542,"Nidhish Shyamal",-0.0123900575203068
5543,"Feinig,M",-0.0124020145395509
5544,"Wu,Rochelle",-0.0124344053809767
5545,"Ciobanu,C",-0.0124618813842335
5546,"Wunnink,M",-0.0124763894763928
5547,"Doric,N",-0.0125009990388801
5548,"Cevizci,Yusuf Baran",-0.0126619487775104
5549,"Bulatovic,Luka",-0.0127286072887868
5550,"El Zwei,Aiman Mohamed",-0.0127474079003393
5551,"Otero Marino,Vladimir",-0.0127521810024187
5552,"Kwiatkowski,Jakub",-0.0127581039633598
5553,"Tunik,S",-0.0127714477331897
5554,"Mohammed,Shaker Ullah",-0.0127925135205865
5555,"Golke,Philipp",-0.0130231729711259
5556,"Pogany,Zsombor",-0.0130412287487482
5557,"Hammari,Vinjar",-0.0130916777593153
5558,"Milin,D",-0.0130944014041968
5559,"Shilon Rahav,Eliran",-0.0131328925808896
5560,"Peng,Jingyi(GD)",-0.013151762100782
5561,"Haitovich,A",-0.0131736949792249
5562,"Meszaros,T",-0.0131803830579188
5563,"Souza,R",-0.0132418561684367
5564,"Vedder,R",-0.0133220978149355
5565,"Smietanska,Wiktoria",-0.0133381391020116
5566,"Zheng,Marcus",-0.0133568898124454
5567,"Egilstoft,Rogvi",-0.0133646889040082
5568,"Bobadilla Viera,Jorge Samuel",-0.0133718886622902
5569,"Bratu,Ioan-Valentin",-0.0134101464843957
5570,"Alikulov,Elbek",-0.0134982566541808
5571,"Mrozowski,Nikodem",-0.0135019934709602
5572,"Richard,E",-0.0135068347372744
5573,"ALKHATEEB,TURKI ABDULLAH S",-0.0135480074007614
5574,"Chen,Shuang",-0.0135678424764062
5575,"Cabezas Solano,David Alejandro",-0.0135751255584228
5576,"Momunaliev,Ruslan",-0.0136452595945642
5577,"Oliinyk,Serafym",-0.0137266407408498
5578,"Litvinov,A",-0.0137315292662271
5579,"Kovacs,Klara",-0.0138902549719082
5580,"Ivanovic,Leonid",-0.014035914821854
5581,"Vasilakopoulos,Georgios",-0.0140428904378158
5582,"Kalyoncu,Beren",-0.01404752018412
5583,"Teianu,Sabin",-0.014060948345499
5584,"Li,Alyssa Zhuojing",-0.0141119435737835
5585,"Statescu Enescu,V",-0.0141161690324218
5586,"Taksrud,V",-0.014272781931319
5587,"Gulie,C",-0.0142819137661299
5588,"Dardha,A",-0.0143821108248001
5589,"Verhoeven,Lars",-0.0144130734137875
5590,"Planinic,Ivo",-0.0144667875069093
5591,"Mattenberger,Matthias",-0.0145149334869334
5592,"Loeffler,He",-0.0145433698224436
5593,"Adel,Sara",-0.0145664800431469
5594,"Nsubuga,Haruna",-0.0145734663458396
5595,"Azarya,J",-0.0145827225308821
5596,"Malchereck,Romeo",-0.0146035875467336
5597,"Aminov,Andrey",-0.0146262923425107
5598,"Lizano Quiros,Matias Haziel",-0.0146873627755946
5599,"Tymrakiewicz,R",-0.0147069146237413
5600,"Corovic,S",-0.0147283007310169
5601,"Sandhoefner,F",-0.014733241289697
5602,"Verheul,Job",-0.0147476186402007
5603,"Reichmann,H",-0.0147960455094936
5604,"Danila,Tudor-Gabriel",-0.014797121604575
5605,"Bressy,Theo",-0.0148055668903883
5606,"Sahbudak,Baris Cinar",-0.0148133921869014
5607,"Silverio,Vitor Luis De Jesus",-0.014845486570509
5608,"Jogstad,Martin",-0.0148603768511861
5609,"Pancewicz,Szymon",-0.0149259545720153
5610,"Neubauer,Juergen",-0.01493014391284
5611,"Prelipcean,Eric-Matei",-0.0149404463736365
5612,"Gradisek,Bor",-0.0149447453454869
5613,"Manukyan,SaV",-0.0151911442980621
5614,"Shao,Qiyu",-0.0152903615891385
5615,"Delabaca,R",-0.0153294679776049
5616,"Emujin Enkh-Amgalan",-0.0153622043636978
5617,"Radchenko,A",-0.0153923459465932
5618,"Krysa,L",-0.0155197609481378
5619,"Esshan Wadhawan",-0.0155536833318502
5620,"Manley,J",-0.0156125275603971
5621,"Large,P",-0.0156202737935045
5622,"Ilincic,Z",-0.0156292106370648
5623,"Alrefae,Ahmad",-0.0157069939194012
5624,"Pavlidou,E",-0.0157606004722797
5625,"Ganza Svidler,Pedro",-0.0157908432538025
5626,"Fudalej,M",-0.0158447787105891
5627,"Simonian,H",-0.0158558433887881
5628,"Olea Valle,Scarlett Daniela",-0.0159575578785689
5629,"Sairam,Pranav",-0.0159653315803174
5630,"Shourya Paul",-0.0159859972523181
5631,"Clemens,A",-0.0162142983472129
5632,"Nasta,Kiren Vivek",-0.0163162769815118
5633,"Sykes,C",-0.0163178611580583
5634,"Habig,Bryan",-0.0163218725686407
5635,"Perez Pastora,E",-0.016345498668414
5636,"Rosen,D",-0.0163619641779671
5637,"Iunusov,Nuriddin",-0.0163976057435542
5638,"Bittner,Benjamin",-0.0165301072952121
5639,"Vargas,M",-0.016566478266001
5640,"Montejo Bello,Lorena Beatriz",-0.016606909993257
5641,"Rodriguez,Pe",-0.0167262572331537
5642,"Pfrommer,C",-0.0167700213185486
5643,"Aziz,Husain",-0.0168114779339908
5644,"Petran,Pe",-0.0168781890192797
5645,"Vantorre,Nils",-0.0169103694794384
5646,"Kollath,Leno",-0.0169350387060756
5647,"Namitbir,Singh Walia",-0.0169986484168436
5648,"Azahares Serrano,Reymond David",-0.0170245303240346
5649,"Rutkauskas,G",-0.0171685391763204
5650,"Cervelli,Eduard",-0.0172630802068603
5651,"Gyenes,Mate",-0.0172929510551585
5652,"Vujosevic,Sasa",-0.0172952916674105
5653,"Trybus,Daniel",-0.0172995615377544
5654,"Marquez Bernal,F",-0.0175530275328867
5655,"In 't Veld,D",-0.0175986467094366
5656,"Maeser,F",-0.0176631907798943
5657,"Kurup,Siddharth",-0.01767766777429
5658,"Nicot,Valentin",-0.0177243854396342
5659,"Gallagher,Jo",-0.0178499371707138
5660,"Issaad,Pascal",-0.0179740552667603
5661,"Noetzel,Fe",-0.0183163187514158
5662,"Lehocz,J",-0.0183899042534954
5663,"Navarro Diaz,C",-0.0183976961188174
5664,"Karanikolas,D",-0.0184009718518854
5665,"Vertetics,A",-0.0185304124628028
5666,"Novak,Ivo",-0.0185615621532798
5667,"Sadbhav,Rautela",-0.0185626752816897
5668,"Kirillov,Vladimir",-0.0185929960528614
5669,"Ratier-Fontana,Matteo",-0.0186236759349882
5670,"Pereslavtsev,Alexandr",-0.0186792807893986
5671,"Van Kemenade,R",-0.0188373434793871
5672,"Juhasz,Judit",-0.0188921567550561
5673,"Hu,Jiani",-0.0189243357303878
5674,"Petrova,Elizaveta",-0.0189613377903729
5675,"Hindol Ghosh",-0.0189721784061039
5676,"Kolla Bhaavan",-0.0190274344947915
5677,"Lapushnian,Eran",-0.0190858356724363
5678,"Tarasenka,Aliaksandra",-0.0190889310956046
5679,"Archita Agrawal",-0.0190941967148199
5680,"Coles,Ruben",-0.0191858352849224
5681,"Wahid,Hlal",-0.0192129581171371
5682,"Glimbrant,T",-0.0193009195896173
5683,"Kraczek,Cezary",-0.0193487327192614
5684,"Gelbenegger,Patrick",-0.019489745794646
5685,"Lomsadze,Irakly",-0.0195073426011171
5686,"Turksoi,Zhanpolat",-0.0195218632397119
5687,"Lissang,C",-0.0196056631451996
5688,"Dzhumadullayev,K",-0.0196249195425727
5689,"Ocampos,I",-0.0196355504484701
5690,"Savelev,Matvei",-0.0196706420190462
5691,"Malisauskas,V",-0.0198512492093266
5692,"Hadzovic,A",-0.0198722109576991
5693,"Trimitzios,Petros",-0.0199182324841783
5694,"Broucek,T",-0.0199987339462151
5695,"Avinash,Vaidyanathan",-0.0200017670128111
5696,"Paprocki,J",-0.0200074223774156
5697,"Lu,Maximillian",-0.0200193980741733
5698,"Ahmad Jawarneh",-0.0200406298308936
5699,"Ballmann,M",-0.0200788457427727
5700,"Johansson,Tage",-0.0200851832575363
5701,"Sekova,Olivia",-0.0200867974532627
5702,"Vescovi,G",-0.0201253240878972
5703,"Gracia Alvarez,Gerardo Antonio",-0.0201279974625899
5704,"Nair,Pranav Prasobh",-0.0201724128249868
5705,"Echeguren,Martin",-0.0202277605190845
5706,"Bardak,Tugberk",-0.0202290503255672
5707,"Koc,P",-0.0202800419069826
5708,"Arencibia,A",-0.0203198959937315
5709,"Bonsaksen,Tore",-0.0203871598476728
5710,"Vaupot,Luka",-0.02041537311112
5711,"Patev,Petko",-0.020449356849071
5712,"Karavitaki,Evaggelia",-0.0204548397193045
5713,"Shangin,Lev",-0.0204712847702146
5714,"Dudzinski,Pa",-0.0205059135231441
5715,"Dombai,I",-0.020561963873882
5716,"Lalic,S",-0.0206504369387189
5717,"Vasquez Alva,Marco Joaquin",-0.0206737927842595
5718,"Yildiz,Ali Aras",-0.0206829722675392
5719,"Castaneda,N",-0.0207442286937814
5720,"Martinez,Leo",-0.0207580795068399
5721,"Prakash,R",-0.0207838109049046
5722,"Alvarez,Enzo",-0.0208063235030252
5723,"Sattarov,Dinis",-0.0209395694737428
5724,"Starikov,Vadim",-0.0209530952865955
5725,"Bolashakov,Nurali",-0.021049657785819
5726,"Veneteanu,Mihai",-0.0210884646909192
5727,"Krasenkova,I",-0.0211536782714627
5728,"Toumpakari,Maria",-0.0211634371874374
5729,"Obrycki,Aleksander",-0.0211637518376807
5730,"Kutzner,S",-0.0212270871914434
5731,"Khandelwal,A",-0.0212712485084851
5732,"Neklyudov,V",-0.021320897447282
5733,"Spyratos,Nikolaos",-0.0213600598238165
5734,"Mulukutla,Ayaansh",-0.021370181760398
5735,"Sidorov,Dmitry I",-0.0214032720005601
5736,"Hautot,S",-0.0214702638108977
5737,"Valean,David-Andrei",-0.0216111924088687
5738,"Ganzorig,Bulgankhan",-0.0216159540479146
5739,"Simsek,Ayaz",-0.0216658411987035
5740,"Sagnik Halder",-0.0216896100535577
5741,"Prokhorov,I",-0.0218100205472713
5742,"Abramkina,Veranika",-0.0219699664828118
5743,"He,Ziyu",-0.0221655972623546
5744,"Patel,Keatan",-0.0221687793368478
5745,"Beredjikin,M",-0.0221903093313703
5746,"Lujan,C",-0.0223817795744334
5747,"Obukhava,Anastasiya",-0.0223851376883438
5748,"Tabak,S",-0.0223883644926728
5749,"Hoegl,Emanuel",-0.0224207549028658
5750,"Hornung,H",-0.0224371397419665
5751,"Ondozi,M",-0.022479876390251
5752,"Dishman,S",-0.0225254362517652
5753,"Ramakrishna,J",-0.0225346774744077
5754,"Nedev,Tr",-0.0226278710952285
5755,"Al Dosari,Naif",-0.0227750675700991
5756,"Radionov,Timur",-0.0228359212909656
5757,"Mira,H",-0.0228461969448625
5758,"Bartodziej,Bartosz",-0.02297880919794
5759,"Marium,Fatima",-0.0229909974140124
5760,"Francs,Marats",-0.0230309521160358
5761,"Boric,Jakov",-0.0230346435443074
5762,"De Ieso,Lorenzo",-0.023157905109356
5763,"Arias,M",-0.0232237537679746
5764,"Sankova,Stella",-0.0233595953116351
5765,"Lagunow,A",-0.0234170320954645
5766,"Singh,SV",-0.0239174160455352
5767,"Siedentopf,D",-0.0241097074242446
5768,"Joseph,Patrick",-0.0241422072045985
5769,"Avila,Lu",-0.0241597836758541
5770,"Matyassy,Lazar",-0.0242833682735044
5771,"Ivanov,Dmitry N",-0.0242938193935028
5772,"Sebag,M",-0.024308177728034
5773,"Mishra,M",-0.0243366630515582
5774,"Fernandez Vargas,Isidro",-0.0243807280865277
5775,"Altini,N",-0.0244037068189575
5776,"Srinadh Panchumarthi",-0.0244475477443949
5777,"Lee,Kyungseok",-0.0244676578951709
5778,"Demeter,Dorina",-0.0244883965288345
5779,"Lopez Gil,D",-0.0247077789738114
5780,"Heldenbergh,Nils",-0.0248192658520328
5781,"Mrvova,A",-0.0248373343846275
5782,"Alfano,Emilie",-0.0248379492707573
5783,"Aroshidze,L",-0.0248454968079303
5784,"Golding,James",-0.0248668128554971
5785,"Bratovic,B",-0.0250318007628219
5786,"Van Volsem,Merlijn",-0.0250960931866766
5787,"Braun,Christi2",-0.0251182501202953
5788,"Ahmed Moustafa,Moustafa",-0.0251396028656555
5789,"Goekten,Aras",-0.0251919149902268
5790,"Atabaev,A",-0.025202836149251
5791,"Ziegler,A",-0.0252598896739772
5792,"Isgandarova,K",-0.0253495925723656
5793,"Mujica,Lucas",-0.0253560876396516
5794,"Bullen,Alex",-0.0254396959542726
5795,"Endeladze,R",-0.0254530026673787
5796,"Werdecker,R",-0.02553876765138
5797,"Malikentzou,N",-0.0255518167354392
5798,"Kovac,L1",-0.0255562823159366
5799,"Ersoz,Teoman Guney",-0.0255772459651414
5800,"Estrada Nieto,J",-0.0256973912224929
5801,"Blijlevens,P",-0.0258527846269569
5802,"Klein,Ron",-0.0258899427666555
5803,"Kochetkov,G",-0.0259014126192354
5804,"Piddubna,Bozhena",-0.0259694580498372
5805,"Elnemr,Mohamed",-0.0259941594830427
5806,"Li,Zhaoyang",-0.0260149180489355
5807,"Sihite,Chelsie Monica Ignesias",-0.0260765952839801
5808,"Gryshko,Vitalii",-0.0260959414973226
5809,"Pniaczek,Marek",-0.0261128484256217
5810,"Benen,S",-0.0261794308937297
5811,"Kaldarova,Ayaulym",-0.0262481462374417
5812,"Sumesh Suresh",-0.0263682663625756
5813,"Starley,Robert",-0.0263933857754138
5814,"Sucharda,Tomas",-0.0265077032317706
5815,"Olteanu,Adrian",-0.0265082961721496
5816,"Mihalea,Maria-Ioana",-0.0265309835377252
5817,"Li,Baize",-0.026561296071622
5818,"Biastoch,Bennet",-0.0266713511781891
5819,"Gamal,Alaa",-0.0267523525050037
5820,"Valcu,Lavinia",-0.0268575344899107
5821,"Verstraete,Michael",-0.0269475381398239
5822,"Parrilla,Juan Jose",-0.0269743272083385
5823,"Kozlovic,Jernej",-0.0270302033352063
5824,"Siryak,Dmitry",-0.0270452865461366
5825,"Merkouropoulos,Dionysios",-0.0270680298046832
5826,"Vorsilka,Jiri",-0.0270825110794976
5827,"Quesada Vera,L",-0.0271554214226829
5828,"Mesa Cruz,Juan Carlos",-0.027226189498417
5829,"Yanayt,E",-0.0272279670547318
5830,"Keramaros,Vasileios",-0.0272421516094082
5831,"Popist,Florian",-0.0273489062523939
5832,"Strating,S",-0.0274072800355342
5833,"Almazan,Naser",-0.0274383204473812
5834,"Berchesan,Alina-Ioana",-0.027441961278164
5835,"Politov,P",-0.0275961480448412
5836,"Zentai,P2",-0.0275980123822619
5837,"Asensio Ramos,E",-0.0276366414364551
5838,"Soltanov,Teymur",-0.027693395437955
5839,"Khanbutaev,Artemii",-0.027742928399867
5840,"Molenaar,C",-0.027749870370051
5841,"Vujovic,Dimitrije",-0.0279188824842484
5842,"Wang,Yi(BJ)",-0.0279488513000645
5843,"Maes,Djad",-0.0279907251527801
5844,"Castro Arguello,David",-0.0279944530506251
5845,"Naitik Jain",-0.0280076790635075
5846,"Le Phan Hoang Quan",-0.0280084235555465
5847,"Duru,Ipek",-0.0280280580553592
5848,"Martinez Martin,D",-0.0280668309117186
5849,"Achuthan,Dylan",-0.0280835319065189
5850,"Alfaya Marcelo,Roberto",-0.0281011430216033
5851,"Gnechko,Ruslan",-0.028128406998781
5852,"Khalid Lodhi",-0.0281420930850402
5853,"Gonzalez De Linares,Milan",-0.0281448151073835
5854,"Tobar B,Jorge Esteban",-0.0281589624663555
5855,"Ersahin,B",-0.0282172912222981
5856,"Van der Stricht,G",-0.0282869570494973
5857,"Frostick,C",-0.0282947653040734
5858,"Harff,M",-0.0283298073443328
5859,"Kosmac,B",-0.0283340339746514
5860,"Liu,Ethan",-0.0285880563111776
5861,"Roca Planas,Edgar",-0.0286736634084571
5862,"Gautier,Selvan",-0.0287231515052328
5863,"Gutierrez Abarrategui,Luis",-0.0287438846994425
5864,"Hutchinson,P",-0.0288488225420234
5865,"Kandi Santosh Sai Karthik",-0.0288551382685488
5866,"Oikonomou,Thomai",-0.0288926321955708
5867,"Lommers,F",-0.028947625368478
5868,"Zienkiewicz,Jan",-0.0289780701313886
5869,"Rosol,Alexander",-0.0290224791397206
5870,"Kemp,Lutz",-0.0290995143764151
5871,"Jeyanth,R",-0.0291064213455804
5872,"Uruci,Ardit",-0.0293411116009908
5873,"Alonso Gimenez,Mauro",-0.0294062195071457
5874,"Dyulgerov,Volen",-0.0295187398975514
5875,"Hamedi Nia,Vesal",-0.0295341577788797
5876,"Kanarkiewicz,M",-0.0295351716389518
5877,"Mahmoud Youssef,Noha",-0.0297097814110347
5878,"Wecker,Martin",-0.029721008243888
5879,"Lu,Ming",-0.0297243603363543
5880,"Stochnialek,Dominika",-0.029755909496683
5881,"Cruz,F",-0.029786386182543
5882,"Fedorov,Artem Alek",-0.0298068190111364
5883,"Cardon,H",-0.0298636059983448
5884,"Fuchs,Patrick",-0.0299021059984054
5885,"Sifuentes Alcantara,Jhony Sebas",-0.0299477076151837
5886,"Bonelli Maestracci,Pierre Joseph",-0.029965036385015
5887,"Blasco Benito,A",-0.0301215117841707
5888,"Ladan,Nicholas",-0.0301331805956476
5889,"Palkovi,J",-0.0303496606330887
5890,"Vasilescu,L",-0.0304051176808835
5891,"Durzynski,Jan",-0.0304423927260329
5892,"Shehzad,Shazil",-0.0305052378518692
5893,"Liu,Tianyi (Jack)",-0.0305340143726176
5894,"Van t Hoff,Tom",-0.0305743254122007
5895,"Poell,Markus",-0.030598792653123
5896,"Charaf,L",-0.0306813189246833
5897,"Tran Le Vy",-0.0307900797226718
5898,"Lam,Chun Yung Samuel",-0.0308306821988904
5899,"Jiao,Zhaorui",-0.0308714986428762
5900,"Rog,Bartlomiej",-0.0309443078734202
5901,"Romero Ruscalleda,J",-0.0309567558792695
5902,"Karimli,Yusif",-0.0309568468180838
5903,"Vu,Thi Dieu Uyen",-0.0310064107981383
5904,"Al Yaghshi,M. Hisham",-0.0310304355891652
5905,"Prashanth J Naik",-0.031031717408264
5906,"Torres Quesada,Reynaldo",-0.0310348144275296
5907,"Nemeth,Mi1",-0.031118127474418
5908,"Dovbnia,Nikita",-0.0311547531670979
5909,"Byron,A",-0.0312387212092077
5910,"Cherepov,A",-0.0312778843477497
5911,"Dylong,Antoni",-0.0312861805980482
5912,"Daghan,Devran",-0.0313767370665759
5913,"Zrust,Lukas",-0.0314073091205576
5914,"Bakhare Atharva",-0.0314723682650261
5915,"Burri,Quentin",-0.031474495134247
5916,"Adams,Henry",-0.031478190180913
5917,"Sejdiu,Bekim",-0.0314883776043352
5918,"Mogasale,Chetan",-0.0314931398412615
5919,"Wang,Henry",-0.0315953276851978
5920,"Kopacz,Mikolaj",-0.0316647846029581
5921,"Schwabeneder,A",-0.0316684501219034
5922,"Balavignan,Ashvin",-0.0316733464332554
5923,"Rachit H Gurnani",-0.0317057528968283
5924,"Manon Og,R",-0.0318530046547154
5925,"Roessler,U",-0.0318823127154365
5926,"Rusu,Anastasia",-0.0318905839757163
5927,"Nazia,Ata",-0.0319825909839255
5928,"Ozcan,Alp Orcun",-0.0320512362830008
5929,"Stanica,Andrei",-0.0320691463461421
5930,"Gines Abad,P",-0.0322390873817849
5931,"Sanroman Costas,Mauro",-0.0322705593655269
5932,"Krush,I",-0.0322950264822754
5933,"Barboza Viquez,Martin Eduardo",-0.0323178641814527
5934,"Silseth,S",-0.0323740570502346
5935,"Hros,R",-0.032424402918676
5936,"Trushko,Andrii",-0.032440609276643
5937,"Goderdzishvili,Giga",-0.0324554340829287
5938,"Doescher,Nayla",-0.0324778822318596
5939,"Ortner,Sebastian",-0.0324876987283349
5940,"Vasilache,Dan-Andrei",-0.0325454902917118
5941,"Surtees,M",-0.0325829647027333
5942,"ALDHAFEERI,FAHAD KHALAF",-0.0326182819038483
5943,"Tselepis,Ioannis",-0.0326455699023914
5944,"Nestor,K",-0.032710892791475
5945,"Hewitt,B",-0.0327145221285949
5946,"Fedunov,Danil",-0.0327603345021465
5947,"Grove,P",-0.0329304261376126
5948,"Ochirbat,Lkhagvajamts",-0.0329515406339878
5949,"Stojsin,Nikola",-0.0329770288249444
5950,"Devnath Bijesh",-0.0329830035595631
5951,"Eckardt,Joshua",-0.0331606885327181
5952,"Rodriguez Dominguez,Melissa",-0.0332337631472571
5953,"Guba,Viktor",-0.0333572968988206
5954,"Bernardi,Nicolas",-0.0333602748870595
5955,"Merenciano,Alexandre",-0.0335159819255221
5956,"Binham,T",-0.0335551770516666
5957,"Alape Gonzalez,Juan David",-0.0335732350981661
5958,"Pasa,Ahmet",-0.0336270204498405
5959,"Leftheriotis,Alexandros",-0.033698071221055
5960,"Polyik,Peter",-0.0338013359649947
5961,"Hamilton,Don",-0.0338792552128071
5962,"Page,Mark",-0.0338857361580378
5963,"Om Reddy Jayar",-0.0339108752276403
5964,"Mihokovic,Borna",-0.0339427012395067
5965,"Dessyn,Timothee",-0.0339429462030696
5966,"Darie,Aden",-0.0339524375014249
5967,"Anilkumar,O",-0.0339776762196444
5968,"Maldonado Mena,German",-0.0340496596125796
5969,"Diakidis Kostas,Michail Georgi",-0.0340688888259319
5970,"Dev,Shah",-0.0340846738384448
5971,"Klinkan,A",-0.0340944038184397
5972,"Suthan,Aadvik",-0.0341373735612025
5973,"Teimouri Yadkuri,Shahdad",-0.034179447238878
5974,"Soumick Bandopadhyay",-0.0342113084099871
5975,"Al Hageri,B",-0.034218873621803
5976,"Tomic,G",-0.0342349008420169
5977,"Anistoroaei,Maria",-0.0342373222725517
5978,"Kukushkin,Ivan",-0.0343966431542551
5979,"Jedrusik,Adam",-0.0344525648887684
5980,"Lukac,R",-0.0346051022511514
5981,"Soumya,Sw",-0.0346808449628674
5982,"Wagner,Step1",-0.0347226360482303
5983,"Sienczewski,Z",-0.0347326997852695
5984,"Patrascu,Catalin-Lucian",-0.0347670165155916
5985,"Van den Bos,Frans Pieter",-0.0347693171554283
5986,"Hijarrubia Alvarez-Cuevas,Gonzalo",-0.0348467356289513
5987,"Topuz,Mirac Melih",-0.0349345648335289
5988,"Hoerhold,Karola",-0.0350486721103242
5989,"Xu,Yang",-0.0350513810268506
5990,"Lima,Stefan Moisei VIeira",-0.0350863083454653
5991,"Song Bing",-0.035152860958781
5992,"Cimins,A",-0.0351768284535235
5993,"Bosc,Seraphina",-0.0351930180928965
5994,"Calvo Gonzalez,Jose Felix",-0.0352516762258859
5995,"Jocev,M",-0.0352801044416125
5996,"Rohatgi,Kushagra",-0.0352834463948408
5997,"Sameh Mohamed,Abdalrahman",-0.0353590180539206
5998,"Froewis,A",-0.0354385423575041
5999,"Kandil,Ahmed",-0.0355721911380729
6000,"Ruiz Casado,F",-0.0356093265674483
6001,"Wunder,Niklas",-0.0356501704986415
6002,"Sattarov,F",-0.0357070922032366
6003,"Cezar Junior,William Carlos",-0.0357645303194354
6004,"Kuznetsova,Marina",-0.0357712381797214
6005,"Paragua,Dominic Nathan",-0.0358616974005916
6006,"Sabirov,Rafael",-0.0358705816808653
6007,"Bergdahl,Martin",-0.0359296639305406
6008,"Geboers,J",-0.0360257762030184
6009,"Indusekar,Akshay",-0.0360320508613677
6010,"Medeiros,Thauane Ferreira",-0.0360870308184458
6011,"Gogolis,A",-0.0361234051996377
6012,"Semenov,Va",-0.0361320050579213
6013,"Adam,Ernestina",-0.0361755748757761
6014,"Altynbek,Aiaru",-0.0361889936359579
6015,"Cots Valls,Jordi",-0.0362161874325478
6016,"Sipeky,L",-0.0362183172202236
6017,"Shashish Subbiah",-0.0362916130438628
6018,"Mora Moron,Jose Ramon",-0.0363280624351402
6019,"Malinovsky,P",-0.0363353279149024
6020,"Lopez,Javier",-0.0363710125871571
6021,"Panaiatov,R",-0.0363822907092059
6022,"Konstantelias,K",-0.0364731621058989
6023,"Ibar,M",-0.0365557616204276
6024,"Vana,Jan",-0.0365692928304113
6025,"Karayayla,Doruk",-0.0365914538749718
6026,"Papakyriakou,Charalampos",-0.03667199717905
6027,"Arandjelovic,A",-0.0367414196312331
6028,"Garcia,Jh",-0.0368950286789145
6029,"Enriquez Pastor,Jorge",-0.0370347624033645
6030,"Malek,Da",-0.0371123899552062
6031,"Evdokimov,Alexey",-0.0371840304412992
6032,"Llari,Marc",-0.0372673833245002
6033,"Rajmohan,Vikram",-0.0373021114544639
6034,"Jeronovics,Toms",-0.0373844334502029
6035,"Tatar,Marius Lucian",-0.0373896969129619
6036,"Bahmani,Koorosh",-0.0373928521637803
6037,"Dal,Emir Saygin",-0.0374310917116477
6038,"Fikiet,Alex",-0.0376987596248217
6039,"Martinez de La Trinidad,Alexandra",-0.0377317334895685
6040,"Savic,Miom",-0.0377438460752191
6041,"Heilinger,D",-0.037769910196755
6042,"Kaufhold,Jonas",-0.0377699410574236
6043,"Haack,Kevin",-0.0377838259808917
6044,"Baghirov,Mahammad",-0.0378556974920016
6045,"Grebeniuk,S",-0.0380569308173015
6046,"Cirkovic,Vuk",-0.0380932519307725
6047,"Apaar Saxena",-0.0381034311830855
6048,"Lilliehook,Victor",-0.0382780787696787
6049,"Flis,Piotr",-0.0382860998807335
6050,"Lopez Ramirez,David Santiago",-0.0382991420194347
6051,"Jakab,At",-0.0383048614180175
6052,"Syzdyk,Samir",-0.0383074367056608
6053,"De Oude,Sybe",-0.0383417185400351
6054,"Bhanushali Neemay",-0.0384171372781818
6055,"Redzisz,Michal",-0.0384311557470415
6056,"Pressler,Tobias",-0.0384375148148452
6057,"Nurahmad,Tabriz",-0.0385622719129484
6058,"Sreyas,Payyappat",-0.0385747280134597
6059,"Skuhala,B",-0.0386193800691137
6060,"Karwowski,K",-0.0386215809403161
6061,"Zhukovskyi,Oleksandr",-0.0386326889466873
6062,"Khachatryan,Anna",-0.0386843949377189
6063,"Sohal,Milaan",-0.0386975186528597
6064,"Gyorfi,Adam",-0.0387012112516862
6065,"Landolsi,Iyad",-0.0387167423140281
6066,"Fuentes,Agustin",-0.0388004459753817
6067,"Pile,R",-0.0388372653137338
6068,"Chabanon,JL",-0.038856277401089
6069,"Angada H P",-0.0389929406894153
6070,"Gajic,Ml",-0.0390089543089537
6071,"Maris,Iv",-0.0390796454583117
6072,"Zak,K",-0.0390897751985111
6073,"Bwalya Mulwale,Lubuuto",-0.0391350805767086
6074,"Gudovskis,Konstantins",-0.0392858352837631
6075,"Kurbanov,Abdulaziz",-0.0393409373790275
6076,"Henderson de La Fuente,Lance",-0.0393734528002293
6077,"Weerathungalage,W D Malisha Sasvidu",-0.0393920417892797
6078,"Lammens,Tim",-0.039407272206302
6079,"Trifoi,Mihaela-Ioana",-0.0395805669610592
6080,"Dobsa,Emma",-0.0396078060957782
6081,"Meduri,Aakaash",-0.0398160566445139
6082,"Morariu,I",-0.0398632439276891
6083,"Oflaz,Fatma Zehra",-0.0399045904777555
6084,"Konstantinowskij,D",-0.0399388934430686
6085,"Noy,Eyal",-0.0399530036908317
6086,"Nainys,Zanas",-0.0400007729748606
6087,"Ai,Evan",-0.0401226812172633
6088,"Vaddhireddy,Sai",-0.0401286598534679
6089,"Abdulkarimli,Eljan",-0.0401304744643537
6090,"Gourlay,I",-0.040156343998724
6091,"Beyer,Lorenz",-0.0401571327114123
6092,"Devagharan,Devina",-0.0401830372342861
6093,"Avramescu,P",-0.0401980927801779
6094,"Ozen,Batuhan",-0.0402436602165044
6095,"Beinrucker,Clemens",-0.0403247223898362
6096,"Birk,Robin",-0.0403522661053876
6097,"Alsabah,Sabah",-0.0403559241997736
6098,"Sanjuan Garcia,M",-0.0404037903711556
6099,"Isler,Manuel",-0.0404194862525911
6100,"Zauner,C",-0.04042011367374
6101,"Sanchez Tobar,Francisca Valenti",-0.0404252935989822
6102,"Neuhoff,Laertes",-0.0405169069750882
6103,"Gawlik,Olivier",-0.0405416993315931
6104,"Ezsol,M",-0.0405685017144602
6105,"Temizer,Umut",-0.0407226895176458
6106,"Messaoudi,Nino",-0.0407408423080606
6107,"WEFANG Lucrece",-0.0407877145374551
6108,"Babadita,Andrei",-0.0408266762240768
6109,"Mohnish Balamurugan",-0.0408669442921669
6110,"Mino Almiron,Joaquin A.",-0.0409212910883816
6111,"Gilmore,Simon N",-0.0409463960403883
6112,"Ganic,M",-0.0409639419297921
6113,"Tolmacevs,Artjoms",-0.0409649589167684
6114,"Sanitt,Ethan",-0.0410071285863201
6115,"Moustakas,Georgios",-0.0410572415585701
6116,"Persson,Mat2",-0.0413297574250888
6117,"Lad,Mandar Pradip",-0.0413664344506439
6118,"Sandhu,Manvith",-0.0413775996038835
6119,"Meise,Volker",-0.0413831912825796
6120,"Grabe,Eckart",-0.0414235458179362
6121,"Tadmor,Maya",-0.0415036224931721
6122,"Bodemar,Jonathan",-0.0415938368145264
6123,"Bouvet,F",-0.041617703978628
6124,"Pranav,S",-0.04171396711251
6125,"De Saegher,C",-0.0417391006199116
6126,"Ordunez Echarte,D",-0.0418069625764191
6127,"Codreanu,Marius",-0.0418138744387708
6128,"Abhirup Saikia",-0.0418371186264653
6129,"El Karaoui,Adam",-0.0419089543218322
6130,"Lind,Jacco",-0.0419447222736595
6131,"Naumov,Petr",-0.0419579348491665
6132,"Palazi,Galatia",-0.0419616551585691
6133,"Advik Reddy Moate",-0.0419801888945082
6134,"Agafonov,Y",-0.0420327654715225
6135,"Blanco Sanjuan,J",-0.0420401037052184
6136,"Peter,R",-0.0420404183528074
6137,"Prakash Vaishnavi",-0.0420554777358395
6138,"Vitoux,C",-0.0421663124350006
6139,"Miranda Vargas,Analia Karen",-0.0422457724591534
6140,"Regan,N",-0.0422480668508223
6141,"Gutierrez Olivares,D",-0.0422747717752008
6142,"Aamuktha Guntaka",-0.0423146611214147
6143,"Izbekova,Evdokia",-0.0423819714803374
6144,"Charmeteau,S",-0.0425080819994945
6145,"Dovhan,Artem",-0.042691799014925
6146,"Johansson,CF",-0.0427401913849491
6147,"Wimmer,Michael",-0.0428322397614333
6148,"Cooper,DM",-0.0428610995369762
6149,"Gnida,Patrik",-0.0428995619986758
6150,"Alhassadi,Yousef A.",-0.0429145215073283
6151,"Vachet,Laurent",-0.0429710962622326
6152,"Zhang,Richard",-0.0429735021692881
6153,"Ledas,Armandas",-0.0429743215972731
6154,"Chalmers,Jean-Jack",-0.0429861847116462
6155,"Zunghammer,Michael",-0.0430353346877124
6156,"Kampman,T",-0.0431099452831785
6157,"Matrunchyk,Roman",-0.043119526950165
6158,"Jushkov,Aleksander",-0.0431376755470135
6159,"Manhardt,T",-0.0431389841920564
6160,"Yuliana,Evi",-0.0431731178141448
6161,"Rahul Ramakrishnan",-0.0435250562788339
6162,"Sisic,Muhamed",-0.043575070658278
6163,"Gloessl,Sota Alexander",-0.0436093229259291
6164,"Kretov,E",-0.0437100030725812
6165,"Taranowicz,Michal",-0.0437516508192426
6166,"El Karoui,Noe",-0.0437599787536757
6167,"Zalitis,Arturs-Aleksis",-0.0439709246512229
6168,"Caron,D",-0.0440308860249873
6169,"Dzjuba,V",-0.0440580347190639
6170,"Bjorklund,Thomas",-0.044118309505887
6171,"San Diego,Marie Antoinette",-0.0441820973872603
6172,"Kotrba,M",-0.044258510889645
6173,"Klawa,P",-0.0442946771455777
6174,"Sieber,Fiona",-0.0443492709590774
6175,"Babychev,Mykhailo",-0.0443568460160886
6176,"Hasanzade,Toghrul",-0.0443935516413673
6177,"Itkis,B",-0.0444108920342245
6178,"Neumeier,K",-0.0444391226465997
6179,"Vidal,L",-0.044478031964815
6180,"Tzavara,Eleni",-0.0445124370427539
6181,"Barchuk,Irina",-0.0445726093556758
6182,"Nguyen Van Hai",-0.0445879436834334
6183,"Barbot,Pi1",-0.0446416437032765
6184,"Leitgeb,Julian",-0.0448521409960311
6185,"Vikas,Hema",-0.0448721584718119
6186,"Mutschnik,I",-0.045034266018382
6187,"Winter,Ondrej",-0.0450399822904563
6188,"Krol,Jan",-0.0450416900246891
6189,"Lang,Fa",-0.0451203425594136
6190,"Borisov,Maxim S.",-0.0451834803953401
6191,"Guliev,L",-0.0452287786055304
6192,"Onodi,Miklos",-0.0452329283715558
6193,"Mohamed Abdelkader,Mohamed",-0.0452702093798344
6194,"Gneiss,K",-0.0452995003940316
6195,"Imashev,I",-0.0453281870558866
6196,"Ats,L",-0.0453351494053089
6197,"Mai,Duc Kien",-0.0453431126508179
6198,"Friedrich,R",-0.0453893470180368
6199,"D. Ashraf,S",-0.0454304673541166
6200,"Romero Barreto,Jaime Jose",-0.0454347826946458
6201,"Thomas,Mark",-0.0454413126317112
6202,"Sakhayi,M",-0.0454512800930379
6203,"Fiorenza,Brandon",-0.0454883228615261
6204,"Mueller,Max1",-0.0455217980899082
6205,"Elesh Tripathi",-0.0455520243161964
6206,"Janous,Marek",-0.0455608218969376
6207,"Kham-Nguyen,Mathys",-0.0455896433102926
6208,"Zivkovic,I",-0.0457253840253524
6209,"Zeller,Thomas",-0.045735102128658
6210,"Svoboda,Tobias",-0.045879935714296
6211,"Baudouin,Alexandre",-0.0459223309420089
6212,"De la Cruz Esteibarlanda,Ametz",-0.0459306053988809
6213,"Tabada,J",-0.0459842624498414
6214,"Weller,Uli",-0.0460141245321389
6215,"Otgonjargal,S",-0.0460241832707996
6216,"Kaplan,Bahadir",-0.0460386113762259
6217,"Vedant Rupeshbhai Varasada",-0.0460844332238358
6218,"Kaczmarek,Michal",-0.0461076781862767
6219,"Zhao,George",-0.046146702270773
6220,"Van Meter,L",-0.0461981100074344
6221,"Ayemou,Mazan Emmanuela Esther",-0.0462808156684096
6222,"Marcos Rodriguez,Raul",-0.0464333210724622
6223,"Sajin,Mirko",-0.0464580522198036
6224,"Mangao,Danny Maersk",-0.0465758947897638
6225,"Ishaan Angamuthu",-0.0466433735352717
6226,"Piekarski,A",-0.0467033962163241
6227,"Kock,R",-0.0467236455505628
6228,"Nemeth,Zs",-0.0467601735466706
6229,"Kastner,W",-0.0467644583797354
6230,"Ni,Lucas",-0.0467810825983023
6231,"Lagunov,Ev",-0.0468017858205091
6232,"Tomic,Stefan",-0.046868661693529
6233,"Breuil,Tristan",-0.0468844829098982
6234,"Bou Hamdan,Hani.",-0.0469638405794125
6235,"Blanco Amaro,Guillermo J.",-0.046974539658003
6236,"Niharika,Challa",-0.047068350798895
6237,"Gowrishankar Jayaraj",-0.0470964952077985
6238,"Ghane,S",-0.0471451900766976
6239,"Hnydiuk,A",-0.0471583316222391
6240,"Martin Barcelo,Carles",-0.0471667514696927
6241,"Welikumbura,S D",-0.0471988032384438
6242,"Tsamtsouris,Efthymios",-0.0472321526599499
6243,"Damaraju,Ashwin",-0.0472960748623906
6244,"Logozar,Elijah",-0.0473126979201665
6245,"Koridze,Lile",-0.0473311462850221
6246,"Looi,X",-0.0473965197515184
6247,"Cerovic,Z",-0.0474296687433152
6248,"Vichnar,D",-0.0474782151452732
6249,"Halegua,Dani",-0.0474788676062914
6250,"Sacchu,Afzal Hossain",-0.0476096050118687
6251,"Londono Lopez,Donaldo",-0.0476284262139967
6252,"Schulze,T",-0.0476473590801741
6253,"Halvax,G",-0.0476772780107204
6254,"Arnedo Vigueras,Miguel",-0.0477020823831235
6255,"Mueller,Maximilian",-0.0477068011353755
6256,"Godoy,Joaquin",-0.0477377416357072
6257,"Velarde,Jerish John",-0.0477779376676837
6258,"Kim,Thiago",-0.0478592142140134
6259,"Triantos,Konstantinos",-0.0478783577328053
6260,"Dorache,F",-0.0478840831267188
6261,"Tanaka,Taira Tyler",-0.0479138526206078
6262,"Eshwar Veerappan Aiyappan",-0.0479293385310173
6263,"Wolak,Jan",-0.0479472568959272
6264,"Marsden,Samuel",-0.0479600837671748
6265,"Ernst,Luca",-0.0480168013785136
6266,"Hirzel,Cedric",-0.0480461078640137
6267,"Sidney,Will",-0.0480991709313774
6268,"Zhang,Yinzhe",-0.0481186271819374
6269,"Kazlou,Petr",-0.0481880064236752
6270,"Krot,Mykola",-0.0482599782378876
6271,"Grimaldi Peetz,Anton",-0.0482981472542462
6272,"Ho,Carter",-0.0484970954049727
6273,"Van Arendonk,Polle",-0.0485062473366344
6274,"Balafoutas,Alexandros",-0.0485497964176806
6275,"Prasanth,Rishi",-0.0487736918442123
6276,"Jin,Ruijun",-0.0488166277146492
6277,"Thiel,T",-0.048835440665712
6278,"Winchell,Barrett",-0.0488560961749683
6279,"Canbulan,A",-0.0489014700453543
6280,"Lopes,Eduardo Moraes",-0.0489606826626678
6281,"Chan,Nevil",-0.0490180096633137
6282,"Wagner,Cl",-0.0490401480940625
6283,"Dacic,Goran",-0.0490737167926867
6284,"Abudureheman,Namaiti",-0.0491191755100408
6285,"Roman,R",-0.0492035183579049
6286,"Urbina Perez,J",-0.0492265760121688
6287,"Alvarez Leon,Lu",-0.0492455360017898
6288,"Mondrzycki,B",-0.0492974373923112
6289,"Constantinescu,Bogdan-Ionut",-0.0493641172146407
6290,"Hashem,Khaled",-0.0493778500317834
6291,"Gluhovsky,Mark",-0.0493905781289221
6292,"Gely,Yann",-0.049695557458549
6293,"Taylor,T",-0.0497138370236778
6294,"Enoeckl,P",-0.0497247831203142
6295,"Dergaoui,Amir",-0.0497288782926521
6296,"Grochol,Kamil",-0.0497923517141895
6297,"Migalko,Dmitriy",-0.0498054627563733
6298,"Campean,Radu-Traian",-0.0498254641454203
6299,"Wolff,Ch1",-0.0498356586817019
6300,"Hoecher,Michael",-0.0499154389259494
6301,"AlShourfaa,Hazaa",-0.0499348851307303
6302,"Schmitt,An",-0.0499375176576697
6303,"Wiesmann,D",-0.0499718314572022
6304,"Iglesias,Joa",-0.0499980880121038
6305,"Gonzalez Culi,D",-0.0500845621866906
6306,"Hebesberger,T",-0.0501392275044126
6307,"Thill-Solente,Gabriel",-0.0503366768857335
6308,"Navalgund,N",-0.0503618822851067
6309,"De Wit,Evan",-0.0504180847623397
6310,"Durand-Benmoussa,Roman",-0.0504750582048616
6311,"Theoharidis,G",-0.0504931237811533
6312,"Sabuk,P",-0.0505253361957241
6313,"Lishoy Gengis Paratazham,Dildarav",-0.0505631784248561
6314,"Seker,Kadir Mert",-0.0505681847198457
6315,"Garmash,Aliona",-0.0505687036378253
6316,"Yungucu,Arda",-0.0506051596759525
6317,"Iriarte Diez,Enrique",-0.050673773665591
6318,"Batyte,D",-0.0506924555150004
6319,"Bango,Lukas",-0.0507646740054549
6320,"Cori T.,D",-0.0508096746466041
6321,"Villiers,Thomas",-0.0508183061841943
6322,"Prokhorov,Gleb",-0.0508363134685456
6323,"Baihaghi,Aryana",-0.0508489022090023
6324,"Skribeland,Erik Gurakar",-0.0508501247692721
6325,"Leenen,Boyd",-0.0508565903660515
6326,"Menna Barreto,L",-0.0509008807186674
6327,"Pi,Aiying",-0.0509666974261192
6328,"Buakird,Apichit",-0.0509996420407334
6329,"Noguchi,K",-0.0511536920310662
6330,"Toma,K",-0.0512114170061427
6331,"Walton,A",-0.0512209416700405
6332,"Tan,Brendan",-0.051259567873017
6333,"Saric,Ig",-0.0512917081048771
6334,"Eke,Salih",-0.0512934420334206
6335,"Delorme,L",-0.0513253795736356
6336,"Magas Varas,R",-0.0513439457601618
6337,"Kossela,Peter",-0.0514157102722572
6338,"Tahmidul,Haque",-0.0514200922484337
6339,"Fraga,Heitor Carneiro",-0.0514350263122616
6340,"Mendez Machado,Andre",-0.0514588365542087
6341,"Talghader,John",-0.0514591637192716
6342,"Coppola,C",-0.051465080519916
6343,"Krajewski,Thomas",-0.0514855372557797
6344,"Anghenie,Toma-Horia",-0.0514957698702312
6345,"Cieslak,Wiktoria",-0.051546750984204
6346,"Aayush Kabra",-0.0515594555909426
6347,"Alrehaili,Ahmed Abdullah S",-0.0515892766792245
6348,"Vujatovic,R",-0.0515994198472026
6349,"Curcio,Luciano Joel",-0.0516624952526423
6350,"Voglhofer,M",-0.0516751583294509
6351,"Koban,M",-0.051682103055639
6352,"Palacio,I",-0.051760625812503
6353,"Papp,Petra",-0.0517732238302191
6354,"David,Cristian",-0.0517903180963719
6355,"Freisler,P",-0.0518202124688599
6356,"Cai,Chaoruo",-0.0518471619123125
6357,"Qu Yanqiao",-0.0518489260187349
6358,"Mazurek,Jerzy",-0.0518534944918674
6359,"Ask,J",-0.0519179035997921
6360,"Civin,Dominik",-0.0519467432096825
6361,"Rodrigues,B",-0.0519501583151758
6362,"Jokai,Bence",-0.0519760392151394
6363,"Nagly,Wojciech",-0.0522787779322872
6364,"Jain,Kushagra",-0.0523578230340291
6365,"Laddad Aadhavan Atish",-0.0524037025525905
6366,"Ostrowsky,A",-0.0524208377189756
6367,"Von Koschitzky,T",-0.052527984304768
6368,"Mohammed Abdul,M",-0.0526454282803341
6369,"Sedivy,Martin",-0.0526714843235835
6370,"Iyer Arvind",-0.0527018722226378
6371,"Le Roux,JP",-0.0527544704443888
6372,"Jusup,M",-0.0528228015404147
6373,"Ivancic,Ivan",-0.0528932054908486
6374,"Dupuis,Cedric",-0.0529156577843122
6375,"Pereyra,H",-0.0529179563004591
6376,"Shahrbani,Shaked",-0.0530026571655051
6377,"Moreto Quintana,A",-0.0530144148511133
6378,"Dotti,Fernando",-0.0530246287135159
6379,"Brito Carrascal,Isabela",-0.0530419754069149
6380,"Kappelmann,Florian",-0.0530632657232806
6381,"Payne,Matthew J",-0.0530732469295698
6382,"Rohith S",-0.053137037137317
6383,"Huber,Benedikt",-0.0531409827346159
6384,"Librelato,Kathie Goulart",-0.0531823676727608
6385,"Rodriguez,Sa",-0.0532311469408182
6386,"Zherebtsova,A",-0.0532975430305507
6387,"Franc,Ondrej",-0.0533005353059094
6388,"Buyankhishig,Batpelden",-0.0533007053604979
6389,"Bellm,Juergen",-0.0533123473609996
6390,"Vasilieva,Arina",-0.0533380863739509
6391,"Niekras,Dawid",-0.0534209637581533
6392,"Souza Neves,A",-0.0534356701021379
6393,"Bagchi,Sounak",-0.0534438680086386
6394,"Kresz,Adam",-0.0534487775111018
6395,"Vargas Rodriguez,W",-0.0535127296431046
6396,"Prata,Paulo Roberto Santos",-0.0535144425175199
6397,"Kozma,K",-0.0535583184876473
6398,"Ben Rahmoun,Yanis",-0.0536171761143244
6399,"Pielawa,Martin",-0.0536260921433638
6400,"Berdashkevich,Makar",-0.0536539760212402
6401,"Havas,Clemens",-0.0536835872203855
6402,"Yang,Bojun (Bryan)",-0.0537157661544537
6403,"Yashvi Jain",-0.0537413788725066
6404,"Mounif,Saab",-0.0537997553751486
6405,"Karaivanova,Petya",-0.0538137115837326
6406,"Ko Ko Ohn",-0.05389393098321
6407,"Silvestre,Christian",-0.0539299591040573
6408,"Serbanescu,D",-0.0540232473804636
6409,"Dilji,Emell",-0.0540374560307669
6410,"Namyslak,Piotr",-0.0540955296808439
6411,"Berisha,Enver",-0.0541259758776064
6412,"Rabbers,Daniel",-0.0541573960186298
6413,"Glasbeek,Steven",-0.054162508676909
6414,"Woudenberg,Frank",-0.0541855134953869
6415,"Karimova,Guldona",-0.0542216235769228
6416,"Yildiz,Em",-0.0542235181017194
6417,"Maltezeanu,Stefan",-0.0542486575646206
6418,"Tsarsitalidis,Konstantinos",-0.0543167739261248
6419,"Srivastava,Aditya",-0.0543628201887302
6420,"Sroczynski,M",-0.0543697735966114
6421,"Preundler,Florian",-0.0543952241805719
6422,"Zamudio,J",-0.0544083087294669
6423,"Crut,A",-0.0544755214219394
6424,"Olsen,Anders",-0.0545061659457731
6425,"Kohalmi,E jr",-0.0545605104647626
6426,"Casal Roses,Alfredo",-0.0546705206343489
6427,"Bokhodirov,Abdulkodir",-0.0547190655891751
6428,"Elo,I",-0.0547371177197764
6429,"Pritzlaff,Tim",-0.0548668261608101
6430,"Yelkhovsky,Daniil",-0.0549174071166264
6431,"Goodrich,Elliott",-0.054937830770935
6432,"Garrigue,Julian",-0.0550288622988821
6433,"Ye,Xuqing",-0.0550489178458634
6434,"Ermitsch,M",-0.0550620314882585
6435,"Zadrapa,R",-0.0550994091534479
6436,"Gemelli,Romain",-0.0551762313701177
6437,"Rodshtein,Tereza",-0.0552076747327223
6438,"Sygulski,Piotr",-0.0553367328997623
6439,"Lian,M",-0.0553905051891294
6440,"Czebe,A",-0.0554108550131861
6441,"Ngo,Quang Thai",-0.0554728981317731
6442,"Smeets,Christiaan",-0.0555177113515336
6443,"Kratimenou,Georgia",-0.0555568976415951
6444,"Karapinar,Yalin",-0.0555649833500484
6445,"Orlovska,M",-0.0555717646627821
6446,"Delgado Bilbao,Jorge",-0.0555779981418841
6447,"Busch,Michael",-0.0556245120910159
6448,"Karimov,Shakhrombek",-0.0556472141920273
6449,"Jonsson,Gauti Pall",-0.0556649626318186
6450,"Izquierdo,D",-0.0556990767672823
6451,"Papachristopoulos,Georgios",-0.0557795306241191
6452,"Makoveev,Ilya",-0.0557879908054528
6453,"Jia,Zining (matthew)",-0.0558197399693261
6454,"Abramor,Franco",-0.0558395891154453
6455,"Cortes Lizano,J",-0.0558971515035653
6456,"Copeland,Samuel",-0.0559395530111707
6457,"Anatol,Luke Leon Robin",-0.0559988293908503
6458,"Tischler,Michel",-0.0560523421374493
6459,"Egyed,J",-0.0560524146549153
6460,"Larchikov,Maksym",-0.0560598986292687
6461,"Urhegyi,M",-0.0561316239563248
6462,"Moracchini,Margaux",-0.0561509261357927
6463,"Melderis,U",-0.0561639535405999
6464,"Gergin,Isafara",-0.0561693045694092
6465,"Aarts,Joaquin",-0.056253049945051
6466,"Mithilesh Ranjithkumar",-0.0562897251445344
6467,"James,R",-0.0563125898358552
6468,"Sivathanujan,S",-0.0563344669451381
6469,"Siddarth,M",-0.0563826623906692
6470,"Suranyi,P",-0.0564364048373445
6471,"Clery,N",-0.0564453337212096
6472,"Dvorak,Jan",-0.0564777648182666
6473,"Taams,Lisanne",-0.0564878471167145
6474,"Perhinig,R",-0.0565006248140734
6475,"Sree Shaunak Chanda",-0.0565146557422074
6476,"Goncalves,Samuel Jesus P",-0.0565404599961879
6477,"Zayed,Sultan Al Taher",-0.0565652730685974
6478,"Dias,Ricardo Pedro Cruz",-0.0565735507367296
6479,"Martins,Dav",-0.056588869272345
6480,"Rychagov,Nikita",-0.0566559712324382
6481,"Kulnev,Aleksandr",-0.0566717553659389
6482,"Adly,Ibrahim",-0.0566777385617371
6483,"Moran,G",-0.0567387721535702
6484,"Marquinez Cabrejas,F",-0.0567796867071885
6485,"Morales Santos,Natasha",-0.0567924252524772
6486,"Stefan,Romulus-Cristian",-0.0568816600036282
6487,"Almuneer,Muhammad",-0.0569077044222582
6488,"Juchler,Celine",-0.056915104921226
6489,"Dib,Billal",-0.0569292984738552
6490,"Podvin,Antoine",-0.0569662601793474
6491,"Tammela,Ranel",-0.0569723509099247
6492,"Averbukh,A",-0.0569872237585227
6493,"Poliquit,Dennis",-0.0570063920558221
6494,"Becx,C",-0.0571113752494741
6495,"Hristodoulaki,A",-0.0571170397852757
6496,"Barrera Caicedo,Hubert",-0.0572920291343138
6497,"Moerwald,Magdalena",-0.0573162395270093
6498,"Rodriguez Polo,Mateo",-0.0573269126595619
6499,"Afnan,Zarif Haque",-0.0574544613194318
6500,"Borne,Felix",-0.0574745153471482
6501,"Erdogan,Anil Berk",-0.0574801759244184
6502,"Ruchinskaya,Valerie",-0.0575015570186881
6503,"Abasov,Yusif",-0.0575138216412905
6504,"Zajakins,Artjoms",-0.0575376320752045
6505,"Alexandru,Dan-Mihai",-0.0575547614336976
6506,"Pak,Alexander",-0.0575962131052737
6507,"Villanueva,N",-0.0576971262179052
6508,"Lakunza Plazaola,A",-0.0577329143974723
6509,"Grimault,Leane",-0.0577347752845961
6510,"Lien,Mikkel",-0.0578634554663959
6511,"Harshal,S",-0.0579137196171996
6512,"Chogdov,M",-0.0579399038421616
6513,"Bravo Bertoglio,Jorge",-0.0579893661629162
6514,"Amarelis,Robin",-0.0580200528431416
6515,"Vandenbussche,T",-0.058076321379851
6516,"Camps Abadia,Arnau",-0.058125230054903
6517,"Liska,Ji2",-0.0581276807504428
6518,"Alahakoon,I",-0.0581348276989981
6519,"Georgiev,B",-0.0581451519047134
6520,"Schloffer,Jasmin-Denise",-0.058169259189129
6521,"Ubilava,E",-0.05820480228311
6522,"Ferreira,VitorH",-0.0582276027357134
6523,"Hol,Camile",-0.0582850304301743
6524,"Krzywda,A",-0.0584199584509222
6525,"Nanditha,V",-0.0584318164426866
6526,"Obolonin,Filipp",-0.0585011291779309
6527,"Li,Chengyu",-0.0585750195254756
6528,"Xu,Jin Hao",-0.0586008507099441
6529,"Smeets,Sjo",-0.058639901704949
6530,"Majewski,Nico",-0.0587796760465156
6531,"Qian,Tianchi",-0.0587802195650551
6532,"Parkar Mayuresh",-0.0588415136642027
6533,"Popescu,Daniel-Vasilica",-0.0588815017122819
6534,"Storey,Ch",-0.0589148240143004
6535,"Erdos,B",-0.0589366063576753
6536,"Dristellas,Neoklis",-0.0589621013971269
6537,"Starychfojtu,Josef",-0.0589826159991162
6538,"Alikhanyan,Artak",-0.0589970292564627
6539,"Maklakova,Naomi",-0.0589997234540601
6540,"Lopez Mijail,Nicolas",-0.0590317054714278
6541,"Kwiatkowski,Maciej",-0.0591117742789301
6542,"Shohradova,Lala",-0.0591285937604511
6543,"Al Harthy,Faisel",-0.059191033193
6544,"Vedant Mistry",-0.0592139024182023
6545,"Lira,Suan Bruno Fernandes",-0.0592685230553676
6546,"Anvita Sathi",-0.0592750582967516
6547,"Delaney,K",-0.0593216965203778
6548,"Dhanesh,Venkata Narayanaswamy",-0.0593310460445768
6549,"Nizam,R",-0.0593448329135112
6550,"Zairbek kyzy,Begimai",-0.0593528741719651
6551,"Johannessen,LE",-0.0594110648730236
6552,"Durucay,Uygar",-0.0594819923794768
6553,"Rosenstock,Ephraim M",-0.0594937352891203
6554,"Straka,V",-0.0594939229490671
6555,"Navarini,Vincent",-0.0595117051874242
6556,"Pana,Marian",-0.0595128172779616
6557,"Puittinen,M",-0.059526681127988
6558,"Roessler,Felix",-0.0595365454890657
6559,"Pranav Ganesh Prabhu",-0.0595923202588959
6560,"Greiner,Jan Oluf",-0.0596235050863134
6561,"Garg,Arjun Narayan",-0.0596940057126392
6562,"Chavan Aditya",-0.0598468782138658
6563,"Azali,Tannaz",-0.0598813413119525
6564,"Ros Alonso,Joana",-0.0599142393947254
6565,"Warkentin,P",-0.060031847998009
6566,"Sam,Gabriel",-0.0600390140135284
6567,"Iglesias Leon,F",-0.0600746117981524
6568,"Nambiar,V",-0.0600919509217989
6569,"Chavan Nameet",-0.0601351564977309
6570,"Seker,Bilgesu",-0.0601406211053374
6571,"Zimmermann,Stefan SUI",-0.0602277353257894
6572,"Akyuz,Kerem Arhan",-0.0603036084209001
6573,"Devesh,Anand Naik",-0.0603417835170541
6574,"Padhya,S",-0.0603979498394315
6575,"Rudzinska,Michalina",-0.0604080427201917
6576,"Kostka,Vit",-0.0604444905038347
6577,"Ral Lustig,Melvin",-0.0605517664774914
6578,"Dao,Xuan Hoang",-0.0605562951018145
6579,"Paasikangas,J",-0.0605757586198037
6580,"Agrest,I",-0.0606007148710293
6581,"Molbay Torekhan",-0.060640694734378
6582,"Bremner,Adam",-0.060669776201262
6583,"Bellon Solsona,Nicolas",-0.0607183512805695
6584,"Garcia,Rau",-0.0608543735783006
6585,"Sulejmanova,A",-0.0609124016887874
6586,"Zhang,Alex",-0.0609350081066881
6587,"Auvray,H",-0.0610600697974083
6588,"Povill Claros,Xavier",-0.0611487574718773
6589,"Patil,Priyanshu",-0.061175892938357
6590,"Reprun,N",-0.0612463565245188
6591,"Winkler,Christian",-0.0613176878065911
6592,"Sarveshwaran V",-0.0613475945152492
6593,"Tang,Dylan",-0.0613549210317904
6594,"Mukhin,Pavel",-0.0613702215667738
6595,"Leong,Khai Shen",-0.0614160913733721
6596,"Gunebakan,Yunus Emre",-0.0615016745829339
6597,"Lauer,Marius",-0.061545906204196
6598,"Sliwicki,D",-0.0617458605906629
6599,"Rasik,V",-0.0617635427009918
6600,"Denk,A",-0.06177583663405
6601,"Schippers,Maurice",-0.0618652500742736
6602,"Ostrovskiy,Al",-0.0619108343273996
6603,"Giridhar A",-0.0619491702974953
6604,"Kelmendi,Bajrush",-0.0619783232761018
6605,"Slusarczyk,Anna",-0.061999400128879
6606,"Gitelson,Arkady",-0.0620268278774402
6607,"Li,Shing Hei",-0.0620880095915589
6608,"AbuAdas,Yusef",-0.0621693662725188
6609,"Karthik,Gopal G",-0.0622031178819863
6610,"Roienko,Artur",-0.0622102134423878
6611,"Edvardsen,R",-0.0622436955466323
6612,"Beznosov,Timofey",-0.0622747557300218
6613,"Simsensohn,Arthur",-0.0623023631423735
6614,"Lafkidis,Apostolos",-0.0623117428726474
6615,"Sahil,Tic",-0.062332074543047
6616,"Shuqja,Klean",-0.0623869466594677
6617,"Biazliudau,Stanislau",-0.0624179303716673
6618,"Moldovan,Alex",-0.0624195944692407
6619,"Anemogianni,Savvina",-0.0624484752348808
6620,"Bergez,L",-0.0624931976734446
6621,"Rey Martinez,Jaime",-0.0624983336540576
6622,"Kucher,Kostyantyn",-0.0625040042874916
6623,"Kuleshov,Konstantin",-0.0625049232660145
6624,"Hallibert,Emilien",-0.0625168734563379
6625,"Giannoulakis,Lampros",-0.0625343806841622
6626,"Md Abu Hanif",-0.0625541666405011
6627,"Rezsek,G",-0.0625982324733192
6628,"Ly,Dominik",-0.0626949496391299
6629,"Calcada,Henrique Galvan",-0.0627634923054976
6630,"Buerki,Gilles",-0.0628419850708818
6631,"Gurianov,Danil",-0.0628600591288022
6632,"Kirko,Ivan",-0.0628877696905312
6633,"Padeiro,J",-0.0629567761212981
6634,"Jurman,R",-0.0630654718971131
6635,"Fernandez,Michael",-0.06307013388651
6636,"Humer,W",-0.0631079473772277
6637,"Piotraschke,J",-0.0631335582385402
6638,"Arush A",-0.0631338387177658
6639,"Obada,Ema",-0.0631789770686988
6640,"Saxton,G",-0.0632386914505885
6641,"Rappazzo,Johannes",-0.0633016453227581
6642,"Carrasco Jacome,Bryan",-0.0633232404735639
6643,"Pozzari,Simone",-0.0633245151349496
6644,"Puusepp,Kaimar",-0.0633307261465068
6645,"Picart,L",-0.0634756201319254
6646,"Li,Harry",-0.0635851721238663
6647,"Vegh,E",-0.0637086667923775
6648,"Eugen Mehul Shah",-0.0637220849437287
6649,"Chavarria Llambrich,Pep",-0.0638082162822565
6650,"Lehmann,Spencer",-0.0638208288353378
6651,"Haugner,Jan",-0.063864608429842
6652,"Andersson,Thorbjorn",-0.0639136442641221
6653,"Rubeck,Jonathan",-0.0639788284959126
6654,"Tezcan,Alper",-0.0639899689750391
6655,"Cervantes Landeiro,Thalia",-0.0640002241304855
6656,"AbuAzizah,Raji",-0.0640100603758758
6657,"Gadois,Arnaud",-0.0640895845886692
6658,"Jyotshnav Talukdar",-0.0641177201335388
6659,"Sobirov,Afruzbek",-0.064128423385447
6660,"Stancil,K",-0.0641526474702997
6661,"Ryan,Jo",-0.0642184722443232
6662,"Bartram,Dominic",-0.064230983332365
6663,"Perret,Timothe",-0.0642661677175591
6664,"Schweppe,Laurens",-0.0643102694271732
6665,"Marichal,A",-0.0643429315361814
6666,"Alvares,Thomas",-0.0644629969607941
6667,"Kondou,E",-0.0644750034482643
6668,"Dankhazi,A",-0.0644803184557036
6669,"Karaalioglu,Zeynel Mansur",-0.064520232817184
6670,"Ng,Gary",-0.0645224602384207
6671,"Babak,Yulia",-0.0645562837290406
6672,"Kovac,Petar",-0.0645729613115445
6673,"Hottinger,Ieremia",-0.0645843726168063
6674,"De Vries,Emma",-0.0646197170340827
6675,"Mellema,A",-0.0646304240806072
6676,"Lukan,D",-0.06464744663606
6677,"Zivkovic,Slaven",-0.0647328079183622
6678,"Zhao,Robert Hongbo",-0.0648625242754285
6679,"Brookes,C",-0.0649193344679019
6680,"Bao,Tony Bohan",-0.0649679874553024
6681,"Nguyen,Paul Ashton",-0.0649902096263647
6682,"Veelders,Wiebke",-0.0650105687719839
6683,"Trofimov-Malyshkin,Valent",-0.0650719857986374
6684,"Seiger,Vidar",-0.0652024002626422
6685,"Atakisi,U",-0.0652481314862662
6686,"Md Anisur Rahaman",-0.0653471258928254
6687,"Domonkos,Dan",-0.0654050354876595
6688,"Yastrebov,Andrey",-0.0654150531082077
6689,"Bastiani,Camille",-0.0655184906472713
6690,"Amura,C",-0.0655885407660025
6691,"Gonzalez,Car CUB",-0.065625551572022
6692,"Platschek,Luca",-0.0656384528459218
6693,"Rusu,Lucas",-0.0656972121476397
6694,"Tallada Serret,Gerard",-0.0657252750000994
6695,"Ledger,S",-0.0657553867471677
6696,"Aeschbacher,Dimitri",-0.0658916367251748
6697,"Dekker,Jos",-0.0659461559532977
6698,"Foinikianaki,Stella",-0.0659648803137988
6699,"Gheorghiu,C",-0.0659729903787941
6700,"Hasan,Me",-0.0659795721509965
6701,"Azoulay,Yehonatan",-0.0661176041493491
6702,"Ochs,Daniel Elias",-0.066121033053537
6703,"Gogte,Soumil",-0.0661523352627832
6704,"Mannion,Stephen R",-0.0661534918179839
6705,"Hauchamps,Maxime",-0.0662000988948556
6706,"Ligotnis,Maksims",-0.0662348053099128
6707,"Navumenka,Makar",-0.0662621870791459
6708,"Stojanovski,Sa",-0.066274476303796
6709,"Codreanu,Alex-Cosmin",-0.066308904688195
6710,"Zagorac,Lara",-0.0664267078019519
6711,"Donnat,Michel",-0.0664559871302183
6712,"Dupuis,Jean-Francois",-0.0664807570038486
6713,"Parligras,M",-0.0665363322887207
6714,"Hoiberg,N",-0.0665917583278768
6715,"Venel,Alexandre",-0.0666178711731426
6716,"Fontaine,Quentin",-0.0667448753743757
6717,"Salvenmoser,Stefan",-0.06678721272596
6718,"Jai Sankar Subramanian",-0.0668011143839152
6719,"Baete,G",-0.0668644776320959
6720,"Reimer,Philip",-0.0668783968499046
6721,"Montes Molina,Ivan",-0.0668788665728076
6722,"Gergacz,A",-0.0669178540294291
6723,"Dai,Wenzhi",-0.0669947392569011
6724,"Chen,Max",-0.0670691235152828
6725,"Ciccoli,Theo",-0.0670706562610838
6726,"Krause,Ortwin",-0.0671241463763441
6727,"Panic,Ne",-0.0671401347465941
6728,"Rom,J",-0.0672197871756371
6729,"Meysman,Kaito",-0.0672660944218887
6730,"Van Zon,Paul",-0.0673834830423391
6731,"Naspleda,F",-0.0674071267757297
6732,"Radulescu,Andrei",-0.0674222066299659
6733,"Kayser,Gustavo Warmling",-0.0674784839625854
6734,"Petesch,Gabriel",-0.0675769968294871
6735,"Ciarletta,Iris",-0.0676580468276251
6736,"Heinisch,Niklas",-0.0677434160126113
6737,"Bergougnoux,Axel",-0.0677549084401535
6738,"Valtiner,Adamo",-0.0678451302828534
6739,"Schneider,Jana",-0.0679478011764781
6740,"Schliesche,Sam",-0.0680107931505544
6741,"Lorenzo Duran,M",-0.0680470394059348
6742,"Schranz,Patrick",-0.0680879696531721
6743,"Demirkan,Mustafa",-0.0682522296294663
6744,"Ghazaryan,Raffi",-0.0683223356079255
6745,"Cabilin,J",-0.0683456229990586
6746,"Szakmary,Domonkos",-0.0684419722066617
6747,"Gao,Etienne",-0.0684504093089927
6748,"Bahtijari,B",-0.068522462268871
6749,"Vidyarthi,Omya",-0.0685686031156622
6750,"Urbina Quiros,E",-0.0685769924072451
6751,"Perez Pacheco,Ricardo",-0.0685801274747656
6752,"Yepez Montenegro,Gloria Luz",-0.0685825583532388
6753,"Qalichava,Akaki",-0.0686051997105989
6754,"Calens,D",-0.0686315570866342
6755,"Gouloutis,N",-0.0686645045795218
6756,"Barlage,T",-0.0687182921386906
6757,"Bunk,Wolfgang",-0.0687204739998533
6758,"Tsomidis,Stefanos",-0.0687742091344362
6759,"Bogov,Khetag",-0.0688189682423553
6760,"Celik,Ege Yigit",-0.0688711385215771
6761,"Tepe,Efe Can",-0.0688888426137525
6762,"Giannopoulos,Vasileios",-0.0690271394142989
6763,"Jacobs,Fl",-0.0690750948283534
6764,"Hajdinic,Ema",-0.0690853968669482
6765,"Leonov,Leonid",-0.0690866703938397
6766,"Kong,Emma Zihan",-0.0691020196952183
6767,"Midilesh,MS",-0.0691028737246463
6768,"Novotny,M1",-0.0691053111667926
6769,"Romualdez,Davin Sean",-0.0691410570373471
6770,"Ivanov,Andrey A.",-0.0691449333594023
6771,"Gurbanov,Ismayil",-0.0692238757304102
6772,"Olson,Hamish",-0.0692300734156537
6773,"Polak,Alexander",-0.0692321420573364
6774,"Torrente,Alejandro Josue",-0.0692328170394387
6775,"Van Gisbergen,S",-0.0692468361147628
6776,"Wu,Shuang(HLJ)",-0.069262544627094
6777,"Fuhrmann,Bahne",-0.0693123193330176
6778,"Raggini,L",-0.0693707526401722
6779,"Mithilesh P",-0.0693946557524944
6780,"Tart,P",-0.0694367530512329
6781,"Caballero Ramos,Greter",-0.0694662070176637
6782,"Ballas,K",-0.0694846423680595
6783,"Khonkeldiev,Sadik",-0.0695587260549524
6784,"Podolskyi,Mykhailo",-0.0696151657805318
6785,"Szalay,K",-0.0697473708710752
6786,"Python,Noe",-0.0697652910853483
6787,"Tang,Benjamin",-0.0698172329729983
6788,"Murugan Ayyappan,Adhiraiyan",-0.069837049022562
6789,"KHASCHULUU,Sergelenbaatar",-0.0699840218051016
6790,"Rios Garcia,M",-0.0700134727717393
6791,"Ahmed,Walijah",-0.0700321365559879
6792,"Kusa,Jakub",-0.0700745729016719
6793,"Khachatouri,Saro",-0.07009901773517
6794,"Lecocq,Alexandre",-0.0701687297134472
6795,"Bochnickova,Simona",-0.0701715266783338
6796,"Yonal,Timur",-0.0702606771370177
6797,"Khodeev,M",-0.0703021095896037
6798,"Evenshaug,Amadeus Hestvik",-0.070368241668687
6799,"Rouda Essa,Alserkal",-0.0703783413010728
6800,"Cosoi Scherzer,A",-0.0703836116593513
6801,"Popa,Cosmin-Ioan",-0.0704299009386991
6802,"Vilke,Filip",-0.0704408495594192
6803,"Bumberger,E",-0.0704803955569623
6804,"Gordon,Sean",-0.0705058214069838
6805,"Ajraf,Anan",-0.0705162422404781
6806,"Kapolkova,Greta",-0.0705240432064407
6807,"Alzate Velez,Valentin",-0.070541455098824
6808,"Gomes,Estevao Moreira",-0.070541546704893
6809,"Lin,Xianzhe",-0.0705473044660871
6810,"Alvarez,Er ARG",-0.0706739578974451
6811,"Vlasova,Olesia",-0.0707750820462524
6812,"Butenandt,Svenja",-0.0707762797459537
6813,"Bejan,Sergiu",-0.0709276982119444
6814,"Garigorta Martinez,Ibai",-0.0709327951568701
6815,"Rumyantsev,Semen",-0.0709932459828191
6816,"Albertus,Bram",-0.0710491660303238
6817,"Vesely,Ma",-0.0711132363369085
6818,"Wiwatanadate,P",-0.0711295443338363
6819,"Hartio,I",-0.0711447639178241
6820,"Arenas,D",-0.0711550707513389
6821,"Velarde Hernandez,Paulina Yunuen",-0.0711640635383452
6822,"Timoshenko,Anton",-0.0712574042718111
6823,"Aljameel,Sultan Anwar",-0.0712853754764444
6824,"Reyero Castro,Jorge",-0.0713694164700614
6825,"Mortazavi,A",-0.0714673628502344
6826,"Haresh,Venkata Narayanaswamy",-0.0715061644973362
6827,"Yu,Rock",-0.0715398857932971
6828,"Ayaanraj Kottapally",-0.0715436288678036
6829,"Kolesar,Mil",-0.0715681744216099
6830,"Bhavya Gupta",-0.0717216473258577
6831,"Prada Villagrasa,Pau Manel",-0.0717838852651906
6832,"Toulzac,PY",-0.0718040715757554
6833,"Krivenko,Dion",-0.071859802337545
6834,"Ret,Adam Josef",-0.0720518272268928
6835,"Hoppstaedter,Daniel",-0.0720547143811954
6836,"Melaa,Sondre",-0.07208458760113
6837,"Savanovic,A",-0.072204370069353
6838,"Achuthan,Aryan",-0.072212774769114
6839,"Balinski,D",-0.0722429803423617
6840,"Vadalia,Jainill",-0.0722694490330236
6841,"Muhammed,Shuaau",-0.0722800302972297
6842,"Vasenev,S1",-0.0722836881556383
6843,"Shubh Kapur",-0.0723150815680889
6844,"De Witte,Sjoerd",-0.0723602457948361
6845,"Becker,Arne",-0.0723628707574045
6846,"Siddharth,Gopakumar",-0.072386499258897
6847,"Firi,K",-0.0725009154444924
6848,"Bingul,Muratcan",-0.0726723514669693
6849,"Mitra,Roman",-0.0727191293369136
6850,"Kryklivy,Tsimafei",-0.0727201582901163
6851,"Daneri,M",-0.072756330857058
6852,"Gubernatorova,L",-0.0727672325786178
6853,"Liyanage,Pesandu Rashmitha",-0.0728098956458437
6854,"Golubovic,Erik",-0.0728705277829544
6855,"Sabino,Nuno",-0.0729038546739371
6856,"Insua Conesa,Enrique",-0.0729428331338021
6857,"Prithu,Gupta",-0.0729498237371733
6858,"Wilson,Matthew R",-0.0730184776324967
6859,"Blommaert,Robin",-0.073024412627451
6860,"Marton-John,Almos Kiran",-0.0730683629740553
6861,"Yeap,E",-0.0730728039127472
6862,"Swastik Suvam Patnaik",-0.0731272825489067
6863,"Skvortsov,Andrei",-0.0731367576366072
6864,"Uddin Khanam,Ayan",-0.0733235495285374
6865,"Kulkarni,Vin",-0.0733746846973834
6866,"Tleukhanov,Yerlan",-0.073400584054939
6867,"Caglar,Sila",-0.07346615207762
6868,"Jaime Galeano,Alcher",-0.0734903804923599
6869,"Poullas,Antonis",-0.0735068889123672
6870,"Trapalis,Theodoros",-0.073552886927096
6871,"Klimentov,Evgeny",-0.0735528873182684
6872,"Ono,Tadashi",-0.0735840548518548
6873,"Johannsdottir,J",-0.0735979282826755
6874,"Sreehari S",-0.0735992428894668
6875,"Margaritis,Antonis",-0.0736138246891458
6876,"Deveci,Huseyin Said",-0.0736376198567277
6877,"Zhang Jilin",-0.0736755796143541
6878,"Campora Perez,D",-0.0737219531884202
6879,"Parker,Karl",-0.0737270042443872
6880,"Paulsen,Magnus Singstad",-0.0737308966241481
6881,"Aravind Vijayakumar",-0.0737970026030249
6882,"Costello,C",-0.0739482942528313
6883,"Zhai,Bugong",-0.0740051609824912
6884,"Graf,Ann-Jennifer",-0.0740142612709673
6885,"Sasvatha A",-0.0740142651696447
6886,"Zdechovsky,Tobias",-0.0740272960533353
6887,"Ning,Isabelle Yixuan",-0.0741457729269575
6888,"Elma,Muge",-0.074166397071618
6889,"Latorre,Vincent",-0.0742326241909565
6890,"Sanchez Negreiros,Jose Alberto",-0.0742429292520945
6891,"Morhun,Oleksii",-0.0742460998907555
6892,"Pranav Chandra Mohan",-0.0742513850991121
6893,"Dayal,Samar",-0.0742960433972994
6894,"Handiya Joseph",-0.0743010139224209
6895,"Chernov,AA",-0.0743181220327084
6896,"Sarichev,S",-0.0744437219970052
6897,"Simon Batista,Lorenzo Alexis",-0.0744481269571142
6898,"Dinesh Reddy Konda",-0.0744557553704278
6899,"Mkrtchyan,Mariam",-0.0744573900427246
6900,"Wang,Xiyu",-0.0744683552593046
6901,"Ribshtein,N",-0.074477832710912
6902,"Stadlinger,Lea",-0.0746079328672893
6903,"Fernandez Aguilar,F",-0.0746652769710776
6904,"Kharashuta,Ekaterina",-0.0747120485995725
6905,"Nabiulina,Angelina",-0.0747280075973576
6906,"Hasala,Richard",-0.0749292862275789
6907,"Kuzmanovic,Zeljko",-0.0749599227952483
6908,"Caceres Benitez,Fernando Israel",-0.0750308278951718
6909,"Kohut,A",-0.0750414573744035
6910,"Kopp,Guenter",-0.0751363246215375
6911,"Dorronsoro Arenas,Unai",-0.0751370984716705
6912,"Ait Benbrahim,Mohamed",-0.0751726961200754
6913,"Sharan,R",-0.0753459721272997
6914,"Wiesner,H",-0.0753674729202773
6915,"Shahan Vohra",-0.0753833451463497
6916,"Abrahams,Daniel",-0.075412964465051
6917,"Deladerriere,Helio",-0.0754267898705309
6918,"Onofrasc,Ivan",-0.0754533709494731
6919,"Bodiroga,P",-0.0754534549704133
6920,"Bensdorp,M",-0.0754960113528799
6921,"Ababneh,G",-0.0755374330496176
6922,"Aditya,P Melani",-0.0756698800451937
6923,"Patton,Zachary",-0.0757008081641158
6924,"Garre Montes,Marc",-0.0757339796631305
6925,"Hovenga,A",-0.0757689751921184
6926,"Lehaci,Miruna-Daria",-0.0757930271307591
6927,"Termeulen,A",-0.0758043588165207
6928,"Taladianos,Ioannis",-0.0758043968734349
6929,"Vageesh Swaminathan",-0.0758109866315581
6930,"Aleksenko,Kirill",-0.0758626056588954
6931,"Papadopoulos,Ioannis",-0.0758886153870457
6932,"Soboleva,A",-0.0759294503711691
6933,"Advik Srinivasan",-0.0759958035379336
6934,"Saad,Amer Mohamed",-0.0760296065103652
6935,"Kunc,Jan",-0.0760657262313213
6936,"Policar,Martin",-0.0762010965748335
6937,"Anghelescu,Teodor-Stefan",-0.0762107231680187
6938,"Mohammed,D",-0.0762123891994985
6939,"Aravindakshan,Sahana",-0.0762195292099574
6940,"Parmelin,Evan",-0.0762217767203308
6941,"Aahil Patra",-0.0762227004650361
6942,"Carrasco Miranda,A",-0.0762388854248996
6943,"Shakhurdin,Timofey",-0.0763402088978868
6944,"Kelson,Neil",-0.0763654066398
6945,"Kodihalli,Kaustubh",-0.0764304033982929
6946,"Fedaruk,Tsimafei",-0.0764457840688648
6947,"Ferey,Antonin",-0.0764463618527927
6948,"Wagner,Sebastian",-0.0764842237785683
6949,"Geronimi,D",-0.0765636055353768
6950,"Sovago,Philipp",-0.076658056033751
6951,"Morgunov,A",-0.0766933943091645
6952,"Marchhart,M",-0.0767228082590313
6953,"Alvarez Poves,Jesus",-0.0767506680578789
6954,"Bouhallel,R",-0.0770080625216701
6955,"Nguyen,Dinh Trung",-0.0770412148112864
6956,"Stary,L",-0.0770653138392518
6957,"Holst,C",-0.0770746325240819
6958,"Escalona Landi,Samid Eduardo",-0.0770800859949937
6959,"Dutu,F",-0.0770812194706877
6960,"Zhang,Brian",-0.0771982049469415
6961,"Palacios Sanchez,Victor",-0.0772243802248152
6962,"Patel,Maahir M",-0.077233781117122
6963,"Paarshva Parmar",-0.0772518912381866
6964,"Olsen,William Fegth",-0.0772636466930525
6965,"Clarke,James",-0.077352778487196
6966,"Bachaus,Sander",-0.0773970923945954
6967,"Gianni,Paul",-0.0773996910424447
6968,"Olariu,Luca-Stefan",-0.0774340579451937
6969,"Airapetian,G",-0.0774391452379684
6970,"Valdats,Reinis",-0.0774623422148266
6971,"Aabhas Kumar Srivastava",-0.0774634107428301
6972,"Erkoc,Vedat",-0.0774962097144675
6973,"Van Veelen,Thomas",-0.077526785700879
6974,"Ferriz Barrios,A",-0.0775409286272127
6975,"Siemer,T",-0.0775484303591605
6976,"Stefanou,Dimitrios",-0.0775586135340711
6977,"Veress,Armand",-0.0775768169010526
6978,"Alvarez,Fe",-0.0776308326773866
6979,"Van Geffen,Johnny",-0.0776447789012561
6980,"Simon,Jonathan",-0.0776632555688814
6981,"Large,L",-0.0776706468654544
6982,"Mut Company,G",-0.0777039756262026
6983,"Fetiu,Bujar",-0.077759716546937
6984,"Bharat Kumar,Balahari",-0.0777693143882844
6985,"Pihlajamaki,Seppo",-0.0780013318532318
6986,"Silva Cerda,Mark Valentin",-0.0780174672091318
6987,"Samyak Dharewa",-0.0780579928662461
6988,"Koralczyk,Aleksander",-0.0780646998006598
6989,"Golsta,Ramona",-0.0780952359076008
6990,"Tec Rodas,Sofia Isavelina",-0.0783067920336297
6991,"Kistrup,Nicolai",-0.0783086099216466
6992,"Bengtsson,O",-0.0783694115962515
6993,"De Vries,Hans",-0.0784063884994929
6994,"Amarasinghe,Umayangi Dilhara",-0.078438935081899
6995,"Polak,T",-0.0784957729058675
6996,"Villa,Ma. Elayza",-0.0784983679926134
6997,"Ramazzotte,Maicon Zilli",-0.0784985728177395
6998,"Chemin,V",-0.0785699708148713
6999,"Feldman,L",-0.0785798484737754
7000,"Ishaan Bhansali",-0.0786725695633983
7001,"Ljungros,Lo",-0.0787870364433742
7002,"Bednarek,Jan",-0.0788617161879322
7003,"Van Ee,Robin",-0.0789454454360904
7004,"Schiszler,Emilia",-0.0789639349146978
7005,"Marabajan Navas,Saul",-0.0789857179428481
7006,"Andres,Tongged",-0.0790422360684964
7007,"Shadat,Kibria Ayaan",-0.0790705765765201
7008,"Canal Oliveras,J",-0.0791162920133081
7009,"Feng,Eric",-0.0791422278542436
7010,"Skettos,Nicolas",-0.0791451442633502
7011,"Yang,Kevin",-0.0791465032192881
7012,"Straver,R",-0.079154693193736
7013,"Roganova,Maxime",-0.0792256224675396
7014,"Schoeneich,Mika",-0.0792276310099815
7015,"Xu,Shawn",-0.0793429277699811
7016,"Dubessay,B",-0.0793970735968541
7017,"Garcia Castellote,O",-0.0795193582121504
7018,"Christoffersen,Odd",-0.0796422427316978
7019,"Markzon,G",-0.0796611178478752
7020,"Ilko-Toth,Andras",-0.079681681750739
7021,"Kung,Thomas",-0.0797506029960313
7022,"Malesevic,N",-0.079846141694981
7023,"Perera,L A Sithun Dulneth",-0.0799109981967428
7024,"Stichter,Constantin Paul",-0.0799171162485553
7025,"Debayan Ray",-0.079917657449619
7026,"McClymont,Duncan",-0.0799289533226388
7027,"Grollemund,B",-0.0800340359493819
7028,"Harabor,David-Alexandru",-0.0800668317664818
7029,"Derige Kane,Yan",-0.0801054693107236
7030,"Kishore,Kumar Jaganathan",-0.0801285461243417
7031,"Huber,Gu",-0.0801432895026336
7032,"Poulos,G",-0.0802086528054686
7033,"Tanishka,Kotia",-0.0802534953372147
7034,"Patil Divya",-0.0802917673704317
7035,"Singh,Siddharth",-0.0803010504824602
7036,"Novotny,David",-0.0803070743660845
7037,"Raichura,Dev",-0.0803312449227908
7038,"Bajaj,Prakhar",-0.0803941810822169
7039,"Toril Murillo,Oscar",-0.0804563079316447
7040,"Mursalzade,Javad",-0.080477032922896
7041,"Obidjonov,Oriyat",-0.0805795832534719
7042,"Goitia Tejado,Ekai",-0.0806508154332888
7043,"Wuijts,Johan",-0.0806581713031708
7044,"Budai,D",-0.0806597212846545
7045,"Khromkin,A",-0.0808088428915387
7046,"Myachin,Vadim",-0.0808174361155875
7047,"Aron S P",-0.0808278940476908
7048,"Zysko,J",-0.0809224620106801
7049,"Espinoza Solano,Jose Nahum",-0.0810238092696481
7050,"Deij,Casper",-0.0810672699770307
7051,"Zhou,Shumeng",-0.0810719396275319
7052,"Slim,Nadim",-0.0810996914566409
7053,"Fernandez Muixi,F",-0.0811101614760003
7054,"Xu,Zhihan (samuel)",-0.0811588884109041
7055,"Belachheb,Abdelali",-0.0812904442867551
7056,"Garabet,Charbel",-0.0813292698044569
7057,"Caballero Quijano,Mitzy Mishell",-0.0813361324421673
7058,"Distaso,Antonio Pio",-0.0813411076392533
7059,"Nemes,Gabor",-0.0813502443404237
7060,"Jenslokken,Vegard",-0.081413091848125
7061,"Kulikova,Polina",-0.0815126382462173
7062,"Starek,Stanislav",-0.0815437652898248
7063,"Fernandez Salmeron,R",-0.081638397708093
7064,"De Saboya E Silva,J",-0.0816756698095096
7065,"Nyazi,N",-0.0817060018750164
7066,"Svendsen,Pet",-0.081721937149779
7067,"Ruiz,Frayson Nycolas Rodrigues",-0.0817694566192364
7068,"Borozan,Marko",-0.0817914146968259
7069,"Melikhov,E",-0.0817948494950096
7070,"Mason,D",-0.0818232286877167
7071,"Khulan,Enkhsaikhan",-0.0819447794197814
7072,"Munkhzul,Davaakhuu",-0.0819631664827843
7073,"Vavra,P1",-0.0819706806840401
7074,"Sadiku,B",-0.0819912152830753
7075,"Ahmad,Bader R",-0.0820382301395314
7076,"Al Kathiri,Mana",-0.0821291184269716
7077,"Csernyik,Mark",-0.0821667277991687
7078,"Anas Khwaira",-0.0822118907094499
7079,"Prazak,Daniel",-0.082230993892072
7080,"Wilber,Matthew K",-0.0823174919501026
7081,"Narva,R",-0.0823411912723116
7082,"Kaforos,D",-0.0823948640316285
7083,"Egyed,Z",-0.0824003142364591
7084,"Golubovskis,Maksims",-0.0824861819060891
7085,"Al Ibrahim,Abdulrahman",-0.0825171270046571
7086,"Stavnjak,L",-0.0825404433225553
7087,"Steiner,Philippe",-0.0825782985450479
7088,"Szukics,A",-0.0826550114156519
7089,"Omota,Vlad",-0.0826870259244413
7090,"Cheshko,Darya",-0.0827755464497532
7091,"Garcia Gomez,Valeria",-0.0827988381078095
7092,"Hoffmann,Georg Paul",-0.0828243888300408
7093,"Lazaro Azcutia,Miguel",-0.0828792923805679
7094,"Doescher,Rasmus",-0.0829295141025848
7095,"Zerlauth,Elias",-0.0829660331929171
7096,"Siltanen,Samuel",-0.0830142682226099
7097,"Clancy,D",-0.083047776081265
7098,"Milson,Samuel A",-0.0830671401957656
7099,"Mobarak,Mohamed",-0.0830742660460657
7100,"Darmanin,Jake",-0.0830961751501101
7101,"Yan,Dexian",-0.0832599289221897
7102,"Purygin,A",-0.0832792305405895
7103,"Deligiannis,Christos Nikolaos",-0.0833346037258524
7104,"Afsari,Aidin",-0.0833466595692716
7105,"Abhinessh S",-0.083413311530434
7106,"Thompson,Connor",-0.0834826326671606
7107,"Umarov,Bekhruz",-0.083493213330627
7108,"Hertele,Stijn",-0.0835091444129349
7109,"Peglau,Dora",-0.0835666596328761
7110,"Mazanik,Mikita",-0.083619015178974
7111,"Ameya A R",-0.0836295030670718
7112,"Qiang,Elaina",-0.0836718363668143
7113,"Chertkov,Maksim",-0.0837407235164994
7114,"Bartzos,Iasonas",-0.0837408615628104
7115,"Nuriyeva,Nurtan",-0.0838017380074171
7116,"Van der Togt,Twan",-0.0838084607507037
7117,"Sharnarthi Shlok",-0.0838110997030077
7118,"Ano Tafalla,S",-0.0838451453680974
7119,"Avetisyan,Mariam",-0.0839101449877845
7120,"Balaskas,N",-0.0839171714341547
7121,"Orta Ruz,Andre Fernando",-0.0839283668258765
7122,"Demirbas,Emre",-0.083974023911529
7123,"Pascual,Diego",-0.0839813465169286
7124,"Tancsa,Tamas",-0.0840002146371595
7125,"Kholmatov,Y",-0.0840002729161058
7126,"Vanduyfhuys,Daria",-0.0840433181486713
7127,"Abraham,John Z",-0.0840475167494059
7128,"Pranay Akula",-0.084064444217417
7129,"Mata Gonzalez,J",-0.0842563830031175
7130,"Smekalov,Alexei",-0.0842919788196172
7131,"Papakonstantinou,Di1",-0.0843172714704762
7132,"Vardanyan,Aras",-0.0843232482544471
7133,"Sohal,T",-0.0843673857999778
7134,"Neelava,Choudhury",-0.0844726998536024
7135,"Younes,Mohamad Hussein",-0.0845444534266637
7136,"Tyszecki,Aliaksandr",-0.0845687947007786
7137,"Huseynov,Ahmed",-0.0845779934204542
7138,"Tay,Brian",-0.0846368765748718
7139,"Knobbe,Elise",-0.0847374581180079
7140,"Peneder,H",-0.0847629848123215
7141,"Pfeifer,Dylan Liu",-0.0847677263058542
7142,"Kekic,Ahmed",-0.0847907462664669
7143,"Rosegg,Dennis",-0.0848076636301547
7144,"Arouche,Nassim",-0.084837336931616
7145,"Neelabhro Bandyopadhyay",-0.0848733389407069
7146,"Mohylnyi,Stepan",-0.0849076523564494
7147,"Ferreira,H",-0.0849460453646499
7148,"Ilandzis,S",-0.0849596007085617
7149,"Levine,Owen",-0.0849715940038046
7150,"Engelhart,A",-0.0849756137060287
7151,"Shakaraliyev,Elchin",-0.084992044271184
7152,"Arias Diaz,Javier Alonso",-0.0850169137587566
7153,"Stefanovic,Bosko",-0.085021055987271
7154,"Mandic,Stefan",-0.0851123821300558
7155,"Dotlic,Z",-0.0851151675308588
7156,"Mijic,Sara",-0.0851445832496508
7157,"Seeman,T",-0.0851631621390541
7158,"Fiorito,F",-0.0851733692940298
7159,"Komekbayev,Ramazan",-0.0852557903218754
7160,"Salgado Allaria,C",-0.0852688298532107
7161,"Fedoryshyn,Ievgenii",-0.0852771777414752
7162,"Mai,Linh",-0.0852808982820202
7163,"Sandu,Andrei-Stefan",-0.0853151771650044
7164,"Perets,Dmytro",-0.0853592221355622
7165,"Gasparac,Gregor",-0.0853755584081412
7166,"Jakubse,Tamae Severina",-0.0854929416984962
7167,"DeDona,Mark",-0.0854955199218201
7168,"He,Tom Junde",-0.0855075202821259
7169,"Pulido Alvarez,A",-0.0855168032134158
7170,"Perreard,Nicolas",-0.085563318465755
7171,"Rej,T",-0.0855925565906609
7172,"Lain,Sander",-0.0856868993312827
7173,"Tascon Castro,Diego Alejandro",-0.0856984703996066
7174,"Kastrati,Labinot",-0.085715773070439
7175,"Marinakis,Hristos",-0.0857694488371965
7176,"Kozhedub,Ivan",-0.085815735603284
7177,"Calcada,Lucas Galvan",-0.085857171563266
7178,"Pullela,Sricharan",-0.0858800818186947
7179,"Townsend,M",-0.0858931272874775
7180,"Chinni,Rishabh",-0.0859804406856706
7181,"Fernandez Etxaburu,Joxe Agustin",-0.0860264116456599
7182,"Albu,George",-0.0860681162977244
7183,"De Abreu,Roberto N",-0.0861847875457069
7184,"Stavropoulos,Sotirios",-0.0862583700790512
7185,"Boujida,Yanis",-0.086275549152726
7186,"Sramek,Vojtech",-0.0862776012677641
7187,"Dinanath,Hrdya",-0.0863714866733183
7188,"Begus,D",-0.0863977221766449
7189,"Husers,Yannic",-0.0864330461930385
7190,"Boudey,Simon",-0.0865376181836159
7191,"Maria,Lia-Alexandra",-0.0865592452183493
7192,"Jorgensen,L",-0.0865647492767827
7193,"Matnadze Bujiashvili,Ann",-0.0865782123869098
7194,"Monfa Escola,R2",-0.0865878470095992
7195,"Kiss,Pa1",-0.0866017365560086
7196,"Rashad,Rafat",-0.0866480201190198
7197,"Kincs,I",-0.0866532767937152
7198,"Smirnova,Ek",-0.0867377530956741
7199,"Passenier,Peter",-0.086741768087081
7200,"Garcia Andrada,Heidy Nicole",-0.0867429983360545
7201,"Alabdaljader,Mohammed",-0.0867728156622373
7202,"Mimbela Lopez,L",-0.0868701634089085
7203,"Berling,Egil",-0.0869724841256435
7204,"Vasilevich,I",-0.0869932427891422
7205,"Soos,A",-0.0870138885375892
7206,"Mosny,J",-0.0870203675385087
7207,"Jayanth Suravarapu",-0.0870713125702
7208,"Dingertz,Gustav",-0.0870797649878519
7209,"Barsov,A",-0.0871443133825127
7210,"Kalogridakis,Georgios",-0.0873054371930145
7211,"Munoz,S",-0.0873521906479937
7212,"Forestier,C",-0.0873585020129917
7213,"Sidiropoulos,N1",-0.0875897339508021
7214,"Tenguundalai Ganbat",-0.0876021585879835
7215,"Chen,Jinyan",-0.0878805210889213
7216,"Dijk,R",-0.0879021069819294
7217,"Silwal,Purushottam",-0.0879385695329784
7218,"Campos Munoz,Valentina",-0.0879472708207133
7219,"Smoliarenko,Illia",-0.087951904367677
7220,"Norri,J",-0.0879560673139162
7221,"Aytekin,Murat Eren",-0.0879635288788062
7222,"Tsakiris,H",-0.0879770476176216
7223,"Nguyen,Viet Anh",-0.088003346735672
7224,"Jozwik,Michal",-0.0880248306051636
7225,"Avila Rodriguez,Joshua Adrian",-0.0881575439150209
7226,"Kamperidis,Charalampos",-0.088207638559163
7227,"Exposito Milan,Adrian",-0.0882196756446997
7228,"Donoso Simonetti,Alvaro Matias",-0.0882201499880934
7229,"Heemskerk,W",-0.088242528618249
7230,"Berstler,Tobias",-0.0882475387358657
7231,"Stuer,M",-0.0882612752337489
7232,"Svaljek,R",-0.0884632159515579
7233,"Bardis,Harilaos-Panagiotis",-0.0884801987571641
7234,"Davidson,Kevin",-0.0884957586171354
7235,"Moscovitch,Michal",-0.0885077358829498
7236,"Sameer Singh Shergill",-0.0885446970541917
7237,"Gokul G",-0.0885510377019237
7238,"Lyons,B",-0.0885953891643051
7239,"Xu,Pengmo",-0.088771163653887
7240,"Parra Ordorica,Arnau",-0.0887890334275484
7241,"Lopez,Cesar PER",-0.0888186266680639
7242,"Sanchez,Jor",-0.0888458690230303
7243,"Torres Marques,S",-0.0889242567962923
7244,"Taylor,William J",-0.0889270737865979
7245,"Manucharyan,Andriy",-0.0889857368695594
7246,"Nayak,Sajan Kumar",-0.0890367768873101
7247,"Meissner,F",-0.0891142040247474
7248,"Gera,Marvin",-0.089157328407094
7249,"Comsa,Ciprian-Mihai",-0.0891857457321634
7250,"Avalos Parra,J",-0.0892616103850056
7251,"Alcon Llosada,Alex",-0.0893068473603019
7252,"Kiese,M",-0.0893155283039454
7253,"Banos Rosique,Rafael",-0.089336667143888
7254,"Van Helvoort,R",-0.0893467679222098
7255,"Schuster,K",-0.0893546387105501
7256,"Grzeca,P",-0.0893691663723602
7257,"Kopriva,Martin",-0.089377451942593
7258,"Hofene,D",-0.0894334666342746
7259,"Aubert,Estee",-0.0894737379253603
7260,"Moreno Silva,Valentina Gizett",-0.0894900054872523
7261,"Savina,A",-0.0894973907829177
7262,"Harish,Neeraj",-0.0895174314537002
7263,"Kammerer,R",-0.0895514780539588
7264,"Chua,Daniel James",-0.0895807883322295
7265,"Nery Junior,J",-0.0896323723575133
7266,"Ayush Das",-0.0896575394386152
7267,"Riipinen,J",-0.0897201346074144
7268,"Jansen,B",-0.0897261411531088
7269,"Birkisson,Bjorn Holm",-0.0897470251194507
7270,"Dezent,Eyal",-0.0897634535072474
7271,"Haddad,Peter",-0.0898442538414117
7272,"Diachek,Andrii",-0.0898689910698753
7273,"Basargan,U",-0.0898928686846891
7274,"Orlov,K",-0.0899238505867868
7275,"Van der Werf,M",-0.089926821504975
7276,"Latham,David",-0.0899692639706492
7277,"Myagmarsuren,Evsuld",-0.090016413354356
7278,"Nithik Reddy Bhavanam",-0.0900560546526023
7279,"Marzakov,Mihail",-0.0901059044533716
7280,"Todev,Simeon",-0.0901090480873704
7281,"Znuderl,M",-0.0902085046432938
7282,"Hatzl,J",-0.0902478256590754
7283,"Polak,Michal",-0.0902958940308446
7284,"Fernandez Mateos,Oihan",-0.0903151458283755
7285,"Asvestas,Emmanouil",-0.0903233704910032
7286,"Medic,Mir",-0.0903343662740547
7287,"Nishant Abhijeet Jawalkar",-0.0904441684297058
7288,"Nemtsas,H",-0.0905106479267431
7289,"Bartell,T",-0.0905531842024167
7290,"Schmied,Erik Rajmund",-0.0905919080414584
7291,"Schoen,Ra",-0.0906257966272719
7292,"Giannakopoulou,Ioanna",-0.0906408553589457
7293,"Mansor Habash,Zouheir",-0.0907229763419646
7294,"Hrisanthopoulos,D",-0.0907508584759081
7295,"Wu,William",-0.0908382880839012
7296,"Pardo Ruiz,Carlos",-0.0909604380680832
7297,"Ozcan,Kaan",-0.091058043714827
7298,"Serra Pages,J",-0.091158863637819
7299,"Poleksic,Dusan",-0.0912377502757669
7300,"Zarate,Lucas Ariel",-0.091277579240754
7301,"Papadimitriou,L",-0.0912914316292062
7302,"Golshaani,Taha",-0.091339343092979
7303,"Tusu,N",-0.0913610962730643
7304,"Sokhor,Nazar",-0.0913997733999918
7305,"Seker,Cinar",-0.0914114458215987
7306,"Werblinski,Wojciech",-0.0914328542275164
7307,"Kavin E",-0.0914602781407061
7308,"Chen,Yining",-0.0914868930528868
7309,"Wallinger,Nikolaus",-0.091488810024573
7310,"Kurschis,Anton",-0.0914947507384094
7311,"Canibe Ansorena,Mikel",-0.0915357774942707
7312,"Yalcin,Ozgun",-0.0915713690217956
7313,"Vennix,Tom",-0.0915853620427951
7314,"Robinson,Dav",-0.0916208216280075
7315,"Borda Rodas,Anapaola S.",-0.0916236576384671
7316,"Edwardss,Dylan",-0.0916294171250956
7317,"Sabatier,Mathis",-0.0917457266118112
7318,"Dufort,M",-0.0919401767692863
7319,"Suez Panama,G",-0.0919533138977478
7320,"Cibo,Faris",-0.0920021610518912
7321,"Vratny,R",-0.0920027896770239
7322,"Ilic,Sladjan",-0.092120187654227
7323,"Adavatkar,Rugved",-0.0921827642329216
7324,"Elsinga,Brian",-0.092187306665129
7325,"Lima,Artur Tin Lun Dai",-0.0922203899152069
7326,"Brown,Heath",-0.0922269166750869
7327,"Baker,Aidan",-0.0922328399777219
7328,"Liu,Mike",-0.0922670199574726
7329,"Botvinnik,Ir",-0.0922737111079021
7330,"Uzdemir,Ali Poyraz",-0.0923543410795005
7331,"Cloete,Willem Francois",-0.0923829143182086
7332,"Meglitsch,K",-0.0924822605843073
7333,"Rolletschek,H",-0.0925100248958415
7334,"Aballanet Beltran,Eloi",-0.0925106209700073
7335,"Letoret,Tim",-0.0925678722769144
7336,"Volpe,Leonel",-0.0926396611941278
7337,"Manukian,Ar",-0.0926455442842357
7338,"Gandhi,An",-0.0926529576267993
7339,"Khamula,Vasyl",-0.0926845918382378
7340,"Biolek,R2",-0.0927745554372013
7341,"Li Junyin",-0.0927751509357418
7342,"Santiago Sontay,Jenny Fernanda",-0.0927788499577537
7343,"Vinales Gonzalez,Enzo Mathias",-0.0928249803817993
7344,"Atterberg,David",-0.0928453454199818
7345,"Scheffknecht,P",-0.0928627889210104
7346,"Majcher,Igor",-0.0928659444402131
7347,"Pehar,Borna",-0.0928767980006344
7348,"Ballas,A",-0.0929288696436129
7349,"Hummel,Pau",-0.0929350451870532
7350,"Nagare,Akhilesh",-0.0929575334730716
7351,"Abdel Razik,K",-0.0929625361398712
7352,"Gijsen,S",-0.0930493889197509
7353,"Sabiani,Chjara",-0.0930593217792345
7354,"Van der Marel,B",-0.0930774361500321
7355,"Jimenez Ruano,Adrian",-0.0931121471546273
7356,"Galas,Bernadette",-0.093180547063889
7357,"Mrkaljevic,J",-0.0932389508248311
7358,"Muzis,Renars",-0.0932426367343026
7359,"Ashikmamutov,Saidkhon",-0.0932458660106823
7360,"Fodor,Kornel",-0.0932490483527793
7361,"Iribarren,Francisco",-0.0932902449233744
7362,"Smola,David",-0.0933444810206902
7363,"Matikainen,Risto",-0.0934045608931684
7364,"Sayed,M",-0.0934839603350099
7365,"Vivaan Sardana",-0.0934844061481382
7366,"Verbytski,Oleg",-0.093504365063025
7367,"Kranebitter,G",-0.0935075426228851
7368,"Aleksanyan Israilyan,Nicolas",-0.093545809490076
7369,"Bernado Lopez,Roger",-0.0935721818719176
7370,"De Jong,Jasper",-0.0936300179816292
7371,"Gregor,Alexandr",-0.0936809379445059
7372,"Steinbrenner,Peter",-0.0937374682301146
7373,"Gyurkovics,M",-0.0939003649289323
7374,"Tyukhanov,A",-0.0939199371345584
7375,"Kanter,E",-0.093920987836927
7376,"Stricker,Florian",-0.0939273279796182
7377,"Lakos,N",-0.0939338924168941
7378,"Geronimi,Jean-Thomas",-0.0939505061751274
7379,"Lampropoulos,Pavlos",-0.0939541485684986
7380,"Aasen,Sverre Milan Buaroy",-0.0939736243845961
7381,"Sovetbekova,Nurai",-0.0940695932584463
7382,"Sotirakopoulos,Panagiotis",-0.0941443268997646
7383,"Faizulaev,A",-0.094144881210009
7384,"Dingertz,Filip",-0.0942319304050475
7385,"Herndl,G",-0.0942529201519125
7386,"Saikat Nath",-0.0942791274259167
7387,"Wu Martin,E",-0.0943189996874894
7388,"Naga Sai Sarthak Karanam",-0.0944215468675411
7389,"Lorscheid,G",-0.0944396789624826
7390,"Pahljina,Marko",-0.0944460134260087
7391,"Povia,Pedro Cezar Vezneyan",-0.0944603076982733
7392,"Kjolberg,J",-0.0944841159596677
7393,"Garcia Monterde,F",-0.094496808558153
7394,"Kholyavko,Mariya",-0.094518959689434
7395,"Mulder,BP",-0.0945203149298641
7396,"Premshankar B U",-0.0945948727105675
7397,"Dominguez,Ramiro",-0.094616641668666
7398,"Basaric,S",-0.094631633575094
7399,"Jankovskis,G",-0.094760694405468
7400,"Llorente Bello,Eduardo",-0.0947826702612293
7401,"Wynn Zaw Htun",-0.0948082119693649
7402,"Boraso,A",-0.094853434200378
7403,"Mena,Martin",-0.0948827600096546
7404,"Ni,Beiyang",-0.0949382931717463
7405,"Yonemitsu,Kohei",-0.0950525767228019
7406,"Gavilan Diaz,M",-0.0950554355269286
7407,"Shishkareva,Anastasiya",-0.0950645533143946
7408,"Halkias,A",-0.0950835400286295
7409,"Hylarides,Charlie Ronald",-0.095120821094706
7410,"Cheng,Gongpu",-0.0951925598071454
7411,"Conde Riveiro,Xacobe",-0.0951966241517156
7412,"Jurkatis,H",-0.0952404038823285
7413,"Fitzsimons,D",-0.0953869473229178
7414,"Baselmans,Sam",-0.0954179908764456
7415,"Ezhil Aadhav Kaladharan",-0.0954710801680654
7416,"Shamatava,Nikolozi",-0.095515374706581
7417,"Guilleux,F",-0.0955154554772079
7418,"Di Bartolomeo,Adrian Mikail",-0.0956407521471821
7419,"Mantic,Andrej",-0.0956593697358324
7420,"Gonzalez de Miguel Yataco,Miguel",-0.0956997155543385
7421,"Hesse,Manuel",-0.0957171133941442
7422,"De Brito,Carlos",-0.0958061143833786
7423,"Danila,Stefan",-0.0958091163169536
7424,"Altucher,James",-0.095829722139126
7425,"Khakhlou,Arseni",-0.0958603364854555
7426,"Sabarez,Iulian",-0.0958985978998263
7427,"Cai,Youyang",-0.0959423276371225
7428,"Torrens Gonzalez,D",-0.0959663115017231
7429,"Diaz Foure,Jean Michel",-0.0960771114571215
7430,"Unukouski,Aliaxandr",-0.0960904203874098
7431,"Kacprzak,Karol",-0.0961274801657566
7432,"Shtavica,Alaudin",-0.0962349744580859
7433,"Krasuski,P",-0.0962450245791427
7434,"Jian,Alex",-0.0963037299779962
7435,"Hubers,Daan",-0.096312399850426
7436,"Karunasena,A P Chenitha Sihas Dinsara",-0.09633077755202
7437,"Wittwer,Ma",-0.0963588608345125
7438,"Serefidou,D",-0.0963880007515447
7439,"Sadka Darrell,Daria",-0.0964273471999864
7440,"Kendall,Arthur",-0.0964392887119571
7441,"Ruiz de Garibay Hernando,Hegoi",-0.0964974131003495
7442,"De Baets,Christof",-0.0965152735845741
7443,"Persson,Torbjoern",-0.096548952749948
7444,"Pipiras,Filipa Fortuna",-0.0966401037104322
7445,"Gadhavi Veerbhadrasinh",-0.0966541556956053
7446,"Petursson,G",-0.0966617733085318
7447,"Hanisch,S",-0.0967293712721262
7448,"Kozelsky,Marek",-0.0969591004099941
7449,"Kanana,Ziad",-0.0969945644469212
7450,"Bashylina,Luisa",-0.0970512241312735
7451,"Nimmy,A",-0.0970552855448316
7452,"Khodzhamkuliev,B",-0.0970807938529284
7453,"Marcziter,D",-0.0970843292340076
7454,"Quaranta,C",-0.0970936142634245
7455,"Ahmad,Al Romaithi",-0.0970973006024376
7456,"Bogomolnikova,Zlata",-0.0971158042419184
7457,"Ahn,Anastasia",-0.0971456488635192
7458,"Bilenkiy,Maksym",-0.0971698516423248
7459,"Lamik,Janos",-0.0971757934731288
7460,"Vecillas Rey,Daniel",-0.0971808476506701
7461,"Basha,Lir",-0.09721212289333
7462,"Pein,Jonathan",-0.0972161536338822
7463,"Starosta,Martyna",-0.0972420644681241
7464,"Thomsson,Hakan",-0.0972892342911232
7465,"Lincke,P",-0.0972933346408092
7466,"Narthavi,S",-0.0973450992570935
7467,"Kiritshenko,Platon",-0.0973451108886839
7468,"Brytsikau,Makar",-0.097380358108833
7469,"Atlas,D",-0.0974212361051492
7470,"Frendzas,P",-0.0974348305424425
7471,"Korjus,Onni",-0.0974483865026381
7472,"Lukas,Anne",-0.0974723928957915
7473,"Adhikari,Sunav",-0.0975284061649414
7474,"Catala Matienzo,I",-0.0975354146522581
7475,"Haidenko,Mykola",-0.0976323946686631
7476,"Arun,Siddharth",-0.097649375078733
7477,"Richter,Andreas",-0.0976633856742452
7478,"Hommerson,P",-0.0976682900391915
7479,"Taieb,Mohamad Anas.",-0.0976734917935004
7480,"Florstedt,Johannes",-0.0976752551883198
7481,"Snodgrass,Benjamin",-0.097832749365474
7482,"Clark,Eve",-0.0978507336619251
7483,"Xu,Sophia",-0.0979255250530982
7484,"Bancod,Ron",-0.0979529053950824
7485,"Mottola,Max",-0.0979732311521997
7486,"Olsen,Rudi B.",-0.0980178133900817
7487,"Van den Heuvel,Annelies",-0.0980355325244445
7488,"Choroszej,A",-0.0980442725631943
7489,"Gabersek,A",-0.0980673403659402
7490,"Bedic,S",-0.098208825486304
7491,"Bourban,Karel",-0.0982356399845158
7492,"Monteverde,J",-0.0982720442165745
7493,"Reimann,Sebastian",-0.0983543032376057
7494,"Ali,L",-0.098356786722404
7495,"Yang,Youqing",-0.0983726365273607
7496,"Shreyas Mishra",-0.0983826672921835
7497,"Van Foreest,Nanne",-0.0985397177333164
7498,"Verwer,R",-0.0985437929031953
7499,"Schilstra,Laurens",-0.0986874926119757
7500,"Nayem,Haque",-0.0986964931227612
7501,"Guerlach,Keigo",-0.0987146032498618
7502,"Cherniaev,A1",-0.0987151665590434
7503,"Nagarkatte Vedant",-0.0987304416146418
7504,"Stocco,Murilo de Andrade",-0.0987398257492932
7505,"Goudriaan,Tony",-0.0987567761406086
7506,"Shreya Rajesh",-0.0988039646026593
7507,"Hansen,Tommy",-0.0988131936445965
7508,"Hereklioglu,Sude",-0.0988788994895871
7509,"Stefanatos,N",-0.0988795593973695
7510,"Lu,Tony",-0.0989803914015621
7511,"Feher,Botond",-0.0989832257755488
7512,"Chiszko,Oskar",-0.0990116838421562
7513,"Melkevik,Egil",-0.0990457852197123
7514,"Sterck,Arno",-0.0990512679477175
7515,"Besbudak,Ozgur",-0.0991030796722953
7516,"Miroiu,G",-0.0991106856840718
7517,"Tudoroiu,Razvan-Catalin",-0.0992053085763831
7518,"Dinis de Sousa,J",-0.0992213241317452
7519,"Arnav,Agrawal",-0.099291997321012
7520,"Sayed,H",-0.099331581049533
7521,"Samvid Bhadri",-0.0993335776888056
7522,"Aldaihani,Turki",-0.0993527059367774
7523,"Baniyazov,Sunnat",-0.0993620542844303
7524,"Rahman,Ye",-0.0993926696782786
7525,"David,Eldin",-0.0994016919955379
7526,"Razumovskiy,Platon",-0.0994471553644134
7527,"Sullivan,Daniel",-0.0995027596596256
7528,"Mani,Bharathy",-0.0995490185593006
7529,"Neloy,Debnath",-0.0995699001718003
7530,"Pang,Ethan",-0.0996202873378629
7531,"Den Hartog,Marijn",-0.0996342687711556
7532,"Khafizova,Diana",-0.0997636229521248
7533,"Baars,Tije",-0.0997950842082308
7534,"Matic,Petar O",-0.0998959034557192
7535,"Sauer,Tim",-0.0999308963367015
7536,"Kurtz,Denis",-0.100053069670439
7537,"Cedervall,Magnus",-0.100065087305289
7538,"Burmakin,E",-0.10008146546972
7539,"Tan,Zhong Kai",-0.100086506658428
7540,"Martinez Lopez,Ramon 2005",-0.100166319347081
7541,"Saito,V",-0.100168005406302
7542,"Rotunno,Flavio",-0.100221073276
7543,"Riabtsev,Ivan",-0.10023765511093
7544,"Khanalizade,Elgun",-0.100366636932078
7545,"Lanza,D",-0.100375688435722
7546,"Lauterbach,I",-0.100381701608714
7547,"Pert,Nina",-0.100383369893262
7548,"Plazas,Jacob",-0.100415054633927
7549,"Barwick,Carmel",-0.100457490709671
7550,"Ali Khan,Amani",-0.10045947678175
7551,"Fragakis,E",-0.100503864683122
7552,"Maciol,R",-0.100508558902571
7553,"Lundstrom,Johanna",-0.100536949451554
7554,"Kanters,Cor",-0.10056131523979
7555,"Veljanoski,Andrej",-0.100570378418847
7556,"Xie,Timothy",-0.100581387941827
7557,"Bashirli,Saadat",-0.100600534115165
7558,"Encinas,Michelle Diane",-0.100622067207688
7559,"Pigeat,A",-0.100629753810323
7560,"Abdallah,Mohamed Khalil",-0.100653015555692
7561,"El Zein,Bassam",-0.100658779003232
7562,"Radivojevic,Vukasin",-0.100669686005726
7563,"Fizer,Marek",-0.100682279878019
7564,"Biti,O",-0.100718641063155
7565,"Acarbay,Al",-0.100798543041585
7566,"Mkrtchyan,Nona",-0.100816219113655
7567,"Yu,Tianxiang Carlos",-0.100832973899299
7568,"Molina Sumoza,Jesus Alberto",-0.100853274811011
7569,"Pattnayak,Nilsu",-0.100920002912334
7570,"Lima,Kleyton Alcantara",-0.100931359889744
7571,"Konstantakos,Christos D",-0.10093786296491
7572,"Rzadkowska,Kaja",-0.100947556751589
7573,"Nawarathne,Kenuth Lonitha",-0.100976989227632
7574,"Yan,Nathan",-0.100991170173012
7575,"Rosen,Noah",-0.101037186324105
7576,"Masius,Patrick",-0.101113236900635
7577,"Ampaire,Shakira",-0.101118782272216
7578,"Sioulis,Stergios",-0.101146632152923
7579,"Duijker,R",-0.101165654674069
7580,"Reid,Kevin",-0.101169019458624
7581,"Sedy,P",-0.101171824316395
7582,"Tinsay,Nathaniel",-0.101183670999665
7583,"Kovacsy,Barnabas",-0.101228001065449
7584,"Sipos,J",-0.101253555637341
7585,"Major,Robert",-0.101266532238175
7586,"Gasparian,Siarhei",-0.10135083591657
7587,"Charvi A",-0.101405101823822
7588,"Nagy,Kr",-0.101444098579455
7589,"Schroer,M",-0.101448903050546
7590,"Casas Crespo,Ibai",-0.10145588938053
7591,"Birmenko,Nikolay",-0.101496624457268
7592,"Fan,Jingyi",-0.101586866188829
7593,"Akshat,Kh",-0.101615144071826
7594,"Seyidli,Mirsaleh",-0.101653112906655
7595,"Navaratnam,Rohan Shan Tze",-0.10168220621009
7596,"Wolfer,Noah",-0.101688174492227
7597,"Subhrajit Dey",-0.101744774644698
7598,"Daksh Goyal",-0.10175253221093
7599,"Malygin,Vladislav",-0.101774038405741
7600,"Tkach,Mykola",-0.10179821869216
7601,"Tsiganova,M",-0.101816354108182
7602,"Ofarrill Cabrera,Esteban David",-0.101818139095618
7603,"Bergan,Gaute",-0.101831187538532
7604,"Colovic,M",-0.101832356460172
7605,"Gad,Ahmed Mohamed",-0.10187137584906
7606,"Adiguzel,Ufuk Alp",-0.102022795805083
7607,"Cruceru-Uceanu,Tudor-Mihai",-0.102037750963626
7608,"Szelenyi,N",-0.102054003283795
7609,"De Wolf,J",-0.102110371765267
7610,"Ortega Martinez,Jorge",-0.10211660335766
7611,"Maranhao,Jose Renato Ruiz",-0.102125775211604
7612,"Borocz,Lorinc",-0.102171701412048
7613,"Christou,Lambros",-0.102193170817059
7614,"Blokhin,Sofia",-0.102212296295353
7615,"Rakubovchuk,Danylo",-0.102234248799583
7616,"Traistaru,T",-0.102264336893375
7617,"Garcia Ramos,M",-0.102340352524353
7618,"Van der Linden,Hans",-0.102421374848493
7619,"Sagalchik,G",-0.102537360493279
7620,"Cornelisse,Lorelei",-0.102539928807146
7621,"Verma,Rudra",-0.1025847839893
7622,"Bauer,Pierre",-0.102636056768026
7623,"Iljushin,A",-0.102638724943
7624,"Johansson,William 2007",-0.102651011988242
7625,"Soldo,R",-0.102663475236265
7626,"Shakhzodova,Ozoda",-0.102702476703562
7627,"Djidjeli,Sarah",-0.102703912576879
7628,"Deak,S",-0.102805147642313
7629,"Tiisler,Tanel",-0.102818239902271
7630,"Christiansen,Henning",-0.102831317132755
7631,"De Jong,To",-0.102844287271393
7632,"Olcum,A",-0.103010703749793
7633,"Hajage,Michael",-0.103053569640134
7634,"Kohler,Ar",-0.103059220796479
7635,"Wanyama,Harold",-0.103084992582587
7636,"Vollbehr,Bjarne",-0.103105098586797
7637,"Glavac,Leo",-0.103124408750665
7638,"Braun,Mare",-0.10317178164816
7639,"Eugene,Nathael",-0.103244184559017
7640,"Khan,Y",-0.1032694615143
7641,"Paananen,Olli-Pekka",-0.103270043616162
7642,"Doval Rojas,Ernesto Jesus",-0.103270169559058
7643,"Meszaros-Csonka,David",-0.103275200072245
7644,"Burri,Nicolas",-0.103297741598749
7645,"Saric,S",-0.103309082377026
7646,"Kamath,Nikita",-0.103522941523363
7647,"Darvekar,Yash",-0.103539656048768
7648,"Leconte,JO",-0.103572613803655
7649,"Terlouw,Wouter",-0.103598651886766
7650,"Piippo,Mikko",-0.103616545729515
7651,"Thuesen,M",-0.103676769581922
7652,"Kshirsagar,Parth",-0.103699589547553
7653,"Roemer,N",-0.10373737905445
7654,"Aumueller,Naum",-0.103751640270118
7655,"Villegas,P",-0.1038052222962
7656,"Eggleston,D",-0.103819095210783
7657,"Raftopoulou,Konstantina",-0.10382082223543
7658,"Kleist,Axel",-0.103823155459698
7659,"Zhou,Aiden",-0.103898213400462
7660,"Van der Lubben,Arno",-0.103945250374385
7661,"Benmesbah,N",-0.10394611912673
7662,"Luukkonen,T",-0.10395430076046
7663,"Alfonso Durban,X",-0.10396695314003
7664,"Rivero Tacoronte,Gabriel",-0.103999721881918
7665,"Eames,R",-0.104013158286847
7666,"Mittermayr,G",-0.104033705745751
7667,"Rosebert,Abera",-0.104060063566518
7668,"Gomez Falagan,Daniel",-0.104135470047422
7669,"Hinterreiter,M",-0.104145029266981
7670,"Ayan,Bengu Sena",-0.104193316551177
7671,"Gopal Krishna Maheshwari",-0.104193823142683
7672,"Borecky,Andrej",-0.104228724531228
7673,"Dhooge,Servaas",-0.104230811710808
7674,"Meffert,Lennard",-0.104379353524652
7675,"Isopescu,Iulia Elena",-0.104432267912382
7676,"Nguyen Thu Giang",-0.104445083701332
7677,"Rosembeker,Djuro",-0.104476047624201
7678,"Abdulazizov,Asilbek",-0.104476228136228
7679,"Aakanksha,Hagawane",-0.10454170841255
7680,"Jansen,Marijn",-0.104541807492538
7681,"Narzikulova,Gulhae",-0.104562855953251
7682,"Orujov,Hasan",-0.104564663306849
7683,"Sanchez Alvares,Kelvin Antonio",-0.104576321282194
7684,"Lee,Hyo",-0.104633763463134
7685,"Grabher,H",-0.104668117577501
7686,"Pidluznij,Matvej",-0.104682682811452
7687,"Pruszter,Rudolf",-0.104691238760984
7688,"Wynarczyk,R",-0.104782847658402
7689,"Jogi,Henry",-0.104811353367435
7690,"Mendoza Recio,Josselyne",-0.104888178950216
7691,"Patuzzo,F",-0.104896031036244
7692,"Guddahl,V",-0.104911475533594
7693,"Triantaphylidis,Alexandros I",-0.104929985227469
7694,"Sidharth Sreekumar",-0.104937224692444
7695,"Iordache,Alexia-Andreea",-0.104990323926738
7696,"Grozea,Filip",-0.10502139752647
7697,"Sylvan,J",-0.105051311824523
7698,"Dimic,P",-0.105063446981613
7699,"Papadimitriou,A",-0.105067785377072
7700,"Kakkanas,E",-0.105116839595398
7701,"Joel Paul Ganta",-0.105133508368465
7702,"Den Heijer,Jeroen",-0.1052184115177
7703,"Sankalan Shah",-0.105234658257595
7704,"Pertseva,Tatyana",-0.105245469363051
7705,"Cesar Maestre,Eduardo",-0.105249273492903
7706,"Palu,A",-0.105281964126046
7707,"Xie,Libeilei",-0.105287743894237
7708,"Saranya Devi Narahari",-0.105314341607646
7709,"Kathage,Holger",-0.105392680102579
7710,"Cheraghi,A",-0.105421268334271
7711,"Arjun,Sat",-0.105444980873684
7712,"Archisman Patra",-0.105521355832954
7713,"Strok,B",-0.105531654663868
7714,"Dolas,Aarush",-0.105558247440021
7715,"Moustakas,Athanasios",-0.105565863785201
7716,"Vijay Chauhan",-0.105640956110379
7717,"Georgantas,A2",-0.105829015354376
7718,"Merva,F",-0.1058382437626
7719,"Van Hecke,Bert",-0.105839327270273
7720,"Horak,Ji1",-0.10587882024728
7721,"Karthikeyan,Harishkumar",-0.105888574051809
7722,"Pappelis,D",-0.105990696568131
7723,"Jihan Tejas Shah",-0.106002141675968
7724,"Sreekumar,Gauri",-0.106014247906265
7725,"Shlok Vinay Kulkarni",-0.106048782218323
7726,"Verdier,P",-0.106056676582194
7727,"Chen,Austin",-0.106085015767569
7728,"Swaminathan,Pranav",-0.10613151532519
7729,"Weinberger,S",-0.106144147031182
7730,"Melnikov,Evgeny",-0.106179060186961
7731,"Markosek,Bine",-0.10627074761302
7732,"Smith,Alister W",-0.106288554379213
7733,"Prabhu,Aadith",-0.106294387011361
7734,"Gerdts,Martina",-0.106324032635986
7735,"Ward,I",-0.106403049724779
7736,"Gaehwiler,G",-0.106405231435297
7737,"Bin-Suhayl,Ieysaa",-0.106424317153914
7738,"Barsmos,Shenouda Adel Abdelmasee",-0.106498442221882
7739,"Balaska,Eleni Sofia",-0.106502672945663
7740,"Gelle,I",-0.106522951281987
7741,"Tetova,Amir",-0.106558831899451
7742,"Postnikov,Albert",-0.106658945600916
7743,"Predein,V",-0.106749815561704
7744,"Abramciuc,Marius",-0.106760535965536
7745,"Muetsch,Annmarie",-0.106862188800213
7746,"Le,Nguyen Khoi Nguyen",-0.106948805216164
7747,"Jupa,Ilirjan",-0.106982807272224
7748,"Van der Valk,N",-0.107018717883052
7749,"Kholyavko,Kirill",-0.107052073486105
7750,"Martinez,Shawn",-0.107052349013503
7751,"Zachariassen,B",-0.107124643521867
7752,"Haralabidou,Maria",-0.10715775993361
7753,"Ruchir Nadikatla",-0.107194751579777
7754,"Dubrovin,R",-0.107234876734205
7755,"Schutte,Wian",-0.107246765898285
7756,"Demarcke,D",-0.107324773889883
7757,"Siam,Chowdhury",-0.107355606328813
7758,"Bruni,Xavier",-0.107415199126563
7759,"Angelakopoulou,Ioanna",-0.107471730136574
7760,"Sultanbek,Zeinep",-0.107497924859238
7761,"Bakeer Ehab,Ahmad",-0.107549534891549
7762,"Vasilenok,Anton",-0.107606177023926
7763,"Pedevilla,Luis",-0.107621409226738
7764,"Wemmers,X",-0.107655178722893
7765,"Femil Chelladurai",-0.107657336120379
7766,"Liu,Steven",-0.107662497669711
7767,"Tyrrell,Benjamin",-0.107737633151687
7768,"Butuza,Stefan Aurelian",-0.107748730329365
7769,"Sathsindu,W M Minura",-0.10775504098488
7770,"Saba,Leon Maximilian",-0.107756232334009
7771,"Beardsley,Benjamin",-0.107765367392321
7772,"Ponomarev,Ivan",-0.107771519973794
7773,"Topalov,A",-0.107917134997635
7774,"Valle Luis,Liam",-0.107934521411774
7775,"Boulahfa,H",-0.107935545160036
7776,"Trzcinska,Weronika",-0.107953579809517
7777,"Bagrationi,A",-0.107959645255725
7778,"Saif,Ahmed",-0.108004573038171
7779,"Stepanyan,Ararat",-0.108013397328148
7780,"Riss,Selenia",-0.108018451385446
7781,"Taga,Hiroto",-0.108021058299189
7782,"Pagonis,Ioannis",-0.108034676024968
7783,"Aleksanyan,Ara",-0.10804166043208
7784,"Suich,Peter D",-0.108121543830355
7785,"Uman,Elya Aynur",-0.108148583943789
7786,"Galioglu,C",-0.108172981145722
7787,"Jinay Ankitbhai Shah",-0.108179699422521
7788,"Yavorovsky,V",-0.108221762984543
7789,"Arhan Jain",-0.108312382296056
7790,"Habla,J",-0.108492096132878
7791,"Giraldez Requena,Hugo",-0.108534869706686
7792,"Badya,Vasily",-0.108560681969528
7793,"Papadopoulos,Odysseas Panos",-0.108564632675675
7794,"Timagina,Sofia",-0.108590988157449
7795,"Villa Izquierdo,R",-0.108658769983186
7796,"Logvinov,Petro",-0.108663154105638
7797,"Aberg,T",-0.108684956313897
7798,"Medina Diez,Adria",-0.108701386040288
7799,"Xiong,Lijuan",-0.108711751415737
7800,"Karavade,E",-0.108720679856112
7801,"Steffensen,E",-0.108747592584089
7802,"Klute,Leon",-0.108804850320808
7803,"Synetos,Dionysios",-0.108865924454936
7804,"Vrana,F",-0.108876515634058
7805,"Burg,T",-0.108912313091652
7806,"Nandish V S",-0.108920634967836
7807,"Niermann,Tristan",-0.108971979728172
7808,"Minchev,V",-0.108982499264832
7809,"Csala,Im",-0.109080150677844
7810,"Fakhretdinova,M",-0.109136320363129
7811,"Perpinya Rofes,L",-0.109200558969505
7812,"Huang,Vincent",-0.109202790775363
7813,"Seretaki,Myrto",-0.109204743216374
7814,"Joensson,Oscar",-0.109239340745498
7815,"Clotet Mas,Dan",-0.109306291646219
7816,"Luo,Terry",-0.109427471450819
7817,"Wister,Tom R",-0.109548209721401
7818,"Jarzebowski,Kacper",-0.109616433285603
7819,"Borisov,Yuri",-0.109644768651491
7820,"Hafstad,Leif",-0.109645152134585
7821,"Chalioris,Stefanos-Anthimos",-0.109741820138918
7822,"Fontecha Martinez,Juan Carlos",-0.109746745443311
7823,"Nguyen Anh Dung",-0.109761512759897
7824,"Munita Loinaz,Jose Antonio",-0.109815670036887
7825,"Chionidis,Charalampos",-0.109829987854121
7826,"Chalmeta Torredemer,E",-0.109856516552164
7827,"Antoniadis,Anastasios",-0.109857995249532
7828,"Tzortzis,Dimitrios",-0.109898026973755
7829,"Orsini,Cesar Oliveira",-0.109981206558764
7830,"Errasti Dominguez,Daniel",-0.110030511747111
7831,"Mehtizada,Murad",-0.11005806714341
7832,"Azikri,Gur",-0.110080529740917
7833,"Mann Akbari",-0.1100846775185
7834,"Ling,Guohan",-0.110122979779041
7835,"Becker,Rogerio Sperb",-0.110222342878771
7836,"Jess Ruchandani",-0.110245537750502
7837,"Kazoks,Aivars",-0.110354181299801
7838,"Buerger,Felix",-0.11039564315969
7839,"Forgacs,J",-0.110472389149455
7840,"Doraszelski,Alexander",-0.110506315009118
7841,"Fady,Heaven",-0.110556056052508
7842,"De La Hera Narganes,Carlos",-0.110577354233647
7843,"Neves,Vincent",-0.110617850110658
7844,"Swierzy,Lev-Leon",-0.110623043677816
7845,"Weigand,Anton",-0.110658869319215
7846,"Alam,MdM",-0.110670445941028
7847,"Van Wamel,Gijs",-0.110683077318107
7848,"Lustenberger,D",-0.110712259253812
7849,"Simunkovic,Bartol",-0.110723865844681
7850,"Stivelberg Pereira,L",-0.110725173311954
7851,"Dushatov,Timur",-0.110776484145271
7852,"Loibl,Johann",-0.110841170550031
7853,"Ensslinger,Colin",-0.110841522464876
7854,"Vitsiuk,Anton",-0.110844467402951
7855,"Potiri,Kyriaki",-0.110847210516301
7856,"Cheng,Chao Xin",-0.110870795745493
7857,"Baltrunas,Evaldas",-0.110896027704962
7858,"Stewart,Ashley",-0.110901112490963
7859,"Rodriguez Quillay,Eduardo Angel",-0.110907116479642
7860,"Japaridze,D",-0.110954815499074
7861,"Adithya A Chullikkad",-0.110976565900438
7862,"Asvestopoulou,E",-0.110977698940503
7863,"Kandil,Adham",-0.111061674672192
7864,"Bruns,Patrick",-0.111066791703116
7865,"Ameir,M",-0.111097179387611
7866,"Wang,Jinghua",-0.111116048750646
7867,"Diogo,V",-0.111127921382172
7868,"Partac,E",-0.111161684942112
7869,"Striskova,Lucia",-0.111169628969026
7870,"Gnanaseelan,Jude Dorison",-0.111213300036105
7871,"Platonovs,Nikolajs",-0.111224175493771
7872,"Mazariego,C",-0.111293650028242
7873,"Chong,Hanford",-0.111306968544468
7874,"De Sousa Martinho,Vasco",-0.111308897359662
7875,"Calistri,T",-0.111366944220734
7876,"Saglam,K",-0.111431897730404
7877,"Dwieb,Islam",-0.11144733216878
7878,"Starke,Bruno Orlando",-0.11154994403103
7879,"Maymo,Gazwan",-0.111590362688961
7880,"Rietze,C",-0.111676277671728
7881,"Aitzetmueller,Elias",-0.111706415001204
7882,"Ghule Anay",-0.111707771481597
7883,"Boskemper,Danny",-0.111722956622072
7884,"Baasansuren,Erdene",-0.111844424896524
7885,"Garcia Almaguer,J",-0.111849669370999
7886,"Gkekos,Ioannis",-0.111918736537335
7887,"Argote,Carlos David",-0.111938615071803
7888,"Dascalescu,Adelin-Stefan",-0.111943167981804
7889,"Jukes,Sam",-0.111968876587035
7890,"Brain,Logan",-0.111975660449589
7891,"Lukin,Yesenia",-0.112003444353864
7892,"Petukhov,Alan",-0.112055643965734
7893,"Abdel Moniem,M",-0.112058877020943
7894,"Mecit,E",-0.112124320604894
7895,"Menahem,Adi",-0.112131962225662
7896,"Bondalapati,Sri Vibhav",-0.112185069693725
7897,"Canonge,L",-0.112218295993937
7898,"Lejer,S",-0.112258358131975
7899,"Pu,Linden",-0.112259251091536
7900,"Garcia Dorado,A",-0.11232933540192
7901,"Neumann,Helena",-0.112342345150141
7902,"Horacek,Vojtech",-0.112346710687502
7903,"Stanko,I",-0.112349233967166
7904,"Forgacs,Attila Jr.",-0.112364237392012
7905,"Trey,Justin",-0.112399297883354
7906,"Qatina,Waheeb",-0.112420040219751
7907,"Jayasundara,J M Theruni V",-0.112572329128472
7908,"Mikov,Simeon",-0.112674722561582
7909,"Makropoulou,M",-0.112778720952186
7910,"Finkenflugel,Renzo",-0.112805955026318
7911,"Danezis,Prodromos",-0.112816377721374
7912,"Guerrero Caicedo,Arlette",-0.112904066023735
7913,"Stoeckli,Thomas",-0.112924137673486
7914,"Akharaboollasez,A",-0.11298622941597
7915,"Keetman,Maaike",-0.113004834252386
7916,"Abhinav Anand",-0.113038966226871
7917,"Cabrera,Jennie",-0.113077266295154
7918,"Maisuradze,N",-0.113090583399034
7919,"Raag,Ardi",-0.113106648607893
7920,"Hiti,D",-0.113246486421135
7921,"Haugsdal,A",-0.11328513782655
7922,"Bank,P",-0.113286842607404
7923,"Poderico,Francesco",-0.113315027559732
7924,"Walter,Ema",-0.113319686813992
7925,"Larranaga Juaristi,Alexander",-0.113434922573067
7926,"Ilangasinghe I M N S",-0.113469497531324
7927,"Mohammad Salahat",-0.113519570339827
7928,"Uhl,M",-0.113607337421166
7929,"Pinheiro Moraes,Diego",-0.113615683119008
7930,"Rous,Dominik",-0.113649215958202
7931,"Echevarria Uriarte,Ibai",-0.113695941416031
7932,"Keenan,Alex",-0.11370032439907
7933,"Boyer,J",-0.113769801606103
7934,"Allahverdi,Zahra",-0.113876382270803
7935,"Reguillaga Otano,Juan",-0.11392405581641
7936,"Van Diermen,A",-0.113930906027905
7937,"Vanecek,J",-0.114084300164851
7938,"Sevi,Semih",-0.114112601477952
7939,"Martinez de Butron Alberdi,Luis",-0.114166365122587
7940,"Aldokhin,I",-0.114236983495361
7941,"Paluszek,Jan",-0.114249902446519
7942,"Nosacheva,Mariya",-0.114308907778349
7943,"Verheyen,Olivier",-0.114357231526284
7944,"Rice,Leah",-0.114381112934472
7945,"Lima,Vinicius Taishun",-0.114409248829893
7946,"Di Pinto,V",-0.114422120271403
7947,"Eek,Jacob",-0.114444146618224
7948,"Sereti,Eleni",-0.114477532489218
7949,"Vezeteu,D",-0.114498250470468
7950,"Ortega Lopez,Manuel",-0.114611650384227
7951,"Del Rosario Silva,Dexnisi",-0.114744551244876
7952,"Nehan,Abdullah",-0.114831373203627
7953,"Uruci,Valentin",-0.114835795996749
7954,"Bach Pareja,Raimon",-0.11483693425182
7955,"Portmann,D",-0.114892153633499
7956,"Simon,Manuel",-0.114896726809602
7957,"Chang,Nathan",-0.114930872362631
7958,"Gortemaker,Lucas",-0.11493422811108
7959,"Campbell,Maxwell",-0.114948802982145
7960,"Ravshanov,Sheralijon",-0.114981506989298
7961,"Hampl,Pavel",-0.115008510538744
7962,"Sousa,Vinicius Moraes Avellaneda",-0.115039382974794
7963,"Bonnet,P",-0.115043931763332
7964,"Vihaan Ravi Rao",-0.115074125625303
7965,"Auzanne,R",-0.115076691115837
7966,"Atik,Muhammed Ihsan",-0.115083215922957
7967,"Paulsen,Tor Arne",-0.11508376347222
7968,"Pubantz,Jan",-0.115098410118885
7969,"Serditykh,Olesya",-0.11511056701237
7970,"Jansz,Wilfred",-0.115126116588478
7971,"Nersissian,G",-0.115165614852243
7972,"Nackholm,Erik",-0.115247977097067
7973,"Petkaki,Danai",-0.115270631337472
7974,"Vesa,Mikke",-0.115281086354266
7975,"Atkeson,Christopher Timothy",-0.115298708210328
7976,"Simons,R",-0.115301730287212
7977,"Ahmadli,Nihad",-0.115319198231559
7978,"Amiridou,D",-0.115348556252592
7979,"Mellem,N",-0.115382290415858
7980,"Zamit,K",-0.115473275173786
7981,"Kuchar,Matej",-0.115493423046571
7982,"Finn,Peter",-0.115515788133849
7983,"Guz,Ari",-0.115519146546089
7984,"Poukh,Pavel",-0.115549182807283
7985,"Emans,Job",-0.115555134867477
7986,"Vasylchuk,Diana",-0.11559424489039
7987,"Peschardt,S",-0.115600935160358
7988,"Zheng,Tony",-0.115620211169979
7989,"Ruperez,M",-0.115641905184962
7990,"Stampfer,Paul",-0.115667224410164
7991,"Hristodorescu,D",-0.115791663287203
7992,"Dudarec,Elias",-0.115819685833006
7993,"Raj Kapoor",-0.115874989226899
7994,"Iino Jubin,Enzo",-0.115895404437792
7995,"Van Wessel,R",-0.115965638983895
7996,"Pian,Junyao",-0.115973841667954
7997,"Madan,A",-0.11598310390053
7998,"Zhang,Derek",-0.115986925846754
7999,"Chidvilash,Sai Surapaneni",-0.116044128417776
8000,"Gachbar,Imrane",-0.116077002062665
8001,"Martino Girones,Gonzalo",-0.116129276641794
8002,"Garcia San Martin,A",-0.116129899863427
8003,"Klein,Gern",-0.116171416781976
8004,"Millan Hernandez,M",-0.116187751263518
8005,"Ismayilova,Khanim",-0.11624343435995
8006,"Baarspul,Bram",-0.116257712160584
8007,"Rai,Oleksii",-0.116274605781495
8008,"Alvarado,C",-0.116371774988327
8009,"Rut,Vojtech",-0.116374604729009
8010,"Krithik Reddy Nandyala",-0.116419337124712
8011,"Koutsogiannopoulou,T",-0.116428164149517
8012,"El Khaddari,Lina",-0.116432769677772
8013,"Gonda,L",-0.11662783880984
8014,"Halfon,Leora",-0.11662991925816
8015,"Arshiya Das",-0.116647844104492
8016,"Pinelli,Gian",-0.116688480644194
8017,"Lahdelma,Henri",-0.116699665025304
8018,"Serrano Gonzalez,Saul",-0.116709485571323
8019,"Catanzaro,Claudio",-0.11671923678128
8020,"Lechermann,Markus",-0.116742692741986
8021,"Alfaro,W",-0.116844795267547
8022,"Pit Rada,M",-0.116888881221415
8023,"Gardezi,Arsal",-0.116955318157398
8024,"Guasch Figuerola,A",-0.116970505645114
8025,"Reshetniak,V",-0.117051264851841
8026,"Kahanek,M",-0.117069930187145
8027,"Gawlas,Roman",-0.117085405376728
8028,"Dhayagude Aarav",-0.117086489320289
8029,"Chatzipanagiotou,Asimenia",-0.117106369436146
8030,"Paul,M2",-0.117116540546811
8031,"Chassard,Cedric",-0.117160719433765
8032,"Hossain,Md. Faisal",-0.117167757534418
8033,"Stefanis,Stefanos G",-0.117365075779201
8034,"Schardt,Madeleine",-0.117398842559958
8035,"Filipi,S",-0.117463806672937
8036,"Ryan Dominic",-0.117528667267525
8037,"Geenuka,Wijesundara",-0.117573387110224
8038,"Dominguez Fernandez,Angel 1999",-0.117587984981102
8039,"Stepanyan,Henrik",-0.117591184363885
8040,"Nezar,M",-0.117630804447615
8041,"Goczo,M",-0.117639831759296
8042,"Westerlund,Ola",-0.117660331938355
8043,"Chavez Chavez,Yoani",-0.117665548105523
8044,"Capone,N",-0.117802770737037
8045,"Liu,Murray",-0.117809749663573
8046,"Loehlein,Nico Constantin",-0.11783295195634
8047,"Cornileau,Juliette",-0.117862877333978
8048,"Ghita,Vlad-Bogdan",-0.11788579501632
8049,"Krishnater,Kushager",-0.117894921968755
8050,"Slovak,Kilian",-0.117924037915374
8051,"Aghaverdiyeva,Maryam",-0.117937352675773
8052,"Kollmann,Timo",-0.117989629754402
8053,"Nicolini,A",-0.117994684360539
8054,"Klys,Kacper",-0.118016686691779
8055,"Agnivo Chakraborty",-0.118035618469289
8056,"Shrivastava,Nivaan",-0.118041943716793
8057,"Maglioni,Leonardo",-0.118063273203489
8058,"Rath,Srinivas",-0.118071445427727
8059,"Sawindya,Udani",-0.118094658555954
8060,"Winnubst,Paul",-0.11812369494271
8061,"Bakels,Anton",-0.118127553605683
8062,"Bunta,Andrei",-0.118208252189842
8063,"Vishwesh Sivanantham",-0.118222923626738
8064,"Skaperdas,K",-0.118223453473076
8065,"Musabayeva,Diana",-0.118261615608286
8066,"Vilics,Hanna",-0.118283133379488
8067,"Strizhnev,Ivan",-0.118338668315269
8068,"Ahmad,Al Khatib",-0.118398265161299
8069,"Moss,Stephen",-0.118403788868731
8070,"Boesch,Heinz",-0.118471247414531
8071,"Nakara Husain",-0.11851804257653
8072,"Staudacher,Leon",-0.118698563571712
8073,"Ananya Raman",-0.118769447762791
8074,"Ivanov,Lj",-0.118792962740205
8075,"Schneider Zinner,H",-0.118806477736403
8076,"Hansch,Ka",-0.118831830678684
8077,"Meuer,David",-0.118835631818383
8078,"Radinger,Rudolf",-0.118919799802397
8079,"Wickramasinghe,V W A Vinuda Vidm",-0.118936503415582
8080,"Gonzalez Galvan,J",-0.119044084352161
8081,"Van Esch,Rob",-0.119087555297326
8082,"Cerovsky,Marek",-0.119089541091346
8083,"Sele,Timea",-0.119125255735774
8084,"Das,Rohan",-0.119149014247718
8085,"Kaufmann,Thomas",-0.119150424397446
8086,"Hernandez Bermudez,Ulises Eduardo",-0.11918412823813
8087,"Martinenco,Nicolae",-0.119208542434992
8088,"Davoust,Nicolas",-0.119209455650047
8089,"Hoefer,Helmut",-0.119235346682262
8090,"Logachiov,A",-0.119294253450153
8091,"Kubanyi,Robert",-0.119298430954953
8092,"Chatzipavlou,Odysseas",-0.119346250986321
8093,"Kundianok,Vladislav",-0.119367403743688
8094,"Vamvoukou,Maria Ines",-0.119395809269693
8095,"Vassis,Anastasios",-0.119410281959545
8096,"Pavlovs,Nikita",-0.119423477987533
8097,"Prochazka,Jarom",-0.119444117093048
8098,"Khademi,M",-0.119455565387203
8099,"Liashuk,Viacheslav",-0.119562123508734
8100,"Horvath,Tomas",-0.119635964013765
8101,"Reinhard,Simon",-0.11965828134956
8102,"Kiran,M",-0.119671300342929
8103,"Recky,N",-0.119679951147118
8104,"Minarcak,Pavol",-0.119691882153013
8105,"Efimov,Leonid",-0.11971745490351
8106,"Cumming,R",-0.11978139676203
8107,"Venner,L",-0.11983713624447
8108,"Stap,K",-0.119844287104437
8109,"Tronenkova,Vilhelmine",-0.119887114068173
8110,"Nakhbayeva,G",-0.119897564627162
8111,"Semprun Martinez,F",-0.119909168829186
8112,"Schelvis,Richard",-0.119926340944333
8113,"Kavinda,A",-0.119942659124176
8114,"Westerhof,Fleur",-0.120023385188922
8115,"Vincent,Trevor",-0.120045824919594
8116,"Grybas,G",-0.120089557916396
8117,"Campos Olaya,I",-0.12010066313341
8118,"Perestjuk,M",-0.12011442044241
8119,"Seidl,S",-0.120132632357238
8120,"Simchuk,Vasyl",-0.120180576992324
8121,"Dlugy,M",-0.120183056314013
8122,"Wagner,Gu",-0.120193223467269
8123,"Boeren,Jurriaan",-0.120225037073269
8124,"Piceu,T",-0.120242658188062
8125,"Agashe Vyom Mandar",-0.120316973014257
8126,"Fayez Emad,Meryam",-0.120378926492673
8127,"Thompson,I",-0.12039563317502
8128,"Paczka,P",-0.120538935849449
8129,"Cakir,Ege",-0.120594845984973
8130,"Garcia Garcia,A",-0.120596161998433
8131,"Sanchez Ruiz,P",-0.120612188859605
8132,"Dudas,E",-0.120638013273357
8133,"Angulo Salinas,Julio Osvaldo",-0.120669313272634
8134,"Figueroa,Matias Alejandro",-0.120674351872789
8135,"Balzer,L",-0.12067839386912
8136,"Schindler,S",-0.120715244642858
8137,"Sisman,Doruk Ata",-0.120873398261689
8138,"De Wit,Jim",-0.120901819839351
8139,"Ivekovic,T",-0.120924940532641
8140,"Mavidis,Christos",-0.120973131047724
8141,"Horvath,Andras",-0.120981142724984
8142,"Lachausse,Vincent",-0.120999891689837
8143,"Dirani,Hussien",-0.121021650166333
8144,"Lee,Yuk Hei",-0.121038515822102
8145,"Derejczyk,Mateusz",-0.121170770271675
8146,"Liashuk,Kostiantyn",-0.121183657558689
8147,"Guillen Martinez,Hugo",-0.121184755328243
8148,"Houdek,Daniel",-0.121285383535166
8149,"Velasco Beltran,Iurgi",-0.121324830014051
8150,"Krudde,F",-0.121352378640367
8151,"Karacsonyi,Kata",-0.121362959463705
8152,"Todorovic,Nemanja",-0.121388189535318
8153,"Simantirakis,Apolon",-0.121401490846069
8154,"Buchenau,F",-0.121420953222623
8155,"Karaoglan,Kivanc",-0.121547760377743
8156,"Shinkarev,M",-0.12155609519755
8157,"Kasperczyk,Thomas",-0.121558917939515
8158,"Aleshin,Roman",-0.121653308879365
8159,"AlDakhlAllah Emad",-0.121658023989537
8160,"Galyamov,V",-0.121677566134689
8161,"Hauser,C",-0.121702593922366
8162,"Mokhber-Garcia,Sebastian",-0.121704299969962
8163,"Martinez Flores,Matias",-0.121730087624661
8164,"Grossmann,Piet",-0.121765644821047
8165,"Bekkesletten,Cato",-0.121769066732631
8166,"Djakovac,E",-0.121773175398818
8167,"Noyce,R",-0.121817013029564
8168,"Matlak,Oleksandr",-0.121833677583274
8169,"Zhukov,Roman",-0.121868372233439
8170,"Weisz,Bryan",-0.12192815489926
8171,"Kosztolanczi,G",-0.121968929449908
8172,"Kalogridakis,Theodoros",-0.122017032725873
8173,"Pulkkinen,K",-0.122059329609515
8174,"Kretchetov,A",-0.122096651490681
8175,"Bernotas,A",-0.122198882396622
8176,"Lage,Pedro Ferreira",-0.122249458511182
8177,"Patel,Zain",-0.122282121900901
8178,"Li Ruofan",-0.122305725756618
8179,"Hollan,Martin",-0.122328448383774
8180,"Gioseffi,M",-0.122394431496845
8181,"Bhatia,Kanishka",-0.122396060674028
8182,"Tanishq Ritesh Nagda",-0.122435703170211
8183,"Schmit,Vincent",-0.122436610515893
8184,"Logar,M",-0.122459953607953
8185,"Pronstad,Thomas",-0.122540747908252
8186,"Andre,Tomas",-0.122564454598046
8187,"Mohammadi Nia,Borna",-0.122584251425416
8188,"Kermer,Jan",-0.12258524623542
8189,"Rios Gallardo,Guillermo",-0.122596255347535
8190,"Bania,Eleni",-0.122597886828624
8191,"Kostelny,J",-0.122623945623982
8192,"Daiwik Jain",-0.122667027105647
8193,"Hintikka,E",-0.122701127123094
8194,"Qian,Linda (Zhiling)",-0.122728412317359
8195,"Tsompanoudis,Christodoulos",-0.12284197299594
8196,"Nordahl,Frederik",-0.122846836612601
8197,"Petrus,Adrian",-0.12285862116525
8198,"Jugovic,D",-0.122863778683446
8199,"Wilhelm,S",-0.123016673230356
8200,"Oostvogels,Niek",-0.123017680947069
8201,"Casella,M",-0.123079487102466
8202,"Gomez Calvo,J",-0.123084968926742
8203,"Horak,Martin",-0.123127989682059
8204,"Xie,Chujun",-0.123161483525205
8205,"Merivee,Romet-Renee",-0.123202786801663
8206,"Mohammad Mahbub Parouare",-0.123216389380664
8207,"Szamko,Hanna",-0.123224965715678
8208,"Shah,Moxit J",-0.123267981957448
8209,"Bokros,A",-0.123289478568559
8210,"Castagnerol,Cerise",-0.123337978849623
8211,"Hoffman,Ro",-0.12336465821617
8212,"Nikac,P",-0.123549430605468
8213,"Benderac,S",-0.123555568595177
8214,"Yeropunov,Hlib",-0.12357136405683
8215,"Basdar,Atakan",-0.123578949754117
8216,"Md,Eftekhar Alam",-0.12365693540743
8217,"Ackley,P",-0.123667403518565
8218,"Borges Barroso,Yohan",-0.123689612970432
8219,"Welling,Zac",-0.123716538342312
8220,"Miguelez Garcia,E",-0.12372674183256
8221,"Collander,Joel",-0.12376583641791
8222,"Chukka Vineel Radha Karthik",-0.12380552244981
8223,"Luong,Hoang Tu Linh",-0.123818629140567
8224,"Bendik,Margarita",-0.123824128915131
8225,"Ribera Caro,Joan",-0.123826328182542
8226,"Melkevik,J",-0.123903219911445
8227,"Schwab,T1",-0.12392013316467
8228,"Shefer,Uri",-0.1239236867539
8229,"Nastore,Pavel-Alexandru",-0.123955692548489
8230,"Heurtebize,O",-0.124006032457827
8231,"Rodriguez Arrieta,M",-0.124041329808794
8232,"Elferink,Leon",-0.12404331954072
8233,"Ubiennykh,E",-0.124118802801792
8234,"Nakahara,Kan",-0.124165544701849
8235,"Witczak,Borys",-0.124186642665175
8236,"Felmery,Mate",-0.124197141472896
8237,"Montenegro,Ju",-0.124209792432415
8238,"Le,Minh Tu",-0.1242132792176
8239,"Esmer,Kemal Eymen",-0.124245507482121
8240,"Hoepfl,Dominik",-0.124247850445424
8241,"Valls Marti,A",-0.124306430697378
8242,"Balsiger,Matthias",-0.124339674621427
8243,"Ertugrul,Berkay",-0.124345910851659
8244,"Pandya,Dhairya",-0.124365269672657
8245,"Amit Bikram,Roy",-0.124449678597063
8246,"Garay,Enzo",-0.124547172186626
8247,"Enache,George-Alexandru",-0.124590003572835
8248,"Jodlowski,Robert",-0.124597864415292
8249,"Krotov,Damian",-0.124603083335338
8250,"Mallick,Sai",-0.124673547282909
8251,"Fernandez Vazquez,J",-0.12467722325705
8252,"Raghavan,Hariharan",-0.124731656822024
8253,"Gierulski,Kamil",-0.124755126593091
8254,"Baradaran Tamadon,Arian",-0.124770093235717
8255,"Maaz Iqubal",-0.12486037635234
8256,"Douni,M",-0.124887890280477
8257,"Srirasa,Srisaaru",-0.124893018676223
8258,"Bobomurodova,Maftuna",-0.124899435237594
8259,"Archit Saigal",-0.124914172017504
8260,"Egner,David",-0.12494427300068
8261,"Sathyachith E M",-0.124968302935908
8262,"Nguyen Thanh Thuy Tien",-0.124974198146983
8263,"Rzayev,Murad",-0.125026661878684
8264,"Marzano,C",-0.125035371262595
8265,"Xu,Jiangwanning",-0.125050394659949
8266,"Isbilir,Levin",-0.125063832543341
8267,"Rogoz,Vladyslav",-0.125111071100152
8268,"Bardy,V",-0.125123096826043
8269,"Joseph,Jonath",-0.125152461869082
8270,"Guo,Shiran",-0.125176671902494
8271,"Guimaraes,Marcelo Cunha",-0.125181728241575
8272,"Simbelov,Roman T.",-0.125192642658022
8273,"Kopacz,Przemyslaw",-0.125289006056617
8274,"Pasoglou,Ekaterini",-0.125289631874421
8275,"Nilsson,Oliver",-0.125300121824348
8276,"Yin,Milo",-0.125324187557568
8277,"Budai,Federico",-0.125396687192751
8278,"Young,Micah",-0.125488388657922
8279,"Boix Redorta,Roc",-0.125488515522489
8280,"Benakis,Ioannis",-0.125498225527497
8281,"Postranecka,Zuzana",-0.125503385588923
8282,"Li Haoyu",-0.125527877883044
8283,"Kotsoglou,Georgios",-0.125554153885439
8284,"Van der Weijde,Andre",-0.12556088405784
8285,"Wang,Hanchen",-0.125649118510439
8286,"Yang,Espen Siben",-0.125660198348607
8287,"Asikainen,Eeli",-0.125800618903249
8288,"Ribera Veganzones,Josep Maria",-0.125804200590441
8289,"Syreng,Gard Alexander Bye",-0.125811346553733
8290,"Postupa,P2",-0.125870126957756
8291,"Chen,Yidong",-0.125893029856053
8292,"Nielsen,Morten Majlund",-0.12591310775695
8293,"Ienasoaie,Gabriel",-0.125924991207093
8294,"Behzad Nazif,Parva",-0.125934272449979
8295,"Flueckiger,Roger",-0.125938644749565
8296,"Kerner,Michael",-0.125965048084253
8297,"Meulmeester,Luuk",-0.126116182697154
8298,"Vandan Alankar Sawai",-0.126215208757612
8299,"Zhang,Edmond Meng",-0.126242225136275
8300,"Sanjay Narayanan P S",-0.126270199895946
8301,"De Oliveira,Jairo Quintiliano",-0.126524524075486
8302,"Uzuner,TC",-0.126534471179761
8303,"Davidek,Zdenek",-0.126550720272719
8304,"Avram,V",-0.126555125477009
8305,"Rukovci,Shemsi",-0.12656162236337
8306,"Soto,Cristian Camilo",-0.126684359944764
8307,"Thapa,K",-0.126703922940628
8308,"Yatseiko,Khrystyna",-0.126714813301139
8309,"Garcia Garrido,E",-0.126773030663495
8310,"Bonnafous,M",-0.126782137309152
8311,"Laddha,Yash Jayesh",-0.126792557198339
8312,"Mehraliyev,Sahil",-0.126797530683312
8313,"Schulz,Jannis",-0.126815037707797
8314,"Boricha Yohan",-0.126830224599281
8315,"Eder,Alexander",-0.126914293418575
8316,"Andrade,Rob",-0.126930231490379
8317,"Coti,Alexandre",-0.126939779645316
8318,"Svadlenka,Dominik",-0.126941908532604
8319,"Neurohr,J",-0.126952389171126
8320,"Katpatal,Akshaj",-0.126959061823409
8321,"Tuson,Jon",-0.126976900761405
8322,"Krstic,David",-0.127026217447479
8323,"Verhalle,Elias",-0.127172085101586
8324,"Melvin,Bill",-0.12722428683482
8325,"Bashymow,Oraz",-0.127255680460732
8326,"Tomljanovic,Ivano",-0.127262896468274
8327,"Khouri,A",-0.127303576901084
8328,"Ren,Xiaoyi",-0.127324228357952
8329,"Yatsishin,I",-0.127430081260651
8330,"Sindler,M",-0.127438789653355
8331,"Romaris,Juan Martin",-0.127456996420789
8332,"Rodrigues,Le",-0.12750591558815
8333,"Murawski,Jan",-0.127520239003002
8334,"Muehlberg,F",-0.12762367906645
8335,"Voege,Tobias",-0.127635370466789
8336,"Winterauer,Maximilian",-0.127659890430806
8337,"Pan,Kevin",-0.127688550554115
8338,"Nilssen,J",-0.127717270523918
8339,"Bauml,Broderick Kenneth",-0.127765737289465
8340,"Zahn,W",-0.127824447568926
8341,"Slagter,D",-0.127843954668689
8342,"Stevens,C FRA",-0.127849108728435
8343,"Swapnil,Priyadarshi",-0.127865583598499
8344,"Mulay,Vivan Prakash",-0.127897581522617
8345,"Zulpikarov,Ruslan",-0.127980489922952
8346,"Djukic,Sa",-0.127999541548494
8347,"Loukopoulou,Lamprini",-0.12800713999559
8348,"Scheffner,A",-0.12805795052111
8349,"Karabulut,Etka",-0.128132740001369
8350,"Li Zhenyu",-0.12819490427225
8351,"Stoettner,Lukas",-0.128198071282238
8352,"Gantner,M",-0.128258245111511
8353,"Pasti,Anna",-0.128294914413273
8354,"Alizada,Eldar",-0.128316804024081
8355,"Kovalev,Konstantin",-0.128369085029008
8356,"Zobel,Christian",-0.128434134756891
8357,"Teo,Hong Ming",-0.128474600602547
8358,"Steenbekkers,F",-0.128542316079802
8359,"Vieira,Daniel",-0.128553067164712
8360,"Lenting,Roan",-0.128553703264378
8361,"Obon Temprano,S",-0.128625730448063
8362,"Van Dijken,R",-0.128774094592305
8363,"Schleipfenbauer,Bent",-0.128823385383031
8364,"Richards,Joshua",-0.128898450824111
8365,"Hari,Sriyansh",-0.12896071302498
8366,"Orazalina,Nursulu",-0.128981214305286
8367,"Sedykh,Mikhail",-0.129030091432613
8368,"Qian,Bobby",-0.129032722075345
8369,"Woozeer,Seth",-0.129036126240514
8370,"Cardozo,C",-0.129044462907287
8371,"Tucuch May,Jesus Alberto",-0.12909369614356
8372,"Buckley,G",-0.12911823402655
8373,"Saiti,Eldit",-0.129219232348869
8374,"Kariyawasam,S Thimansa",-0.129247712006026
8375,"Brusilovski,L",-0.129267528182676
8376,"Soham Roy",-0.129288185048308
8377,"Cheok,Oliver",-0.129292146216736
8378,"De Surrel,Henri",-0.129300328563818
8379,"Kuroda,Yunosuke",-0.129389137815102
8380,"Schramm,Luca",-0.129476177015623
8381,"Dunaev,Dmitriy",-0.129522464948022
8382,"Tzima,Despoina Anna",-0.129526877928128
8383,"Lissillour,Baptiste",-0.129592029626745
8384,"Martin Quiros,Manuel Federico",-0.129643692324773
8385,"Koskinen,V",-0.129652893001607
8386,"Golub,Nikolina",-0.129653480133966
8387,"Rodriguez Lima,Axel",-0.129665679778655
8388,"Ferreira,Angelo Augusto Pacheco",-0.129688696545648
8389,"Duris,I",-0.129712913259578
8390,"Topencik,Bruno",-0.129853099661549
8391,"De Balmann,Marc",-0.129897123151353
8392,"Pozzi,Gaetan",-0.129903844582229
8393,"Ovod,E",-0.129951283321294
8394,"Runge,David Pascal",-0.130124688623889
8395,"Van Zutphen,J",-0.130188513007119
8396,"Egorov,E",-0.130236648350146
8397,"Tsanas,Nikolaos",-0.130506453519821
8398,"Ouakhir,M",-0.130512661495304
8399,"Rijnaarts,S",-0.130523359746942
8400,"Kiremitciyan,Ari",-0.130543375865456
8401,"Moore,Ge",-0.13056858053067
8402,"Makaraci,Tunahan",-0.130608564873742
8403,"Eklund,J",-0.130613911862611
8404,"Shravan Sriram",-0.130614099479212
8405,"Mutyalapati,Modith Aaroh",-0.130630010119872
8406,"Kleeschaetzky,Rai",-0.130737993327861
8407,"Maras Sahejveer Singh",-0.130765524169749
8408,"Abrar,Reazul Ahnaf Mohammad",-0.130781972369416
8409,"Moskvinov,Prokhor",-0.130798634241656
8410,"Shemyakinskiy,Nikita",-0.130798714716415
8411,"Bytyqi,Arben",-0.130866976147145
8412,"Gundersen,I",-0.130898886464113
8413,"Amorim,Daniel Madson De Medeiro",-0.130939796305354
8414,"Vaupot,Kajetan",-0.130985826851051
8415,"Nikitakis,Michail",-0.131094360439509
8416,"Cetkovic,Stevan",-0.13113114288487
8417,"Pasztor,F1",-0.131148496896233
8418,"Bakos,B",-0.131149561911466
8419,"Rojas Cisneros,Kevin",-0.131160771161973
8420,"Gopalakrishnan,Kritin",-0.131162486911892
8421,"Pandey,Srishti",-0.131181524555394
8422,"Donocik,Jan",-0.131201118148858
8423,"Ivanov,Maxim",-0.131213238618782
8424,"Doychev,Ivan",-0.131215357081743
8425,"Garcia Escoda,Marc",-0.131445736336707
8426,"Staudacher,T",-0.131495823149596
8427,"Zuiderweg,E",-0.131568454114937
8428,"Vainovskaia,V",-0.131592795169122
8429,"Turicnik,V",-0.131597269679921
8430,"Beres,Tomas",-0.131673419077093
8431,"Moor,O",-0.131702362078355
8432,"Papadopoulos,Ni2",-0.131735045059143
8433,"Usobiaga Uncilla,Iker",-0.131817937514832
8434,"Zhang,Ruijia",-0.131864130652269
8435,"Glanc,Lea",-0.131900096551899
8436,"Jovanovic,ST",-0.131954168827657
8437,"Nikookar,Mahdi",-0.132008246004336
8438,"Herzog,Mar",-0.132044963411467
8439,"Caku,Kler",-0.132098581269178
8440,"Boeddeker,Henry",-0.132116423315119
8441,"Odenthal,Aidan",-0.132167516700678
8442,"Fedosov,Alexander",-0.132200265136133
8443,"Anirban Mondal",-0.132230457069011
8444,"Rupesh Reddy Y",-0.132331321378364
8445,"Haschke,Simon",-0.132366063122003
8446,"Wilson,Hannah",-0.132429752681694
8447,"Postlmayer,Jakob",-0.132507309284636
8448,"Ulaneo,N",-0.132533101556198
8449,"Chubar,V",-0.132558277211471
8450,"Savage,Matt Thomas",-0.132672195827715
8451,"Thienpondt,Mardoek",-0.132695392657709
8452,"Lee,Megan",-0.132713960799275
8453,"Makryniotis,K",-0.132746212731431
8454,"Prince,A",-0.132754568506659
8455,"Farra,Marc Anwar",-0.132796642360277
8456,"Reyes Penas,Sebastian",-0.132811100123202
8457,"Gallasch,Jonas",-0.132826610386473
8458,"Gallardo Fernandez,C",-0.132841855160595
8459,"Pathak,Raghav",-0.13288960720675
8460,"Dev Dharshan S",-0.132906249864772
8461,"Duan,Yinan",-0.132993754451831
8462,"Cabezas Ayala,I",-0.133028811613205
8463,"Havanecz,B",-0.133032068167141
8464,"Tenuunbold,Battulga",-0.133033572522528
8465,"Sensoy,Emir",-0.133059791438204
8466,"Di Meo,Quentin",-0.133094195094004
8467,"Formanek,M",-0.133100182528154
8468,"Wang,Jiyan",-0.133157157992751
8469,"Perez Garcia,H",-0.133197153534895
8470,"Stoimenidis,Dimitrios",-0.133205997561483
8471,"Silva,Pedro Gil Ferreira Da",-0.133210116100566
8472,"Hornas Flores,Francisco",-0.13321502826106
8473,"Popovic,Zo2",-0.133250032259683
8474,"Omelchuk,Volodymyr",-0.133276965748094
8475,"Simic,Dragi",-0.133329023699039
8476,"Jakab,Bela",-0.133344433331244
8477,"Roelandt,Andreas",-0.133390845629364
8478,"Nideroest,B",-0.133409615060691
8479,"Butti,E",-0.133463064765317
8480,"Safal Fazil",-0.133478068740849
8481,"Wang,Eric",-0.133531161886669
8482,"Sujkowski,P",-0.133569466248449
8483,"Kalinin,Dzmitry",-0.133571228351447
8484,"Fernandez Mayola,R",-0.133647337248196
8485,"Chaudhari,Ashish",-0.133674429590185
8486,"Bui Vinh",-0.133803083776381
8487,"Ercoli,Andria",-0.133812102417384
8488,"Tikhonovetskiy,Andrey",-0.133828868587026
8489,"Kuncoro,Leo",-0.133862152531032
8490,"Marochkina,Nadezhda Valerevna",-0.133866739811601
8491,"Midonet,Matthieu",-0.133902662110775
8492,"Golsefidy,Sepehr",-0.134004265620427
8493,"Arampatzis,Christos",-0.134013750731407
8494,"Garrido Collantes,Jose Manuel",-0.134055860574136
8495,"Lavergne,Guillermo",-0.134061113936845
8496,"Smart,M",-0.134074060246131
8497,"Bayram,Y",-0.134128699751507
8498,"Ribeiro Carrico,Victor Hugo",-0.134142925745629
8499,"Noguera Villalba,Vidal Samuel",-0.134246321906424
8500,"Skodras,Marios Konstantinos",-0.134263422490966
8501,"Zakaryan,David",-0.134352261646913
8502,"Eberth,Z",-0.134359898255984
8503,"Sason,Noam",-0.134378734075094
8504,"Tadevosyan,Levon",-0.134402678135337
8505,"Spuling,Arnold",-0.134443616988525
8506,"Moorhouse,Will",-0.134447092533654
8507,"Lawrenz,Denny",-0.134459955001225
8508,"Chikwati,Elvis",-0.134499802602322
8509,"Dignum,E",-0.134584553773508
8510,"Kartikeya Chunchu",-0.134627545720949
8511,"Gkonelas,N",-0.134670201613259
8512,"Miazhynski,Michael",-0.134675090470497
8513,"Toth,E",-0.134692702175578
8514,"Fil,Alkim Alper",-0.134738695922167
8515,"Naransolongo,Zorigoo",-0.134757980254392
8516,"Serra Canals,Oriol",-0.134805756358684
8517,"Verschoor,Scott",-0.134807060346456
8518,"Mendez Tovar,Yessica Yissel",-0.134876570541592
8519,"Galanis,Nikolaos-Panagiotis",-0.134893762871545
8520,"Ozcan,Ilker",-0.134935201639369
8521,"Rozanski,Mateusz",-0.134955876721927
8522,"Herman,Daniel",-0.134999187820074
8523,"Rijkers,Roman",-0.135042385922426
8524,"Steinkellner,Rudolf",-0.135091890942219
8525,"Rouast,Joseph",-0.135135201269446
8526,"Smetek,Michal",-0.135148634431174
8527,"Toussaint,Antoine",-0.135247486331846
8528,"De Witte,Stein",-0.135305979511014
8529,"Vrecion,Jiri",-0.135308391933992
8530,"Beck,T",-0.135316851542433
8531,"Swider,Pawel",-0.135385116337758
8532,"Raeva,E",-0.135470547966776
8533,"Etienne,Benjamin",-0.135507664731594
8534,"Abdulla,Murad",-0.135533421060175
8535,"Montevilla C.,Elias Alejandro",-0.135549678681095
8536,"Van der Eijk,Martijn",-0.135605871265112
8537,"Jancovic,P",-0.135606470478156
8538,"Dinesh,Abinav",-0.135612246324999
8539,"Montoliu Cervero,F",-0.135659551667782
8540,"Feistauer,Dirk",-0.135774341310638
8541,"Koepke,Elena",-0.135865750800806
8542,"Di Stasio,Giuseppe Danilo",-0.135875250308487
8543,"Drozdowski,Konrad",-0.135894609168301
8544,"Okhai,Shabir",-0.136014747545043
8545,"Orel,S",-0.13605453927126
8546,"Michelakis,E",-0.136070434351726
8547,"Vismay Sachar",-0.136081904563039
8548,"Stephan,V",-0.136145185318441
8549,"Widjaja,Luke",-0.136145572417942
8550,"Duong,Quang Bach",-0.136180708840726
8551,"Mohr,G",-0.136244952642491
8552,"Mladenov,I",-0.136290044428361
8553,"Van Stralen,Roy",-0.136317171282313
8554,"Neretljak,N",-0.136383532006592
8555,"Topalli,Ismet",-0.136394996648344
8556,"Fiebig,T",-0.136399952655104
8557,"Al Asmar,Remy",-0.136423278174165
8558,"Opeida,Artur",-0.136466885682938
8559,"Voiteanu,G",-0.136522082684498
8560,"Hamadeh,Sally",-0.136529791703765
8561,"Peetz,L",-0.136552349781316
8562,"Zhu,Pengxiao",-0.136590321536868
8563,"Pouw,M",-0.136632535829378
8564,"Ahlam Rashed",-0.136707606509563
8565,"Botea,David-Alexandru",-0.136824020102829
8566,"Reichardt,Thomas",-0.136836241181749
8567,"Vidit Sethi",-0.136845732334809
8568,"Thiran,Noe",-0.136889365883761
8569,"Oskarsson,Markus Orri",-0.136901485851009
8570,"Christensen,Jan1",-0.137056006717315
8571,"Carafizi,Vasile",-0.137072421282278
8572,"Mondorf,Karl-Josef",-0.137267392132804
8573,"Macedo,Felipe Cruz",-0.137272829490296
8574,"Tarraf,Tarraf",-0.137293738527916
8575,"Mrudul,Dehankar",-0.137299527810364
8576,"Raymundo,Deycy Daniela",-0.137307959043318
8577,"Los,S",-0.137359164028769
8578,"Akkaya,Atakan",-0.137370715217685
8579,"Ali,Mohaimen",-0.137416675824494
8580,"Van der Leij,A",-0.137442982742878
8581,"Spirkova,Marija",-0.137445946816462
8582,"Ibraimov,Baiel",-0.137517028911849
8583,"Amin",-0.13764013309875
8584,"Toculet,G",-0.137678142655188
8585,"Karim,I",-0.137809049526401
8586,"White,Nicole",-0.137860474934701
8587,"Turcsanyi,Vince Gergo",-0.137883232212531
8588,"Tuzov,Alexander",-0.137930209571794
8589,"Regue Farran,E",-0.137933109625246
8590,"Kiryttopoulou,Eleonora Kaisa",-0.138118001624031
8591,"Blazquez Gomez,M",-0.13812621468796
8592,"Sena,J",-0.138170756563082
8593,"Pardovicki,Duje",-0.13819861275534
8594,"Westenthanner,Paul",-0.138214274046726
8595,"Boersma,David",-0.138237960332393
8596,"Selimov,Ruslan",-0.138313362129462
8597,"Guliev,Gasan",-0.138430790084103
8598,"Sarakenidis,N",-0.138496796884406
8599,"Bleeker,Kasper",-0.138523428836586
8600,"Chernetskiy,M",-0.138547757547787
8601,"Kawka,Milena",-0.138571087628788
8602,"Medici,Simone",-0.138580833259482
8603,"Savicevs,Arsenijs",-0.138602983290517
8604,"Bomans,A",-0.138630515585712
8605,"Alonistioti,Sofia",-0.138652129608674
8606,"Meers,Hubert",-0.138690860691673
8607,"Shivika,Rohilla",-0.138855529083043
8608,"Gamez Matamoros,Andres",-0.138862968331453
8609,"Prakhar Tripathi",-0.138866798628157
8610,"Patlolla Indra Reddy",-0.138869362958533
8611,"Francois,Peter",-0.138892456618428
8612,"Frhat,A",-0.13892713322346
8613,"Vashisht-Pigem,Raman",-0.138989869810215
8614,"Bakija,Alan",-0.139030670438977
8615,"Roubert,E",-0.139043038810225
8616,"Pintor,S",-0.139053180368002
8617,"Tiwari,Shivansh",-0.139087597385403
8618,"Da Costa,Mariana Nara Santana",-0.139111074373778
8619,"Mueller,Fabian",-0.139128216520637
8620,"Benmia,Belhadri",-0.139140685507524
8621,"Hajduk,Mariia",-0.139150298157446
8622,"Vigdal,Per Kr",-0.139193259457423
8623,"Ozen,Ilhami Goktug",-0.139208777645708
8624,"Weirauch,Kevin",-0.139223629176385
8625,"Monteiro,Luis Felipe Furtado",-0.139238187254532
8626,"Ergazaki,Eirini",-0.139304027849143
8627,"Gorunescu,N",-0.139324273192194
8628,"Jursa,Branislav",-0.139567510153353
8629,"Cole,James",-0.139574534226414
8630,"Handley,Michael R",-0.139580841516649
8631,"Kukla,T",-0.139619222568782
8632,"Auribault,Louis",-0.139667432203686
8633,"Perez de Mendiguren Molina,Aimar",-0.139670240682781
8634,"Jaidambareesh N R",-0.139751144837307
8635,"Ratsma,Midas",-0.139758481016894
8636,"Mikic,Ivana",-0.139759773059433
8637,"Elangkumaran,Anumitra",-0.139861319281232
8638,"Urquhart,E",-0.139864572947076
8639,"Overeem,M",-0.139872903045143
8640,"Dimitrov,Ventsislav",-0.139941204513295
8641,"Almefalani,Abdulhay",-0.13995543998207
8642,"Samaridis,Konstantinos",-0.139992442700946
8643,"Langseth,Ulrik",-0.140010907148293
8644,"Santos,Rafael Ventura Dos",-0.140030543034372
8645,"Yaurov,Egor",-0.140067539674319
8646,"Bru Montoya,Pau",-0.140115116255141
8647,"Wang,Jeffery",-0.140147850647053
8648,"Verma,Shlok",-0.140217557721239
8649,"Saksham Wadhwa",-0.140316344617241
8650,"Rajanish,Adhvaith",-0.140358088553928
8651,"Dulger,Batuhan Ihsan",-0.140361770307086
8652,"Sugimoto,K",-0.140398521530773
8653,"Bakalarz,M",-0.140424242992033
8654,"Kymionis,K",-0.140437714292351
8655,"Tolmacevs,Romans",-0.140496278418253
8656,"Zurba,Jonas",-0.14067514468399
8657,"Rossa,Django",-0.140747425561435
8658,"Godamunna,Vinuli Sesanga Abeykoo",-0.140759517304566
8659,"Zhang,Ying Jun Xiong",-0.140780648971195
8660,"Morvekar,Kedar",-0.140797164458711
8661,"Mize,Dylan",-0.140798261437171
8662,"Cristofari,A",-0.14080662994134
8663,"Athanasiou,Soumela",-0.140872269677018
8664,"Mik,Tomas",-0.140927853057527
8665,"Kjoita,Torgeir",-0.140952069769269
8666,"Queisser,Jens",-0.140961979677655
8667,"Scholz,Christopher J.",-0.140969490400997
8668,"Sahin,Burak Doga",-0.141018633854113
8669,"Wegelin,R",-0.141025881796067
8670,"Vuckovic,Alek",-0.141102020654126
8671,"Ralison,Milanto Harifidy",-0.141105113539355
8672,"Brancaleoni,M",-0.14114549516262
8673,"Moysidis,Anastasios",-0.141148718097062
8674,"Bhavik,Ahuja",-0.141171736633409
8675,"Omland,Nils Henrik",-0.141176334814439
8676,"Cheng,Louis",-0.141241653501229
8677,"Gaurang Bhandari",-0.14126319400201
8678,"Hernandez,Ra",-0.141295358660927
8679,"Nerlich,Eugen",-0.141320216838998
8680,"Dragunov,Sergey Aleks",-0.141341372457624
8681,"Keohane,Ben",-0.141355915370262
8682,"Yelligedik,Murat",-0.141388745660464
8683,"Schippers,Philippe",-0.141420605211957
8684,"Pereira Vera,Henry Alberto",-0.141438304706393
8685,"Morea,G",-0.141461706436515
8686,"Mukazhanov,Mansur",-0.141578602480175
8687,"Bueno Gauna,C",-0.141668291227328
8688,"Arabiotorre Arbulu,Aitor",-0.141766940957864
8689,"Jashari,Ardian",-0.141794162070945
8690,"Zimmer,Elmar",-0.141844662054761
8691,"Md. Anisur,Rahman",-0.141928300995405
8692,"Su,Kevin",-0.141991356522478
8693,"Micottis,Dorian",-0.142005177740497
8694,"Fang,Kevin",-0.142091347781978
8695,"Lovric,Tit",-0.142104111176332
8696,"Osmanovic,F",-0.142106789843029
8697,"Walton,Paul",-0.142142503067668
8698,"Benko,B",-0.142168669965129
8699,"Bacus,Dharim",-0.142194184079627
8700,"Zamora Beamud,A",-0.142201357912391
8701,"Lam,P",-0.142222087877905
8702,"Alasseeri,Ahmad",-0.142281981228052
8703,"Buettner,Anton",-0.142286138616174
8704,"Margl,Roland",-0.142300000998921
8705,"Villiger,Jan",-0.142371231133137
8706,"Saad,Gabriel",-0.14245578887883
8707,"Jordan,Christina",-0.142463906174384
8708,"Christodoulou,Georgia",-0.142478649196631
8709,"Schut,Ha",-0.142567200851064
8710,"Silva Hernandez,JoseL",-0.142570509521363
8711,"Mueller,Petr",-0.142604933148497
8712,"Flasar,Jan",-0.142645744672783
8713,"Lachausse,B",-0.142657075482421
8714,"Pichenenko,Gabriel",-0.142680114230739
8715,"Maiorov,N1",-0.14281045960694
8716,"Diaz Vasquez,M",-0.142851836942856
8717,"Magi,Ramon",-0.14286647769845
8718,"Ramsdal,Jens Albert",-0.142869715573105
8719,"Molnar,Ga3",-0.142880225049208
8720,"Jun,Rudolf",-0.142912119877054
8721,"Alten,S",-0.142977346325592
8722,"Vladescu,Al",-0.14299518442151
8723,"Hehle,B",-0.143003107092139
8724,"Cho,Hung-Ling",-0.143080642470919
8725,"Tsolov,Aleksandar",-0.143123319286813
8726,"Grose,Kameron",-0.143296707724645
8727,"Niraj,S",-0.143362867872454
8728,"Israt,Jahan Diba",-0.143405871910525
8729,"Karademir,Bugra",-0.143523481243442
8730,"Lucas,Arthur",-0.143532600046432
8731,"Abu Hjeili,Karim",-0.143619018712503
8732,"Palla,G",-0.143634344916952
8733,"Rishit Sharma",-0.143763847166499
8734,"Phulpin,Theo",-0.143974613656485
8735,"Panagiotakos,N",-0.144030794127684
8736,"Gao,Linhao",-0.14416649767389
8737,"Laming,Ferdinand",-0.144295162407705
8738,"Babayev,Kamran",-0.144384612879502
8739,"Lathrop,Brad",-0.144411088498942
8740,"Reynolds,Anthony",-0.144414563070274
8741,"Buyukasik,D",-0.144469079683101
8742,"Vuelban,V",-0.144485590815259
8743,"Bachmann,Daniel",-0.144557565346623
8744,"Kaszas,K",-0.144577962527747
8745,"Tsuboi,E",-0.144591131102811
8746,"Mainka,Alwin",-0.144591233981033
8747,"Moretti,Thomas",-0.144600954272554
8748,"Serrahima Susany,Ramon",-0.144607142627221
8749,"Sosic,Zvan",-0.14463827442305
8750,"Novak,Va",-0.144712463331993
8751,"Feig,Frank",-0.144758744761902
8752,"Anacoglu,Cisel",-0.144822884388608
8753,"Yashmith Ram Chaikam",-0.144846334184982
8754,"Szegedy,Matyas",-0.144880083024398
8755,"Mierins,Emils Janis",-0.144925105096479
8756,"Latacz,Grzegorz",-0.144976495451922
8757,"De Reese,Elias",-0.145006890127618
8758,"Swiatlowski,L",-0.145018618889406
8759,"Brustkern,J",-0.145062930462969
8760,"Jodas,Daniel",-0.145080219325482
8761,"De Miranda,A",-0.145178671575228
8762,"Terpereau,A",-0.145237155567108
8763,"Stamna,Elisavet",-0.145288489807679
8764,"Bibikov,Yuriy",-0.145330658128733
8765,"Meszaros,Casey Ryan",-0.145347569866635
8766,"Simonyi,Z",-0.145382402907649
8767,"Fischer,R1",-0.145547046943299
8768,"Wongso,Steve",-0.145547341989816
8769,"Sagues,V",-0.145574108700679
8770,"Kennedy,Aden",-0.145604268387673
8771,"Suarez,Sebastian",-0.14562563668262
8772,"Bese,Irem",-0.145660548911115
8773,"Araya Fuentes,Cristian",-0.145663237650863
8774,"Mihic,Adam",-0.145755563788355
8775,"Bigonnet,J",-0.14579281949112
8776,"Alexopoulou,Eleni Th",-0.145797516564782
8777,"Hernandez Amura,Gilberto",-0.145858263209931
8778,"Naval Mit Vora",-0.145866641764145
8779,"Strahl,Christian",-0.14588270405691
8780,"Cordts,I",-0.145927896048043
8781,"Alonso Vargas,David",-0.14593654708851
8782,"Brasoy,A",-0.145950557696523
8783,"Miellier,Yan",-0.14599273916325
8784,"Fragkos,K",-0.146004079698458
8785,"Strebel,Beda",-0.146112950880591
8786,"Jelcic,Marko",-0.146132138162135
8787,"Evteenko,Yuliya",-0.146158334614738
8788,"Cojocari,Dmitri",-0.146222605563305
8789,"Williams,Elizabeth",-0.146223412572456
8790,"Tahaoglu,Ugur Barkin",-0.14623995677092
8791,"Meruga,Shanmukha",-0.146340959499574
8792,"Volkov,Dmitriy",-0.146368824119065
8793,"Tcheau,A",-0.146451761405307
8794,"Aden,Dagmar",-0.146500126051537
8795,"Karut,Kacper",-0.146510418835011
8796,"Berginas,S",-0.146540981601254
8797,"Saksham Upadhyay",-0.14666631250421
8798,"Andriienko,Artom",-0.146666621492404
8799,"Sakotic,Nikola",-0.146723448082709
8800,"Samant,Neil",-0.146755317429164
8801,"Suarez Rodriguez,Adrian",-0.146764388477541
8802,"Ghomi,Parnian",-0.146792562909043
8803,"Stoisavljevic,Sava",-0.146807655719786
8804,"Gathi,Donat",-0.146828330206271
8805,"Yang,Corey",-0.146950298459997
8806,"Pytlik,P",-0.146958450145398
8807,"Makri,Olympia",-0.147009546799715
8808,"Schuttevaer,Tim",-0.147052478782991
8809,"Cassam-Chenai,Antoine",-0.147101119013291
8810,"Silva,Guilherme Henrique De Mora",-0.147106410347895
8811,"Salomon Casali,Oliver",-0.147145578478922
8812,"Hovden,Hans",-0.147150735835926
8813,"Cummins,Finn",-0.147171683449079
8814,"Strete,Ciprian-Iulian",-0.14733265300998
8815,"Simoncic,S",-0.147399771453124
8816,"Meng,Xiangyu(QD)",-0.147436058342073
8817,"Gomez Anadon,D",-0.14744030113413
8818,"Pasztor,Lo",-0.14744961349781
8819,"Hamid,R",-0.147457085931468
8820,"Lapushnian,Maya",-0.147490289440316
8821,"Zaslavsky,Sergio",-0.147501725361333
8822,"Nunez Gregoire,Daniel",-0.147555174191796
8823,"Kilambi,Venkata Ananth Akshay",-0.147719907396992
8824,"Do Nascimento,Davi Alves",-0.147754401073907
8825,"Ponnio,Toni",-0.147822136810501
8826,"Ashvath Mittal",-0.147951148173673
8827,"Korcsek,Alexandru-David",-0.14801481944993
8828,"Staniczek,Kacper",-0.148035460042149
8829,"Neuwald,Johannes",-0.148097770082021
8830,"Bayarmaa,B",-0.148124736427973
8831,"Jiganchine,R",-0.14812774271421
8832,"Bednar,Milos",-0.148135725904206
8833,"Fang,Elbert",-0.148180913168257
8834,"Hoekman,Samuel",-0.148309910168741
8835,"Arul Prakash N",-0.148365126840543
8836,"Vujcic,Milena",-0.148416229107629
8837,"Kaplinsky,Santiago",-0.14843229668954
8838,"Narva,J",-0.148433080921212
8839,"Lesbekova,Assel",-0.148448173307277
8840,"Antoms,G",-0.148453001370408
8841,"Popovic,Dj1",-0.148614938977079
8842,"Burnett,J",-0.148617930285457
8843,"Goldbeck,Lars",-0.148620634425584
8844,"Bujupi,Fatmir",-0.148670342127603
8845,"Alvarez De Arcaya Esquide,Javier",-0.148753339411699
8846,"Si,Patrick",-0.148858597632058
8847,"Batbaatar,Bolor-Erdem",-0.148900391832459
8848,"Koehler,Noe",-0.148940795841359
8849,"Karamichos,Michail",-0.148999418605995
8850,"Heet Baldawa",-0.149072489496881
8851,"Markuszewski,Maksymilian",-0.14910042891411
8852,"Knowles,Chase",-0.149122080797004
8853,"Ge,Charlene",-0.149178013526323
8854,"Penttila,T",-0.149189662740183
8855,"Doran,C",-0.149191764731797
8856,"Kolodziejczyk,Boris",-0.149257411007446
8857,"Kvaternik,K",-0.14930787084889
8858,"Joshi Aditya Shripad",-0.149351392357162
8859,"Feng,Kuixiu",-0.149359459768104
8860,"Alexopoulos,Filippos",-0.149495810121497
8861,"Lach,A",-0.149579832360175
8862,"Rathbone-Jones,Ifan",-0.149699021976237
8863,"Bryant,T",-0.149706957603407
8864,"Biernacki,Mark",-0.149707738024615
8865,"Schnell,Simon",-0.149779548851762
8866,"Galstyan,David",-0.149854468399706
8867,"Sukyte,Kotryna",-0.149908792764283
8868,"Ignatescu,Ra",-0.149959063795895
8869,"Chekanov,Timur",-0.149959664432972
8870,"Cereda,L",-0.149973959275873
8871,"Mikhailova,I",-0.150075658035669
8872,"Nakata,Thifanni Harumi",-0.150112762720093
8873,"De Coverly,R",-0.150126735198097
8874,"Tasic,V",-0.150134640542066
8875,"Castillo Gonzalez,Thomas",-0.150185936070481
8876,"Shitiz Prasad",-0.150220236510128
8877,"Ashwath Narayanan P",-0.150283117185241
8878,"Vihaan Karthikeya N",-0.150309503878466
8879,"Wang,Ellen",-0.150387310409063
8880,"Alonso,Leonardo Espinha",-0.150401423805909
8881,"Rayan Merchant",-0.150423739907894
8882,"Zhang,Daniel",-0.150441687718323
8883,"Jaunooby,A",-0.150494102240686
8884,"De Boer,Bas",-0.150502569630054
8885,"El Zidan,Ghassan",-0.150524888778242
8886,"Schaefer,Sasha Milo",-0.15053779550958
8887,"Guzman Bujan,Ignacio",-0.150566402609394
8888,"Makhamadullaev,Mukhammaddiyor",-0.150586479474669
8889,"Tuerkboylari,Bahadir",-0.150594340720501
8890,"Hellebo,Trygve",-0.150605880797889
8891,"Troncoso Gutierrez,A",-0.150606820279922
8892,"Thrikawala,Chalinu Oneth",-0.150613893178846
8893,"Yahont,Ignatiy",-0.15063236166039
8894,"Akturk,Mustafa Deniz",-0.150636071115738
8895,"Kathit Nikhil Shelar",-0.150645548855221
8896,"Holt,Stuart",-0.150663645946562
8897,"Timmers,Lars",-0.150701684545509
8898,"Salvermoser,B",-0.150706895153152
8899,"Turel,Tugrul",-0.150794982836985
8900,"Sowa,Ryan",-0.150848523561903
8901,"Athanasopoulos,Georgios 45299",-0.15088060849845
8902,"Rojas Albores,Graciela Iv",-0.150976020041432
8903,"Toivonen,Al",-0.151012721952689
8904,"Shafi,Declan",-0.151138768396669
8905,"Wehrli,Tobias",-0.151151523430709
8906,"Robinson,Roland",-0.151174659402142
8907,"Beulen,M",-0.15120751062089
8908,"Assoum,Nour",-0.151209867289347
8909,"Umayan,Samantha Babol",-0.151211995838164
8910,"Cabarcos Baulina,Manuel",-0.151213084663428
8911,"Ataiants,Igor",-0.151227332580993
8912,"Veiga Ramil,Jesus Angel",-0.151241984647397
8913,"Hernandez Leon,S",-0.151243831415495
8914,"Rzap,Filip",-0.151268401069635
8915,"Aktamova,Zilola",-0.15127727140574
8916,"Grimm,D",-0.151397914478414
8917,"Ikwuka,Godsfavour Adeyi",-0.151429373311881
8918,"Asanbekov,Urmatbek",-0.151462445052333
8919,"Misiek,Stanislaw",-0.151537964775984
8920,"Frank,Anton",-0.151572525758118
8921,"Han,Qixuan",-0.151690598755915
8922,"Viala Merlot,Gabriel",-0.151693815845718
8923,"Siliceo Capilla,Alfonso",-0.151705412264165
8924,"You,Qingyi",-0.151752573354011
8925,"Verbruggen,Peter",-0.151812143053677
8926,"Moroianu,George",-0.151870189167861
8927,"Britez,G",-0.151924768843856
8928,"Peck,Malcolm",-0.151937286826092
8929,"Kolesnikovs,I",-0.151947519133248
8930,"Munte,Noa",-0.151973541603166
8931,"Herrygers,Rik",-0.151982515487336
8932,"Muthukumaran,Gurru",-0.152078769090979
8933,"Amarilla Ettiene,Ezequiel",-0.152093789450388
8934,"Zvereva,M",-0.152095543829962
8935,"Kepa,W",-0.152202984191707
8936,"Loiseau,Q",-0.152215231018569
8937,"Fu,Ziqing",-0.152229766725555
8938,"Caxita,Esperanca",-0.152301983942
8939,"Kresic,Vid",-0.152325616940994
8940,"Diaz Mino,Daniel",-0.152333846077264
8941,"Kretainis,K",-0.152345302569495
8942,"Nguyen My Hanh An",-0.152352478061998
8943,"Maddhav Abeer",-0.152427994336185
8944,"Tikhomirov,Matthew",-0.152473467521729
8945,"De Vries,Arjan",-0.152523749309044
8946,"Duong,Ralf",-0.152616587710001
8947,"Kolundzic,Dominik",-0.152641838468122
8948,"Van Boxel,Tamara",-0.152680316064108
8949,"de Vries,Anakin",-0.152737311698391
8950,"Ishaan Agarwal",-0.152805244547176
8951,"Vojinovic,Anastasija",-0.152808662441462
8952,"Qorri,Fatmir",-0.152863585738287
8953,"Gulbeyaz,Emir",-0.15292514857989
8954,"Sigfusson,S",-0.152979970319297
8955,"Szymkiewicz,Witold",-0.15299768016819
8956,"Rabin,E",-0.153029345015542
8957,"Teglas,B",-0.153053556021917
8958,"Johnson,Donald",-0.153103887652052
8959,"Kubanychbekov,Asyltay",-0.153172148634679
8960,"Furman,Bo",-0.1531937223219
8961,"Borrowdale,Graham E",-0.15337631005837
8962,"Rooze,J",-0.153445457052586
8963,"Garcia Gracia,Victor Hugo",-0.153466009603396
8964,"Pavan Karthikeya Varma Gunturi",-0.153471772391954
8965,"Asgrimsson,Olafur Sigurbj",-0.153507926532519
8966,"Pesic,D",-0.153539314917327
8967,"Namay Caceres,S",-0.153542982096415
8968,"Simek,P2",-0.15367201807947
8969,"Gomez De Segura Pereda,Peio",-0.153759783825134
8970,"Martinez Villar,Ju",-0.153810468451383
8971,"Engin,Onur Cinar",-0.153854526573537
8972,"Hurn,R",-0.153877766500867
8973,"Grbovic,V",-0.153901902906421
8974,"Kazmierowski,Tymon",-0.153946909454279
8975,"Timoshin,Andrei",-0.153979333330774
8976,"Horbal,J",-0.154042209835391
8977,"Blatny,P",-0.154047923497946
8978,"Ozsakallioglu,Akin",-0.154146284648405
8979,"Bochnicka,Vladimir ml.",-0.154260857848046
8980,"Isaia,Daniele",-0.15433043006184
8981,"Ter-Gevorkian,Giannis",-0.154367637623755
8982,"Christiansen,Jana-Marie",-0.154433606906538
8983,"Karakotsios,Konstantinos",-0.154455754168239
8984,"Boehme,Sebastian",-0.154456525587891
8985,"Medina,M ECU",-0.154488751286
8986,"Braeutigam,Katerina",-0.154550211046644
8987,"Lappalainen,Eemi",-0.154639949889557
8988,"Kuhn,Oliver",-0.154670620884814
8989,"Ano Pla,Gerard",-0.154679848988296
8990,"Svicevic,R",-0.154695875807899
8991,"De Boer,Robert",-0.154737677366479
8992,"Geirnaert,S",-0.154926632056882
8993,"Smit,M",-0.15493813360631
8994,"Van Coppenolle,Lander",-0.154990478319553
8995,"Stary,Simon",-0.154998024706657
8996,"Bach,Mar",-0.155254901462094
8997,"Robert,Mathias",-0.155257623224128
8998,"Beukema,Jasper",-0.155284392908705
8999,"Badrakova,Kseniya",-0.155573519240211
9000,"Aydemir,Umut",-0.15559401694787
9001,"Wiech,G",-0.155610596403177
9002,"Veskoukis,Konstantinos",-0.155623752732676
9003,"Biro,S",-0.155638444603236
9004,"Cretescu,Emma",-0.155654025263751
9005,"Moreno Lazarev,Haritz",-0.155718203516059
9006,"Anirudh R",-0.155879452539458
9007,"Lenz,Boris",-0.155959697327964
9008,"Aarush Sagar Shinde",-0.155991354117296
9009,"Sereti,Ioanna",-0.156101865662625
9010,"Vihaan Dumir",-0.156225359245392
9011,"Van Houtte,R",-0.156407538845496
9012,"Aliti,Arsim",-0.156451160401436
9013,"Atayan,Michel",-0.156451284153818
9014,"McCallum,Elliot",-0.156455401471169
9015,"Madeira,W",-0.156507258438821
9016,"Costantini,R",-0.156550931671313
9017,"Lau,Sau Ching",-0.156557226448113
9018,"Jansone,Melanija Luize",-0.15664530903099
9019,"Santana Jr,Luiz Francisco",-0.156706757372328
9020,"Stastna,Martina",-0.156762365910619
9021,"Ketzetzis,G",-0.156802411786222
9022,"Shaul Seidner,Liad",-0.156872706463796
9023,"Rezniks,Roberts",-0.156963380304839
9024,"Ruotanen,H",-0.157010957003046
9025,"Berlizov,Stanislav",-0.157025926749241
9026,"Pick,Freddie",-0.157094672902659
9027,"Demestichas,Petros",-0.157188555099163
9028,"Aditya Shardul Kadam",-0.157254795799805
9029,"Gao,Heye",-0.157293181073603
9030,"Kashyap Brijesh Khakharia",-0.157316478152396
9031,"Mazurkevich,Viktor",-0.157337113943725
9032,"Anacak,Hasan Gunes",-0.157417549568518
9033,"Coman,Mihnea-George",-0.157421420135227
9034,"Laimins,L",-0.157444551362281
9035,"Cazan,Mircea-Andrei",-0.157465790100789
9036,"Verga,Francesco",-0.157573562486094
9037,"Brynjarsson,Orvar Holm",-0.157753006592605
9038,"Vuckovic,Uros",-0.157800487056167
9039,"Archan,Elikya",-0.157804991191435
9040,"Magezi,Noah",-0.157821139172903
9041,"Mahua Vighnesh Deshpande",-0.157986763192973
9042,"Sinkar,Anagha Aniket",-0.158052866446047
9043,"Follana Albelda,Lucia",-0.158095060625882
9044,"Fragniere,T",-0.158139580337198
9045,"Vakada Sriram Jayin",-0.158228337001233
9046,"Rahman,SM",-0.158253517696195
9047,"Tesik,C",-0.158314513839509
9048,"Akshit,Kumar J",-0.158319912402458
9049,"Ibrahimli,Suat",-0.158459543566757
9050,"Andersson,Ro",-0.158496684161764
9051,"Rosa Neupavert,Alejandro",-0.158502813900627
9052,"Blackburn,J",-0.158515621387624
9053,"Movsesian,Julia",-0.158546149778678
9054,"Janjos,S",-0.158563026968557
9055,"Da Paz,Leonardo Gadelha",-0.158682508678312
9056,"Fernandez Madrid,C",-0.158700870382612
9057,"Vujatovic,Irina",-0.158760217237672
9058,"Green,Wesley",-0.158804385631445
9059,"Taran,Egor A",-0.15886144100229
9060,"Garde,Guillaume",-0.158883961934036
9061,"Kadam Arnav",-0.15889546241013
9062,"Drager,Jason",-0.158927241555463
9063,"Guerrero Cataldo,Juan Andres",-0.158943447074986
9064,"Balint,Vi",-0.159037666800062
9065,"Horikawa,Masaki",-0.159071914265157
9066,"Stephens,Ian Paul",-0.159119725066491
9067,"La Villa Rivas,Marlon Javier",-0.159219688193243
9068,"Masa,Alexandros",-0.159290363573737
9069,"Herrmany,Marius",-0.159307164146435
9070,"Bombek,P",-0.159310961653505
9071,"Kaushik,Madhav",-0.159439206239487
9072,"Szobi,G2",-0.159525226687916
9073,"Toroptsev,Kristian",-0.159612868363661
9074,"Ghorbanzadeh,Pedram",-0.159689280340682
9075,"Lednicky,M",-0.15970929243787
9076,"Jedlicka,A",-0.159719353899403
9077,"Kukelko,Alexey",-0.159724515589521
9078,"Ghersinich,Enrico",-0.159785245670464
9079,"Limnaios,Emmanouil",-0.159785324580805
9080,"Szabo,Marton Nandor",-0.159889790244315
9081,"Bosco,Giuliana",-0.159940706139311
9082,"Mrva,Mart",-0.159940825697483
9083,"Kovalsky,David",-0.159969187532398
9084,"Grigore,N",-0.15999582720473
9085,"Pichurko,J",-0.159999208941091
9086,"Binks,M",-0.160034603828273
9087,"Fiorido,G",-0.160101121492158
9088,"Tripathi,Pratyush",-0.160423788337065
9089,"Strnadova,Monika",-0.160557424434455
9090,"Provaznik,M",-0.16063824996818
9091,"Carbonell Sancho,Marc",-0.160645519293471
9092,"Cemborain Oricain,A",-0.160695642625117
9093,"Huseynova,Lala",-0.160934339525118
9094,"Peng,Xinbei",-0.160993255370902
9095,"Bas,Kateryna",-0.161291547047014
9096,"Emeliantsev,A",-0.161368386513323
9097,"Ainul Fikri,Aqilah Husna",-0.161567146450331
9098,"Bednar,Jan",-0.161589387188209
9099,"Ramoutar,Alan-Safar",-0.161613640957006
9100,"Takvorian,Sebouh",-0.16166564316263
9101,"Leung,Hao Ran",-0.161729390097714
9102,"Jimenez,Ju",-0.161744407806549
9103,"Thirion,M",-0.161753414782142
9104,"Azizov,Bekhroz",-0.161763313312682
9105,"McGillivray,Calum",-0.161970056380603
9106,"Grave,Jacob Templen",-0.16202609785221
9107,"Malditz,Dieter",-0.162054459377826
9108,"Field,Rowan Soraya",-0.162195088304769
9109,"Arhipov,Roman",-0.162280993055193
9110,"Jashari,N",-0.162322314907489
9111,"Trendafilov,Simeon",-0.162343001460791
9112,"Cogan,N",-0.162382931585013
9113,"Joly,Charlotte",-0.162391026965994
9114,"Widner,S",-0.162398544208174
9115,"Biela,Mikolaj",-0.162406761708954
9116,"Kusakina,Uliana",-0.162435456410853
9117,"Smeryk,Andriy",-0.162487366301221
9118,"Rzewucki,Jan",-0.162517865402407
9119,"Hasovic,R",-0.162632360991819
9120,"Mammadzada,G",-0.162640669547057
9121,"Zamar Kodelja,Jurij",-0.162690516443697
9122,"Hrebenshchykova,Yelyzaveta",-0.162711778935743
9123,"Sipic,H",-0.162761435239634
9124,"Filippova,Margarita",-0.162761962491019
9125,"Lin,Runchu",-0.162839655478227
9126,"Matsuyama,Koya",-0.162902154169213
9127,"Roubalik,J",-0.162956283086744
9128,"Kesireddy,Saikarunya",-0.163053931588406
9129,"Nivedita V C",-0.163070673462766
9130,"Khiryaev,Adam",-0.16308476024851
9131,"Aleidzans,Vadims",-0.163085470685133
9132,"Lundquist,Leif",-0.163088468411927
9133,"Petrovic,Danijel",-0.163126396468431
9134,"Hansen,Lars",-0.163215540876758
9135,"Garriga Cabrera,Joan",-0.163252951762723
9136,"Lakshit Pusri",-0.163284993664535
9137,"Mazonde,Bernard",-0.163321182024748
9138,"Teodoro,E",-0.163344941960744
9139,"Dicen,Elis Denele",-0.163346947803373
9140,"Yanko,Tymofii",-0.163383240911445
9141,"Tavernier,Loris",-0.163389524732182
9142,"Gouanelle,F",-0.163465687643706
9143,"Martinez Pla,Xavier",-0.163471493043672
9144,"Schenkelberg,Justin",-0.163487138177673
9145,"Gilles,F",-0.163496634307247
9146,"Veloso,Henrique Barbosa",-0.163537722444066
9147,"Egri,L2",-0.163537978692751
9148,"Ortiz Sanchez,Luis",-0.163691656199617
9149,"Soni Atharv",-0.163715072604162
9150,"Drakaki,A",-0.163757443339967
9151,"Bucci,A",-0.163761619073678
9152,"Lehtosaari,Mauri",-0.163765610025103
9153,"Yang,Larry",-0.163823433348232
9154,"Dylag,Emilia",-0.163836755219749
9155,"Trunz,Michelle",-0.164083557223745
9156,"Blok,Lukas",-0.164183241800802
9157,"Aliu,Besnik",-0.164270891700274
9158,"Mammadzada,Mammad",-0.164326081647351
9159,"Saad,Tarek",-0.164382669216356
9160,"Nechaiev,Matvii",-0.164383908706657
9161,"Hajicek,Matyas",-0.164419077452237
9162,"Anderson,Brendan",-0.164431121888546
9163,"Zhao,Kevin",-0.164507023405596
9164,"Schwarz,David",-0.164527022788935
9165,"Brion Lacherest,Nathan",-0.164571998443855
9166,"Pimenta,Heitor Castelar Britto",-0.164588442023174
9167,"Giaidzi,A",-0.164601621032568
9168,"Sivakumar,Nirvan",-0.16465071570758
9169,"Campagnolo,Fabiola",-0.164675403996295
9170,"Arias Igual,A",-0.164681576668637
9171,"Pshmakhov,Osman",-0.164751234943043
9172,"Dewi,A",-0.164833411612599
9173,"Kessler,Leo",-0.164866140043383
9174,"Babakekhyan,Artem",-0.16490848949944
9175,"Huang,Yuan",-0.1649227517767
9176,"Kosmas Lekkas,D",-0.164925349883875
9177,"Toole,David",-0.164995519752685
9178,"Md. Rabby,Salim",-0.165038684683447
9179,"Ozalp,B",-0.165090257398714
9180,"Hutchinson,N",-0.165099331032087
9181,"Garcia Cruz,Luis Manuel",-0.165110659829125
9182,"Lezzerini,Marco",-0.165115032162481
9183,"Karakatsanis,Nikolaos",-0.165156586642096
9184,"Broomfield,Daniel",-0.165246053308346
9185,"Daskevics,Va",-0.165334489172024
9186,"Karas,Eugenia",-0.165455076049107
9187,"Humbert,Arthur",-0.16545720869445
9188,"Aumann,Manfred",-0.165496808873984
9189,"Liashuk,Ivan",-0.165570234641426
9190,"Demsar,Maks",-0.165585495041124
9191,"Hummatov,Safa",-0.165608127909125
9192,"Parra,Luca",-0.165727613125598
9193,"Quinteros,Omar",-0.16575227248943
9194,"Garcia Romero,B",-0.165816701869104
9195,"Pironti,Francisco Ferrari",-0.165972887954843
9196,"Barta,Filip",-0.166097182989914
9197,"Puskas,Andras",-0.166126666684248
9198,"Snape,I",-0.166219574157212
9199,"Yati Agarwal",-0.166247260270671
9200,"Badamundi,Tapan",-0.166303060199616
9201,"Higashino,Tetsuo",-0.166307044505793
9202,"Boghi,Victor Almeida",-0.166329224757092
9203,"Cekro,E",-0.166349708806262
9204,"Newansa,M Esandi",-0.166360951237024
9205,"Harutyunyan,Safar",-0.16637455751255
9206,"Moisio,Miska",-0.166439096267028
9207,"Bouaziz,N",-0.166491511957399
9208,"Vlagiu,Alexandru-Andrei",-0.166575669826345
9209,"Md.,Na",-0.16661957962864
9210,"Wieckowski,Michal",-0.166677496464141
9211,"Galvan Anguiano,Victoria",-0.166815489896432
9212,"Nayanakheshan,Venukanan",-0.166931840857908
9213,"Saenger,Stefan",-0.167088125645376
9214,"Ly-Liu,Alexavier",-0.167089876118143
9215,"Jorajuria Mendoza,Algol",-0.167154784221147
9216,"Berg,Adrian",-0.167237272471001
9217,"Grozdanovic,Anastasia",-0.167445413816953
9218,"Prkic,Marko",-0.167459648282612
9219,"Fichter,F",-0.167500382464884
9220,"Ramkumar,Nikhil",-0.167573576706389
9221,"Turner,Lewis A",-0.167596936659615
9222,"Sahin,Sarp",-0.1676001532568
9223,"Plaskan,J",-0.167939045094398
9224,"Fronda,J",-0.167950570202681
9225,"Sertbay,H",-0.167983010006112
9226,"Bravo Freire,Aitor",-0.168030948578379
9227,"Alhejab,Meshal",-0.168087238445635
9228,"Wahlberg,Even Brodersen",-0.168221989916739
9229,"Nicula,M",-0.168224906637867
9230,"Burcu,C",-0.168414603760825
9231,"Zurnaxhiu,Xheladin",-0.168427878159024
9232,"Claverie,R",-0.16844979493096
9233,"Peeters,Alex",-0.16845236486207
9234,"Knuesel,Jolan",-0.168516018145692
9235,"Lackner,Klaus",-0.168568303926259
9236,"Berndt,Michael",-0.16862208698513
9237,"Hyatt,Jessica",-0.168701684245597
9238,"Toniolo,Samuel",-0.168762606570193
9239,"Andringa,Arjo",-0.168766188949341
9240,"Krylov,Philippe",-0.168778002001429
9241,"Malaviya,Bhakti",-0.168782614308643
9242,"Fang,Zelong",-0.168802752474905
9243,"Veselow,Zoe",-0.168832154640577
9244,"Vu Quang Quyen",-0.168851399570702
9245,"Wangluo,Joanne",-0.16890153957388
9246,"Kovacevic,Sasa",-0.16893487407659
9247,"Nguyen Thi Mai Hung",-0.168997039595083
9248,"Kurics,L",-0.169093319186581
9249,"Emmel,Bartosz",-0.169154951209273
9250,"Lee,Linden",-0.169172321790703
9251,"Salimova,Asal",-0.169269646304173
9252,"Bellon Lopez,JuM",-0.169280052370037
9253,"Hossam Mohamed,Adham",-0.16928161182896
9254,"Lonnqvist,H",-0.169299638496108
9255,"Sarode Aarush",-0.169313699436089
9256,"Prajit Ravishankar",-0.169317775810628
9257,"Benedek,Istvan",-0.169325652480937
9258,"Mayer,Gabriel",-0.169500047480068
9259,"Mironov,R",-0.169565262014087
9260,"Bochnickova,A",-0.169566396897223
9261,"Richmond,Frank",-0.169612583143602
9262,"Gurevich,Ar",-0.169616764322967
9263,"Haaziq S",-0.169673338082189
9264,"Palsson,H CAN",-0.169703472731981
9265,"Jankowiak,Tomasz",-0.169728981164034
9266,"Rolston,Daniel Haruma",-0.169730310963576
9267,"Van Dam,Nathan",-0.169738033186218
9268,"Keustermans,H",-0.169810827882828
9269,"Torales G.,Ivan Alejandro B.",-0.169888370900856
9270,"Bloch,Yarden",-0.169921821744847
9271,"Ozguner,Hakki Ata",-0.169996703777467
9272,"Swara Lakshmi S Nair",-0.170020218442996
9273,"Tornberg,Carlos",-0.170167831714951
9274,"Klevansky,Aron",-0.170222568922733
9275,"Shi,Roger V",-0.170280918799171
9276,"Vermirovsky,V",-0.170309211073537
9277,"Schartl,Magnus",-0.170489505808629
9278,"Ledger,D",-0.170515637999768
9279,"Geene,Joris",-0.170553071111865
9280,"Krasilnikova,Marija",-0.170607424050659
9281,"Suicmez,Alkan",-0.170630503732603
9282,"Rusakov,Jean",-0.170640796242802
9283,"Laizans,Aivars",-0.170648837564679
9284,"Veelders,Sarah",-0.170702415585683
9285,"Khamidov,Abdulla",-0.170720485861306
9286,"Capan,O",-0.170733241755354
9287,"Kezic,Andreas",-0.170790249386602
9288,"Yehamandram Sridhar,Yogeshwar",-0.170826678267799
9289,"Levi,Ed",-0.170841799755981
9290,"Morison,Julien",-0.170931216108095
9291,"Osipi,J",-0.170956192597875
9292,"Khan,N",-0.170975437966998
9293,"Klaeke,Gregor",-0.170995703390247
9294,"Privitera,F",-0.171070525593
9295,"Luethi,Walter",-0.171137539679999
9296,"Trzcinska,Wiktoria",-0.171201983617487
9297,"Chkhaidze,Ni",-0.171206227666417
9298,"Gremen,Tomas",-0.171208532092434
9299,"Pranav Pradeep Nair",-0.171256601417911
9300,"Ward,Cian",-0.171259741499979
9301,"Lorincz,Robert",-0.171418725070342
9302,"Enkhrii Enkh-Amgalan",-0.171431615443626
9303,"Toman,Ondrej",-0.171627368523323
9304,"Adams,Stephen",-0.171798785204141
9305,"Al Jarad,Kotada",-0.171851516058623
9306,"Manolopoulos,Christos",-0.171883589582606
9307,"Samuelsen,Kent Roger",-0.171921333827121
9308,"P. Komal Kishore",-0.171952614336226
9309,"Roselli,D",-0.171990107235005
9310,"Lee,Richard W Y",-0.172128705511691
9311,"Papadopoulou,Marilena",-0.17217783507814
9312,"Mihir Lal,D",-0.172253439978313
9313,"Karlsson,Roger",-0.172304879291112
9314,"Gricnik,Tine",-0.17230544994317
9315,"Weber,Benedikt",-0.172309780728397
9316,"Zeynalli,Alisafa",-0.172368585363757
9317,"Medhvansh Madeti",-0.17236870211566
9318,"Correa,Vitor Dias",-0.172380661671062
9319,"Lauda,A",-0.172413199921037
9320,"Cremer,K",-0.172468677959441
9321,"von Burg,Carl Alexander",-0.172477563889692
9322,"Ganeshram,Nirupa",-0.172507684263172
9323,"Faber,Ab",-0.172634673967679
9324,"Husek,Martin",-0.172648904714291
9325,"Usacheva,Glafira",-0.172676054724469
9326,"Dissanayake,Sathsara",-0.172689652600685
9327,"Bogaudinov,R",-0.17270250399023
9328,"Louhivaara,Jere",-0.172705918242514
9329,"Subas,Chakma",-0.172736768392671
9330,"Sahitaj,N",-0.172773927434895
9331,"Zanette,E",-0.172921369469751
9332,"Diakoumeas,Aristofanis",-0.172957480791997
9333,"Vecchio,Raul Antonio",-0.172995117720577
9334,"Jansen,Kay",-0.172995616043919
9335,"Vergelin Soler,Gabriel",-0.173063479649
9336,"Bevis,Noah",-0.17307640463841
9337,"Atoufi,P",-0.173096613063773
9338,"Leskovac,Nikola",-0.173142448441343
9339,"Silva,Odair Roberto Martins",-0.173305145392373
9340,"Gibaud,Elian",-0.17347270210366
9341,"Ivanov,George",-0.173476878610618
9342,"Ingram,Keith R",-0.173510994539484
9343,"Baudel,Simon",-0.173517089199681
9344,"Lacasa Diaz,Oriol",-0.173566207541686
9345,"Markstaler,Tobias",-0.173701523244233
9346,"Ivancescu,Bogdan-Andrei",-0.173725612670183
9347,"Shepherd,Tom",-0.173770555802118
9348,"de Graaf,Jurrian",-0.173916926577542
9349,"Lu,Yifan",-0.17399314953107
9350,"Farkash,Denys",-0.174025086742107
9351,"Petcu,Gabriel",-0.174060415346749
9352,"Pranav K P",-0.174064038659734
9353,"Kethan Reddy Nandyala",-0.174084107963366
9354,"Kloucek,Jindrich",-0.174091054812196
9355,"Cox,Tr",-0.17411414407472
9356,"Cloutier,Daniel",-0.174142154868485
9357,"Quarta,R",-0.174180507394464
9358,"Kunze,Martin",-0.174300008049064
9359,"QUICKPEN,Deborah Ebimobo-ere",-0.174445196801984
9360,"Silva,Lourenco Santa Clara",-0.174492145749037
9361,"Visser,Wouter",-0.174509504230768
9362,"Titus,Branco",-0.174542319181793
9363,"Uyttenhove,Pearl",-0.174597233511792
9364,"Ruben,Berend",-0.174709874357052
9365,"Romano,Guillermo",-0.174818564020809
9366,"Seferis,Georgios",-0.174933214865897
9367,"Rakotoniaina,Tiana Johanna",-0.174945053812367
9368,"Li,Jiahong",-0.175020570747559
9369,"Canino,Ruelle",-0.175039402607434
9370,"Bergsson,St",-0.175108883739962
9371,"Van Soest,Sjoerd",-0.175199844937073
9372,"Haselsberger,Armin",-0.175250883532856
9373,"Bekcioglu,Aziz",-0.17526517677843
9374,"Luong,Thao",-0.175360404749053
9375,"Gosh,C",-0.175496716252282
9376,"De Souza,Cristiano Gomes",-0.175500222502605
9377,"Xu,Jiarui",-0.175502269988526
9378,"Vukasinovic,S",-0.175570434003527
9379,"Obregon,Pablo",-0.175624788868392
9380,"Casares Contreras,Jose Gabriel",-0.175632217671297
9381,"Pirvulescu,A",-0.175649889308218
9382,"Nunes,Ag",-0.175743204812471
9383,"Bezuch,M",-0.175790540586945
9384,"Mrad,C",-0.175907689806812
9385,"Kobelev,Andrey",-0.175975369740816
9386,"Wenzel,B",-0.175978205711284
9387,"Flueckiger,Georg",-0.176013979564661
9388,"Mariam,Essa",-0.176158945157863
9389,"Hoffmann,Sabine",-0.176178250012845
9390,"Poci,Pedro",-0.176244529236395
9391,"Ranner,Stefan",-0.176335515330102
9392,"Skaric,D",-0.176410737417557
9393,"Hernandez Diaz,Paula Sofia",-0.176426204407789
9394,"Bujupi,Albert",-0.176430496309827
9395,"Jankowiak,Piotr",-0.176624517199901
9396,"Aliti,Rrahman",-0.176778188363486
9397,"Admiraal,Ruurd",-0.176821250341647
9398,"Palka,D",-0.176932624324405
9399,"Auer,Marcel",-0.176935599553074
9400,"Sadilek,P",-0.176977940927465
9401,"Peng,Zihao",-0.176995369385634
9402,"Carlsen,Christian Heen",-0.177000763505605
9403,"Rudman,Lev",-0.177013366233784
9404,"Hendriks,P",-0.177042567485874
9405,"Baran,Petar",-0.177083795693172
9406,"Minkovitch,Michael",-0.177135039984267
9407,"Blot,J",-0.177161152382359
9408,"Krupenski,Y",-0.177169393524898
9409,"Rastogi,Nayan Keats",-0.177253966508771
9410,"Peri,Jean-Christophe",-0.177255203841691
9411,"Fellegi,Z",-0.177256175297207
9412,"Guxho,Clirim",-0.177318091957836
9413,"Novikova,Galina",-0.177333303762806
9414,"Lampos,Charalampos",-0.177389861526358
9415,"Garcia Canals,Gerard",-0.177443925542577
9416,"Ziatdinov,R",-0.177453846454219
9417,"Sreekumar,Gayathri",-0.177487698227067
9418,"Swayham,P Das",-0.177533992696231
9419,"Jimenez Almeida,L",-0.177609284736694
9420,"Wong,Yen-Hsiu Elliot",-0.177675863789304
9421,"Arakhamia-Grant,K",-0.17767777181976
9422,"Enkhbayar,Genden",-0.177683781751982
9423,"Westerhoff,Ralf",-0.177687271141497
9424,"Sprenger de la Iglesia,Yevgeni",-0.177708560779987
9425,"Sampaoli,C",-0.177725552045138
9426,"Wadifa,Ahmed",-0.177753047082683
9427,"Jaeckel,Thomas",-0.177772956842561
9428,"Ghossoub,Anthony",-0.177807140726437
9429,"Mayer,Teun",-0.177825205860535
9430,"Hariharan,Shambavi",-0.178003657643659
9431,"Wright,Haakon",-0.178007057324142
9432,"Gadi,Varun",-0.178008577414997
9433,"Rebro,Damian",-0.178012123478402
9434,"Gvozdev,Timur",-0.17802120888773
9435,"Levitan,Judah Nathan",-0.178069090580575
9436,"Bayramalyyev Shyhmammet",-0.178184795023806
9437,"Kostin,Alexe",-0.178250799745074
9438,"Fries Nielsen,JO",-0.178303218584009
9439,"Kuenzli,Manuel",-0.178324652493232
9440,"Floris,Federico",-0.178342297051247
9441,"Adamovic,Nikola",-0.17834486288539
9442,"Li,Hui",-0.178471296513312
9443,"Liu,Jacob",-0.178484487678949
9444,"Blasko,I",-0.178486704667757
9445,"Monninger,M",-0.17853022415036
9446,"Hernandez Bermudez,Manuela",-0.178534884392279
9447,"Yao,Hanchi",-0.178541514533318
9448,"Westveer,Riny",-0.178559608622789
9449,"Paholok,Igor",-0.178753889443797
9450,"Caetano,Hugo Zanotti Mendonca",-0.178756173271707
9451,"Mohammad Sajid Bin,Zahid",-0.178829796245594
9452,"Karenza,Dita",-0.178835338740113
9453,"Vaz,Osvaldo Jose",-0.178871551322274
9454,"Bellincampi,S",-0.17888874049612
9455,"Jorgensen,D",-0.178953882642287
9456,"Bravo,Jose",-0.179039777305023
9457,"Rohde,M",-0.179223727768907
9458,"Ghnim,Abdulrhman",-0.179240505847658
9459,"Yakimenko,Alex",-0.179321352402087
9460,"Schaller,Didier",-0.179436369608524
9461,"Da Luz,Felipe Garcia",-0.179550251676514
9462,"Mahdian,Anousha",-0.179571552329585
9463,"Cirkovic,Mateja",-0.179748426832357
9464,"Avanesyan,Davit",-0.179894711928494
9465,"Eken,Atakan",-0.17997905435506
9466,"Dresen,U",-0.18002679825532
9467,"Tanmay Talin Behera",-0.180071920022765
9468,"Djurovic,G",-0.180196998213572
9469,"Knezevic,Ilija B",-0.180263574577299
9470,"Ranasinghe,O R Sithumi Uththara",-0.180284934606757
9471,"Hanini,Jacob",-0.180323478619298
9472,"Xiao,Chenyu",-0.180392328250262
9473,"Slavin,G",-0.180423766697979
9474,"Vidruska,Renate",-0.180437936903637
9475,"Panda,Gyorgy",-0.180441257505687
9476,"Medero Mino,Leon",-0.180445340561364
9477,"Belluire,Beatrice",-0.180521332869423
9478,"Torok,T1",-0.180610970933202
9479,"Istvanovszki,M",-0.180717215942098
9480,"Kathstede,G",-0.180836602690804
9481,"Ryabukhin,Roman",-0.180847743348229
9482,"Bail,Ellen Larissa",-0.18088856066743
9483,"Ilcic,Aleksa",-0.180958907013917
9484,"Martin,Nils",-0.181187780198548
9485,"Keerthi Kumar,Advait",-0.18123585008124
9486,"Hennerbichler,Dominik",-0.181467589004761
9487,"Kvachko,Anastasiya",-0.181482177259296
9488,"Atassi,Celine",-0.181497611402612
9489,"Mougenot,Sacha",-0.181565523320575
9490,"Maravic,Ivan",-0.181639207915804
9491,"Zivkovic,Ma",-0.181661685730441
9492,"Marino Bravo,Mi",-0.181662050689998
9493,"Kaiyrbekov,R",-0.181727079813579
9494,"Schneider,Math3",-0.181781150984816
9495,"Kenbeilov,Timur",-0.181797912489202
9496,"Yang,Daniel",-0.181805034272106
9497,"Petridis,Dimitrios Panagiotis",-0.181818740267233
9498,"Mensing,Adrian",-0.181922630383399
9499,"Enkhtuul,A",-0.181930531876126
9500,"Busch,Lara Sophie",-0.182036731845096
9501,"Martin Rodriguez,JoseC",-0.182091753778859
9502,"Wang,Youran",-0.182131947018239
9503,"Marusic,M",-0.182156724519993
9504,"Onslow,Alfie",-0.182180282041778
9505,"Pateraki,Kleopatra",-0.182208986483511
9506,"Cueto,Jo",-0.182454431470091
9507,"Aders,Maarten",-0.182596745463556
9508,"Kuhn,Clement",-0.182723008034832
9509,"Tsyhanchuk,S",-0.182746222058027
9510,"Meneses Arenas,Mikel",-0.18279239289093
9511,"Timmerman,G",-0.182810435550176
9512,"Jabbarli,Atilla",-0.182846087794017
9513,"Cech,Nicolas",-0.183022247035583
9514,"Boukhris Ferre,Y",-0.183023032833755
9515,"Gu Xiaobing",-0.183060591460338
9516,"Costantino,Claudio Emanuele",-0.183080634731112
9517,"Toma,Iustin",-0.183209943997815
9518,"Schwarzkopf,J",-0.183239078012657
9519,"Garcia Alvarez,Diego",-0.183275824584573
9520,"Sisman,G",-0.183286692307914
9521,"Blauhut,Holger",-0.183295975389394
9522,"Lentzos,Ioanis",-0.183333894638915
9523,"Bagwe,Gaurang",-0.183337412503979
9524,"Abo Bkr Mohamed,Hamsa",-0.183373397148973
9525,"Fujii,Chiaki",-0.183417192113283
9526,"Bruggeman,David",-0.183539736970694
9527,"Tong,Yiyi",-0.183570822684529
9528,"Tkachenko,Erik",-0.18360359682356
9529,"Guillemart,S",-0.183729219859761
9530,"Wright,James Douglas",-0.183729376663874
9531,"Bjarnegard,Henry",-0.183741252739307
9532,"Lund-Sorensen,Niels",-0.183805135940852
9533,"Gulden,Egemen",-0.183975374660307
9534,"Pack,James",-0.184035686654686
9535,"Moesching,Colin",-0.184049684547874
9536,"Stubbe,D",-0.184250120261873
9537,"Tatar Kis,S",-0.184273260843621
9538,"Ram Vishal Parab",-0.184336428978552
9539,"Akopyan,H",-0.184495158872885
9540,"Wilk,Clemens",-0.184497097679381
9541,"Braine,Harry",-0.1845228021108
9542,"He,Junchen",-0.184583184703665
9543,"Ivanov,Svetlen",-0.184673761211899
9544,"Vaidyanathan,Sathya",-0.184735388210036
9545,"Kazmerika,Anna",-0.184753285128036
9546,"Juhasz,Ba",-0.18478406452874
9547,"Potikha,Shelley",-0.184795525121541
9548,"Gaikwad Manas",-0.184814047299993
9549,"Kuhle,Heinrich",-0.184915076713131
9550,"Rybackova,Lucie",-0.18492745530614
9551,"Jendrowiak,Maciej",-0.184934457413683
9552,"Odabasi,Ruzgar",-0.184946744862255
9553,"Stan,Andrei-Mihaita",-0.185016033772363
9554,"Liu,Isaac",-0.185135845990879
9555,"Alzamil,Abdulaziz",-0.185136990843195
9556,"Samaksh Ashok",-0.185231081073122
9557,"Budjav,E",-0.185270549922996
9558,"Potluri,Saye Srreezza",-0.185291134707198
9559,"Doherty,Paul",-0.185309107855319
9560,"Jansen,Felix",-0.185378874904293
9561,"Kubicek,Daniel",-0.185426427059314
9562,"Fernandez Hernandez,A",-0.185443736041959
9563,"Boidiya,Sidi",-0.185471254660607
9564,"Alves,Anaclara",-0.185471274437927
9565,"Myall,Ivan J",-0.185506456747715
9566,"Kingsley,Elias",-0.185588852869814
9567,"Conde Mares,Vanya Briseyda",-0.185640154477441
9568,"McMahon,P",-0.185706450096835
9569,"Kaewpitakkun,Pantham",-0.1857400885156
9570,"Saveljevs,A1",-0.185862402194678
9571,"Gerasopoulos,Nikolaos",-0.185968613781229
9572,"Hegde,R1",-0.18607934571224
9573,"Anakok,Deniz",-0.186140862655286
9574,"Zheng,Lucas",-0.186190442777634
9575,"Terron Elena,F",-0.186339265344705
9576,"Sajanani,Vikas",-0.186423599417544
9577,"Di Fonzo,V",-0.186503827527805
9578,"Md. Samsul,Arefin",-0.186530107515212
9579,"Liu,Huaqi",-0.186786805982319
9580,"Lavogadae,Daniel Pereira",-0.18679568589919
9581,"Molnar,Lidia Emilia",-0.186975822528961
9582,"Giorgadze,Giorgi",-0.187018115951872
9583,"Gunzinger,Severin",-0.187079733574924
9584,"Podini,F",-0.187129483764261
9585,"Nagel,Y",-0.187186184050039
9586,"Bonauer,Stephan",-0.187238083048066
9587,"Rueda Rojas,Richard Alejandro",-0.187270288056697
9588,"Thevenet,Y",-0.18729710368489
9589,"Williams,R",-0.187461499986565
9590,"Keser,M",-0.187486051309881
9591,"Cordes,Jule",-0.187495426812621
9592,"Vinayak Singh Yadav",-0.187580888331152
9593,"Bertholee,R",-0.187589389580186
9594,"Veiga,Emerson de Sousa",-0.187593681599252
9595,"Lee,Miles",-0.187694988565665
9596,"Diaz Gonzalez Jardon,Shirel",-0.187742828602233
9597,"Meffert,M",-0.187791992795358
9598,"Santosh,Siddharth",-0.187864108056807
9599,"Trzeciak,Emilian",-0.187977413892721
9600,"Stralis,Georgios",-0.188019417542513
9601,"Eedle,Eric F",-0.188019579992552
9602,"Zavrakidis,Nikolaos",-0.188057615386499
9603,"Mytilinis,S",-0.188124650907494
9604,"Papai,Mate",-0.188262642906493
9605,"Torres Puentes,Camila",-0.188362947005449
9606,"Martinez Campos,Rita Hayelen",-0.188369999139591
9607,"Hamad,Bader",-0.188566490511548
9608,"Sauvin,J",-0.188664009771143
9609,"Noshin,Anjum",-0.18872251617225
9610,"Kane,Robert",-0.188728008821802
9611,"Szczepanek,R",-0.18875336472243
9612,"Kis,Tomas",-0.188846113327245
9613,"Sinz,B",-0.188966434506495
9614,"Malaric,Marko",-0.18897503188233
9615,"Altman,Joshua",-0.189087366930892
9616,"Abdullayev,Rustem",-0.189156613717377
9617,"Omnia Binta Yusuf,Lubaba",-0.189173236746236
9618,"Balajayeva,Khanim",-0.189338645817096
9619,"Hajjar,Ahmad",-0.189397256514423
9620,"Arnason,Unnar",-0.189427042426453
9621,"Kapoor,Satvik",-0.189430330252855
9622,"Perez Ocana,Jonathan",-0.189540277508133
9623,"Mateus,Mar",-0.189738069332764
9624,"Muthu,Kamatchi",-0.189755957537634
9625,"Mazilu,Stefan Fabian",-0.189826980024731
9626,"Bansal,Rohan",-0.189847985757849
9627,"Looijer,Dave",-0.18985265101217
9628,"Afantiti,Stavroula Chrysovalanto",-0.189852689409534
9629,"Akhayan,R",-0.190138483259224
9630,"Fanos,Haralambos",-0.190145318544889
9631,"Tsinaris,F",-0.190232517869403
9632,"Ellenbroek,T",-0.190285568658891
9633,"Krueger,Dietrich",-0.190305126902871
9634,"Winand,E",-0.190319909300314
9635,"Khadour,Ismael",-0.190367521412178
9636,"Botteley,Michael T",-0.190508530386512
9637,"Ferretti,Lorenzo",-0.190525240821311
9638,"Hrisomalis,T",-0.190733095480407
9639,"Dinesh,Kumar Jaganathan",-0.190744212844977
9640,"Cagara,P",-0.190800648564892
9641,"Leu,Dragos Stefan",-0.190804011177399
9642,"Paoli,G",-0.190848370111778
9643,"Raman Siddhardh B",-0.190855152710412
9644,"Ding,Zhiyuan",-0.190892289875176
9645,"Vardi,Daniel",-0.190962420341319
9646,"Winter Roach,A",-0.191074572239393
9647,"Hannigan,Jack",-0.191088644302613
9648,"Ruzaykyn,Oleksandr",-0.191125977616894
9649,"Zecha,Oscar",-0.191318468348268
9650,"Mierins,Eriks",-0.191329545364894
9651,"Akhmedova,Shohina",-0.191452501791969
9652,"Hoffman,Luc",-0.191464606241386
9653,"Gao,Raymond",-0.191481069929069
9654,"Ugarte Soto,C",-0.191502139886392
9655,"Papp,Bence",-0.191582962467942
9656,"Chval,Zdenek",-0.191676656112856
9657,"Chokbengboun,T",-0.191683116298017
9658,"Furnes,Harald",-0.19169148553363
9659,"Cella,G",-0.19171009085194
9660,"Akbarinia,S",-0.191755933472769
9661,"Heron,Donald",-0.191831955419882
9662,"Klim,Filip",-0.191893930776254
9663,"Cardi,Jean",-0.192053332110507
9664,"Vujovic,Viktor",-0.192082515470536
9665,"Abdukayumov,Alisher",-0.19220675582892
9666,"Fang,Kun",-0.192242461565456
9667,"Ramirez Gonzalez,Maria Jose",-0.192326475154893
9668,"Cordeiro,M",-0.192334281570626
9669,"Brejnik,Gustav",-0.19263821624538
9670,"Kovacs,Reka",-0.192723480546931
9671,"Meskauskas,Pijus",-0.192755738757054
9672,"Schveide,Fausto",-0.192785964470958
9673,"Basoglu,Y",-0.192846020656923
9674,"Pan,Zachary",-0.192906242291279
9675,"Csontos,Aron",-0.192928943452995
9676,"De Lima,Adriano Gaspar",-0.193081783897631
9677,"Webster,Alex",-0.193112058269147
9678,"Guerrero Almaguer,Dairenis",-0.193227215675402
9679,"Lowe,Felipe",-0.193438847050944
9680,"Dobrocmyslov,A",-0.193584871940076
9681,"Rabrenovic,V",-0.193585309724442
9682,"Aldeeb,Ahmed",-0.19360729335455
9683,"Strom-Engdahl,Alexander",-0.193669688686775
9684,"Bibilov,Alan",-0.193742094173995
9685,"Guan,Isabelle",-0.193789514938404
9686,"Papaux,Jeremie",-0.193899979970134
9687,"Krajewska,K",-0.193995048078777
9688,"Gijsen,William",-0.194125455872002
9689,"Bressac,S",-0.194370473396613
9690,"Bruhovich,O",-0.194401333321041
9691,"Bashirov,Kemal",-0.194402878631447
9692,"Berikkyzy Alanna",-0.194414477669478
9693,"Feijen,Niels",-0.194417698345917
9694,"Nematillakhonov,Nurmuhammad",-0.194459046757497
9695,"Platsaki,Evgenia Valeria",-0.194464936407998
9696,"Hejny,J",-0.194526356204398
9697,"Flaata,A",-0.194543471678662
9698,"Midy,Robin",-0.194602747622989
9699,"Latifi,Dionysia",-0.194635840633322
9700,"Beniosev,Daniel",-0.194755120575093
9701,"Ribeiro,Rodrigo",-0.194768399281348
9702,"Orshonova,Elena",-0.194773535312537
9703,"Arnav Kiran Dhamapurkar",-0.194794939808051
9704,"Elsness,Fredrik Valstad",-0.194849137541082
9705,"Maralappanavar,Omkar",-0.194864512555829
9706,"Ungureanu,Constantin-Gabriel",-0.194872579001084
9707,"Bosma,Ac",-0.194951036048487
9708,"Penesis,Dimitrios",-0.195073969841644
9709,"Kazimova,N",-0.195108405533419
9710,"Abak,Tuana",-0.195198615984733
9711,"Zhang,Ruixuan",-0.195201712516765
9712,"Owad,Jakub",-0.195242878442769
9713,"Claude,Jean-Pierre",-0.195333894182727
9714,"Kracht,Raphael",-0.195446757764141
9715,"Bryant,Harry",-0.195612997008486
9716,"Coronado Osorio,Sofia Abigail",-0.195700864859122
9717,"Kroon,Ivo",-0.195721326826355
9718,"Korkmaz,N",-0.195722330198324
9719,"Krogulski,Maksymilian",-0.19577230423308
9720,"Volkov,Olga",-0.195903545923544
9721,"Bhaduri,Neil S",-0.196019069256845
9722,"Srvatka,I",-0.196077738320558
9723,"Maes,Lander",-0.196077812847525
9724,"Ivashentseva,Dominika",-0.196200475277814
9725,"Gotti,Nicola",-0.196350012443216
9726,"Brozynski,Patryk",-0.196351800267748
9727,"Vyprachticky,D",-0.196373440732169
9728,"Denisenko,D",-0.196377324411446
9729,"Lichtmannecker,Daniel",-0.196398874900424
9730,"Kawuma,Patrick",-0.196428364213598
9731,"Bennett,P",-0.196448968269046
9732,"Ooi,Zhi Yang",-0.196566841016894
9733,"Mueller,Magnus",-0.196623428523992
9734,"Bajkovic,N",-0.196714681500493
9735,"Rohland,Michael Karl",-0.196883031461738
9736,"Gabr,Mohsen",-0.196899956198637
9737,"Bulgurlu,Okan",-0.197013413119765
9738,"Zozek,S",-0.197066578225157
9739,"Campbell,A",-0.197148503136876
9740,"Unver,C",-0.197176709464069
9741,"Kriti,Mayur Patel",-0.197237013742318
9742,"Sijaric,Alvir",-0.197493413014871
9743,"Plard,Axel",-0.197497365047726
9744,"Buchtova,Viktorie",-0.197574137197987
9745,"Hanewinkel,Martin",-0.197692828913322
9746,"Ekornasvag,Harald",-0.197699844453175
9747,"Viskelis,D",-0.19770214605661
9748,"Vaidyanathan,Kannan",-0.197729299577043
9749,"Sklavounou,Kalliopi",-0.197744053470964
9750,"Sobel,Michal",-0.197754864322655
9751,"Pimenta,J",-0.197865360639489
9752,"Tamas,Christian-Arrydan",-0.198033926843009
9753,"Tumanyan,Gor",-0.198054638327901
9754,"Feher,Ta",-0.198147278234151
9755,"Tang,Yiheng",-0.198150704569378
9756,"Kouvidis,Ioannis",-0.198247148788606
9757,"Gomez Fernandez,Fulgencio",-0.198280872273262
9758,"Rodriguez Gonzalez,Delvis F.",-0.198305022350842
9759,"Bekasov,Ivan",-0.19831963890553
9760,"Margarido,J",-0.198385430352014
9761,"Lazars,Krisjanis",-0.198426205160698
9762,"Danaci,Ege",-0.198517503293605
9763,"Kristbergsson,Bjorgvin",-0.198518114822256
9764,"Zaw,Ye Htut",-0.198534936696171
9765,"Khegay,Yuliya",-0.198643185373074
9766,"Potikha,L",-0.198703583607403
9767,"Singhai,Niklesh Jain",-0.198967244742238
9768,"Alivodic,Dario",-0.199429504233002
9769,"Velychko,Maksym",-0.199448629562719
9770,"Winter,Kevin",-0.19944884894153
9771,"Palliyage,Sethumlee Devhara",-0.199466714417499
9772,"Hasman,C",-0.199586956247811
9773,"Rashed Abubaker,Alhemeiri",-0.199650566218397
9774,"Nguyen Truong An Khang",-0.199708390925969
9775,"Alexikov,A",-0.199988488824268
9776,"Zach,Asif",-0.200093588242069
9777,"Kotsiopoulos,Panagiotis",-0.200201096238603
9778,"Nowak,L2",-0.200254662315269
9779,"Velikov,Nikola",-0.200328411604026
9780,"Hemam,Moulaye Brahim",-0.200702475962795
9781,"Ertan,C",-0.200910664341064
9782,"Polkovnikyan,Artem",-0.200947818429854
9783,"Bujnoch,R",-0.200965019132781
9784,"Dietzsch,H",-0.20110153466536
9785,"Fayad,Steven",-0.201112669736422
9786,"Muratov,Batyrkhan",-0.201121000448868
9787,"Ruddell,Solomon",-0.201135776342026
9788,"Inbhan B",-0.201163738498188
9789,"Bosch Valls,Leannet Mariah",-0.201319163301059
9790,"Alonso Castillo,S",-0.201434867678993
9791,"Xia,Miaoyan",-0.201550754299061
9792,"Sarasketa Irastortza,Oier",-0.201645344798896
9793,"Basha,Sedat",-0.201738266313525
9794,"Siennicki,Gustaw",-0.201786498195967
9795,"Melnyk,Vitaliy",-0.201822436944849
9796,"Nikolaou,Spiridon",-0.201913183014261
9797,"Bonin,J",-0.201959032628837
9798,"Cardenas Yebra,Antoni",-0.202119196486904
9799,"Andrade,I",-0.202123373121066
9800,"Rama,Tejas",-0.202195674192403
9801,"Lovcican,Tomas",-0.202212563772219
9802,"Kochavi,Dana",-0.202627376602918
9803,"Ozmen,Mustafa Lutfi Poyraz",-0.202643561247631
9804,"Sekulovic,Z",-0.202696325215787
9805,"Ferraz,Michel Liah",-0.202739738051629
9806,"Croese,C",-0.202785549462149
9807,"Hsu,Hsuan-Ming",-0.202793824917571
9808,"Lavilledieu,Lily-Mei",-0.202876754334068
9809,"Igaz,E",-0.202976641799905
9810,"Labrovic,Jakov",-0.203065381466581
9811,"Walley,A Clive",-0.203084976321983
9812,"Olsar,R",-0.203217727772377
9813,"Damjanovic,Radovan",-0.203514904308945
9814,"Demchenko,Svitlana",-0.203518713689878
9815,"Sajib,Das",-0.203530448295986
9816,"Comisso,Daniele",-0.203572013644741
9817,"Hollands,Maxim",-0.203745312519758
9818,"Kyparissopoulos,Spyridon",-0.203889595933167
9819,"Wu,Nathan Ping-Ying",-0.203900519018555
9820,"Velkov,Ilija",-0.203933561104554
9821,"Sheikh,Anum",-0.204075364053336
9822,"Kiss,Bali",-0.20408021438727
9823,"Akkus,Muhammed Ali",-0.204088908638986
9824,"Sauvageot Ledezma,Diego",-0.204209945718095
9825,"Briseid,Eskil Reikvam",-0.204312142733709
9826,"Rubinshtein,Kamilla",-0.20435112593078
9827,"Mysha Perwez",-0.204401721345024
9828,"Montiel,Angel Nathanael",-0.204416745432513
9829,"Duong Vu Anh",-0.204435750543831
9830,"Nanugonda,Vishva",-0.204522492877056
9831,"Chinmay Kowshik",-0.204539735577853
9832,"Dahl,Christoph",-0.204682243878527
9833,"Chubakov,Sultan",-0.204951662659386
9834,"Hng,Mei-Xian Eunice",-0.205000215013248
9835,"Didi,J",-0.205006066523242
9836,"Pikatz,Frank",-0.205013963957014
9837,"Milosavljevic,Marko",-0.205150004127704
9838,"Baisse,Rose",-0.205324994304194
9839,"Ehammer,Marcel",-0.205346348620215
9840,"Cabrera Moreno,D",-0.20540308955502
9841,"Khalifah,Khaled",-0.205535789875952
9842,"Vranckx,Oscar",-0.205537970976474
9843,"Tabernilla,Tyrhone James",-0.20556471782615
9844,"Pitschka,C",-0.20560716256
9845,"Heeres,Felix",-0.205658533666246
9846,"Stoica,Savas Marin",-0.205841155719815
9847,"Korzanova,Anna",-0.205943305456726
9848,"Yenil,Mucahit",-0.206031434815446
9849,"Nagaeva,Aliia",-0.206084609421766
9850,"Marin,Sam",-0.206095787313628
9851,"Gay,Lukas",-0.20611425254974
9852,"Lewandowski,Ra",-0.206138505293353
9853,"Leidorf,S",-0.206154152740996
9854,"Vojan,I",-0.206232097323661
9855,"Sobh,A",-0.206326654230455
9856,"Seres,B",-0.20647618665293
9857,"Zinnai,Graziano Matteo",-0.206508977997365
9858,"Rama,Merlin",-0.206556948291241
9859,"Elizee,Kaieem",-0.206621361808807
9860,"Wang,Yuxuan(SH)",-0.206667907452973
9861,"Corrigan,James",-0.206771223215865
9862,"Vea-Murguia Martin,Diego",-0.206816604351208
9863,"Mustafazade,Yusif",-0.206854303562929
9864,"Fayard,A",-0.206856736113391
9865,"Mariot Vaz,Joao Antonio Bertolu",-0.206873373978007
9866,"Thakersee,Akshay",-0.206927214535457
9867,"Arnal Iturgaitz,A",-0.206937708195577
9868,"Hedger,Alec",-0.20694025936181
9869,"Randjelovic,Nenad",-0.206987130406197
9870,"Nenova,Andzhelika",-0.20713139034127
9871,"Wheeler,Tim",-0.207230985688636
9872,"Nikhil,M",-0.207348189607024
9873,"Sieber,Bert",-0.207435648656396
9874,"Patel,Noshir D",-0.207494331696989
9875,"Bird,Joel",-0.207692461692581
9876,"Bajkic,Strahinja",-0.20770393344263
9877,"Liu,Liam",-0.207744015779244
9878,"Bellini,F",-0.208106974211446
9879,"Mateos Bernabe,Luis Javier",-0.208128004376519
9880,"Guillaumond,Matthieu",-0.208138074900546
9881,"Orman,Attila",-0.208173123065284
9882,"Katishonok,N",-0.208202013796591
9883,"Ermemis,Zehra Ece",-0.208235655302632
9884,"Sanchez Ibern,M",-0.208298096802864
9885,"Iderjavkhlan,Tumursukh",-0.208377483483395
9886,"Daniel,Hadar",-0.208451039864307
9887,"Sanchez Lopez,Keren",-0.208481193540017
9888,"Shvyrjov,I",-0.208523307806897
9889,"Koziak,V",-0.208545388768725
9890,"Beisteiner,Joachim",-0.208621643755527
9891,"Mihopoulos,K",-0.208660284958106
9892,"Aden,Keno",-0.208765849565612
9893,"Levacic,P",-0.208776109505168
9894,"Demir,M",-0.208909955869999
9895,"Geyler,S",-0.208921717018818
9896,"Lin,Yingge",-0.20897659816043
9897,"Morina,Shqipron",-0.208995239817105
9898,"Kouskoutis,Georgios-Alexandros",-0.209043486613337
9899,"Voutsas,Leonidas",-0.209126803165829
9900,"Alexeev,Alexe",-0.209188891845856
9901,"Hofstadler,Mario",-0.20919907965772
9902,"Mihajlovskij,S",-0.209376658468522
9903,"Guidi,Elia",-0.209401032497565
9904,"Kroeze,F",-0.209457808622501
9905,"Montiel Caceres,Helen",-0.209671844064462
9906,"Bilochenko,Matvii",-0.209709789696098
9907,"Kirchei,Viktoriia",-0.21001020154771
9908,"Sangma,R",-0.210055049090859
9909,"Ragnarsson,Heimir Pall",-0.210200235467312
9910,"Gregoric,Andraz",-0.210249585427958
9911,"Mittal,Advik",-0.210367773912307
9912,"Rahimi,Hamid",-0.210436389679317
9913,"Haldankar,Ameya",-0.21045195969655
9914,"Pantovic,D",-0.210452863496828
9915,"Luz,Jhonatan Rodrigues Da",-0.210575827428727
9916,"Tsarkou,Mikhail",-0.210684845410306
9917,"Van Amerongen,M",-0.210688981564212
9918,"Hansen,HansP",-0.210728646027676
9919,"Patel,Riddhi R",-0.210835369604546
9920,"Antonio,J",-0.210877962109547
9921,"Kang,Dorian",-0.210968842161262
9922,"Torzhkov,Andrey",-0.211060893595645
9923,"Priyanshu Das",-0.211287067338891
9924,"Nazli,Sertan",-0.211346400916947
9925,"Nihal Saheer",-0.211604501408396
9926,"Schartl,Kai Giso",-0.211704454197688
9927,"Knutsen,Oystein",-0.211777180812456
9928,"Jaiswal,R",-0.211828009294139
9929,"Quinn,Joh",-0.212002010478193
9930,"Yeager,D",-0.212011695731236
9931,"Sales Montealegre,R",-0.212098831504054
9932,"De Fassio,Davi Dos Santos",-0.212196175275338
9933,"Gok,Altay Erdem",-0.212238777707553
9934,"Gal,Andrej",-0.212307625864572
9935,"Hiermann,D",-0.21231439955539
9936,"Lainez Reyes,Isaac",-0.212328560999395
9937,"Ferro Martinez,Damian",-0.212381364290657
9938,"Faraone,E",-0.212444854764487
9939,"Nikolaou,G",-0.212445260895339
9940,"Abugenda,Nagi",-0.212473676866121
9941,"Baghdasaryan,Davit",-0.212510271680053
9942,"Bernardi,Alexandre",-0.21252536504855
9943,"Doll,Rebecca",-0.212529089447013
9944,"Daianu,C",-0.212648225057322
9945,"Ambrona Navarro,Himar",-0.212654178738942
9946,"Borsos,B",-0.212674097109689
9947,"Abbarin,Shabnam",-0.212679061199511
9948,"Mohannad,F",-0.212724472272485
9949,"Schena,Arthur",-0.212795287899607
9950,"Hurtak,Otto",-0.21288394471868
9951,"Beber,Anja",-0.212954283494493
9952,"Amangeldiyev,Meredgeldy",-0.212992705486501
9953,"Alekseenko,Mariya",-0.213064520815926
9954,"Trygstad,K",-0.213128661718977
9955,"Jordan,Theodor",-0.213222174298871
9956,"Sunyuktha,C M N",-0.213304719342096
9957,"Makrylakis,Iason",-0.213337135473289
9958,"Richardson,Alan",-0.213340363200672
9959,"Godry,Clement",-0.213360281678304
9960,"Leonardo,Franklin",-0.213601353280842
9961,"Smolinski,Wojciech",-0.213708583761506
9962,"Gardiner,Nina",-0.213772731471914
9963,"Ochedzan,Filip",-0.213792551830801
9964,"Schreiner,Toni",-0.213805224866996
9965,"Rughani,Mahin",-0.213837615946604
9966,"Ngangbam,Chingthang",-0.213838206688772
9967,"Birchmeier,Martin",-0.213903649763495
9968,"Pronin,Aliaksandr",-0.21390927583399
9969,"Adu,O",-0.21393952108285
9970,"Meylan,A",-0.214055865056876
9971,"Aalberts,Jos",-0.214107075056405
9972,"Suslov,Dmitrii",-0.214138253346845
9973,"Choullis,Agisilaos Georgios",-0.214212205806381
9974,"Reichardt,Jasper",-0.21423879462327
9975,"Mamchenko,Stepan",-0.214239578589307
9976,"Michelle Catherina,P",-0.214310344301026
9977,"Om,Nagnath Lamkane",-0.214335744850916
9978,"Zhi,Jingyi",-0.214351702478223
9979,"Sultan,I",-0.214436794105237
9980,"Andersen,Dag",-0.214559826236552
9981,"Osinovsky,S",-0.214575861144591
9982,"Frank,Po",-0.214621722650124
9983,"Kalus,Franciszek",-0.214734171635828
9984,"Vural,M",-0.214754145716493
9985,"Zarri,Philippe",-0.214809162899324
9986,"Schell,Finn",-0.214936386233288
9987,"Fodor,B",-0.214939897739854
9988,"Jamal Jameel,Mahmoon",-0.215075365293736
9989,"Mametev,Artem",-0.21515788784793
9990,"Silva,Juliana Figueira Theophilo",-0.215287246898609
9991,"Garabetyan,A",-0.215358158747562
9992,"Nguyen,Vi1",-0.21537079421334
9993,"Londhe,Svar",-0.215379121128769
9994,"Dzhaparov,Medet",-0.215416217715978
9995,"Soto Siles,Javier Isidoro",-0.215435177209961
9996,"Fan,Yupan",-0.215589126508284
9997,"Sananda R",-0.215662767535586
9998,"Reiss,Aiden",-0.215751683318733
9999,"Aryan Goyal",-0.215815742808154
10000,"Erece,Ece Alkim",-0.215935433528327
10001,"Pagan,Jonathan",-0.215977650349441
10002,"Rao,Anjaneya Sripathy",-0.216054336899217
10003,"Tvesha Ashish Jain",-0.216111116014365
10004,"Goldin,R",-0.21611725800863
10005,"Lorinc,S",-0.216144527133269
10006,"Hurtado Bahamonde,M",-0.216154617601545
10007,"Aleksic,Nen3",-0.216409237600931
10008,"Amundsen,Ask",-0.216435087582119
10009,"Venskaya,Nika",-0.216602542990506
10010,"Owezdurdiyeva,J",-0.216627134363742
10011,"Longson,Sarah N",-0.216643384895342
10012,"Gaw,Chloe",-0.216649036838577
10013,"Kurmanalina,Deniza",-0.216792289770104
10014,"Kanacki,Vuk",-0.216914899967853
10015,"Anandh,Vijay Srinivas",-0.216935595008391
10016,"Delgado Leon,Juan Pablo",-0.216972135582839
10017,"McLachlan,Matthew",-0.216973015968387
10018,"Nagybiro,Laszlo",-0.216987456157151
10019,"Jurisic,Zlatko",-0.216998170277636
10020,"Alaime,Maxime",-0.216998424571087
10021,"Jorritsma,Wander",-0.217145387943618
10022,"Cong,Yanbo",-0.217152128750729
10023,"Vaz,Ethan",-0.217152792631104
10024,"Den Roover,Nikolay Jorgensen",-0.217281666409628
10025,"Sericano,C",-0.217416361562158
10026,"Shih,Matthew",-0.21742971370204
10027,"Shioguchi,T",-0.217492271466055
10028,"Bayo Milagro,Alvaro",-0.217537474273991
10029,"Ramirez Garcia,J",-0.217551232617517
10030,"Yurchenko,Anton",-0.217716164777877
10031,"Farkas,Virag",-0.217746103351384
10032,"Wensink,Thomas I",-0.217781698187363
10033,"Spieker,Otavio Schmidt",-0.217797439833131
10034,"Alvarez,Mia Morena",-0.217811575548277
10035,"Cengel,Edibe Eylul",-0.217927913142429
10036,"Gafner,Lancelot",-0.217957158094094
10037,"Peng,Shiyang",-0.218023481979899
10038,"Dziuba,Michal",-0.218026445236864
10039,"Hrisafis,A",-0.218056864078749
10040,"Jodar Arias,M",-0.218066725707906
10041,"Maslova,Anastasiya Yar",-0.21818230839067
10042,"Zervas,Spyridon",-0.218338926920866
10043,"Langner,Robin",-0.218436534869774
10044,"Playa,M",-0.218447734947633
10045,"Szalai,K",-0.218741865044596
10046,"Skramstad,Oda Kofoed",-0.21875591897393
10047,"Tsiapko,Andrii",-0.218803094925944
10048,"Rzeszowski,Dominik",-0.218906599556784
10049,"Veiga,Jose Francisco R P Neves",-0.218944697030401
10050,"Gadasi,Noam",-0.218972932756357
10051,"Philipp,Mathias",-0.218999467635622
10052,"Alcantar Alcala,Edgar Joel",-0.219017855252039
10053,"Melamed,Daniel",-0.21903230216129
10054,"Gualpa,Carlos",-0.219069870301417
10055,"Koukoufikis,A",-0.219070830063155
10056,"Bezuidenhout,Roland",-0.219246912766995
10057,"Saadeddine,Adam",-0.21935836194039
10058,"Zamora Marquez,Alondra Sarahi",-0.219534026820347
10059,"Warnier,Yanis",-0.21960292842961
10060,"Bubnova,Uliana",-0.219792068623233
10061,"Bondarenko,Dmitry",-0.219802156640028
10062,"Bratu,G",-0.219875403153517
10063,"Savanth Krishnan R",-0.219924153692325
10064,"Milare,Tyron",-0.219958813048416
10065,"Brand,Thomas",-0.220335275877836
10066,"Moskwinski,M",-0.220367722140941
10067,"Yuan,Arianna",-0.22041255427055
10068,"Bestard Borras,M",-0.220458508995334
10069,"Lossie,Simon",-0.220507346252405
10070,"Jelic,B",-0.220552516295122
10071,"Kollias,Ioannis K.",-0.220680449225284
10072,"Barrientos,Er",-0.220912204224446
10073,"Ferrara,Enzo",-0.221047460662811
10074,"Donkeng Hussel",-0.221078415064784
10075,"Arav Vinod",-0.221147641794345
10076,"Isaac,Cristian",-0.221174158231673
10077,"Fascio Outerbridge,Arno Augusto",-0.221190033091552
10078,"Reverdy,Micah Fabrice",-0.221194937494622
10079,"Hapala,L",-0.221211428561334
10080,"Contreras Quintero,Brigit Vyany",-0.221326420568003
10081,"Laubscher,Anzel",-0.221394326434269
10082,"Steffens,O",-0.221400460736348
10083,"Jablonski,Piotr",-0.221432448789981
10084,"Cahen,Alexis",-0.221594249282851
10085,"Cecen,Kuay Kam",-0.221750578893609
10086,"Tsitimakis,Periklis",-0.221830184224756
10087,"Metiner,Yekta Efe",-0.221875580617121
10088,"Arce Balluerca,O",-0.221894089778511
10089,"Gulsoy,Mustafa Alpago",-0.22195125597359
10090,"Werkhoven,Maarten",-0.222016026281058
10091,"Odner,Aarni",-0.222044843494579
10092,"Andersen,Alec",-0.222073278225239
10093,"Yekeler,Kerem Sarp",-0.222210879884667
10094,"Daspres,L",-0.222257557382895
10095,"Wiebe,Isaac",-0.222514882629437
10096,"Novodvorskiy,Dmitriy Al",-0.22288284127813
10097,"Di-Vetta,Andrew",-0.222903010080066
10098,"Stroo,Kees",-0.222980422406093
10099,"Venkatesh Das",-0.223042071032789
10100,"Hrishin,Talukder",-0.223047925127611
10101,"Sadevich,Rachel",-0.223123811114607
10102,"Gerold,Alexander",-0.223146403246232
10103,"Rodriguez Rubio,Alex Steven",-0.223179196783547
10104,"Poeck,O",-0.223191455376285
10105,"Murati,Ramus",-0.223267906571168
10106,"Sniedziewski,Emil",-0.223282587245818
10107,"Nemeth,Zo",-0.223454086649767
10108,"Amat Davins,Biel",-0.223624238061733
10109,"Van,Overloop Samuel",-0.223678742144517
10110,"Wittko,Alexander",-0.223725698659551
10111,"Flis,P",-0.223761463186627
10112,"Aishwin,Daniel",-0.223770659675143
10113,"Tevasvoll,Svein",-0.223793889363449
10114,"Bihercz,G",-0.223824225277218
10115,"Riu Lopez,Sergi",-0.22403657373541
10116,"Gu,Yi",-0.224065807204489
10117,"Janukshan,B",-0.224073306819269
10118,"Bril,Le",-0.22422096919265
10119,"Levacic,D",-0.224286931773806
10120,"Kolat,Ata",-0.224491240444605
10121,"Anjulan,Ashwin",-0.22469036552645
10122,"Myhre,Asbjorn",-0.22469318013367
10123,"Dakic,Marta",-0.224697659696066
10124,"Maurstad,Astor Moe",-0.224701435077387
10125,"Semenenko,Dmytry",-0.224743257661498
10126,"Svoboda,Marek",-0.224804216155387
10127,"Hitka,Dominik",-0.224838352124841
10128,"Wieczorek,Z",-0.224895388056273
10129,"Deusa Ballesteros,Lucas",-0.224896396325014
10130,"Martynov,Aleksandr",-0.224990754124745
10131,"Chmura,Eryk",-0.225043552008575
10132,"Mardikian,Antranik Mardig",-0.225129755957209
10133,"Boronyak,A",-0.225194501684989
10134,"Kolmagorov,Alexey",-0.22520515418671
10135,"Orlic,Vukasin",-0.225220365588546
10136,"Pasula,Milos",-0.225490239975942
10137,"Doggers,P",-0.225634971211984
10138,"Jandric,D",-0.22564370650969
10139,"Aharsi Ghosh",-0.225648507444945
10140,"Baylav,Can",-0.225717638697225
10141,"Mehmeti,D",-0.22589704412755
10142,"Zakarian,Dimitrios Levon",-0.225908060590207
10143,"Uber Gracia,Hugo",-0.22640911985204
10144,"Arman Siddique",-0.226477040552087
10145,"Garcia Terry,Legna",-0.226483655065557
10146,"Koellner,Aaron Noah",-0.226498114533007
10147,"Nimay Agrawal",-0.226675552735912
10148,"Abarca Gonzalez,D",-0.226820457420761
10149,"Arixander Johny",-0.226901388084054
10150,"Asensio Ramon,Ismael",-0.226969329256646
10151,"Habiaga,Raul Adrian",-0.227077625821672
10152,"Prishita Gupta",-0.22727637969493
10153,"Madruga Natcher,Denis Daniel",-0.227455312742897
10154,"Rizzo,Tobias",-0.227489357256955
10155,"Metzger,C",-0.227719716241456
10156,"Zadrapova,Amalie",-0.227827844172539
10157,"Ge,Qiyan",-0.227872717946773
10158,"Quinn,Da",-0.227930038997329
10159,"Mazur,Ste",-0.227930090192055
10160,"Chkuaseli,Re",-0.227981573270438
10161,"Totonji,Kamal",-0.228003049968499
10162,"Akdogan,Alperen",-0.228145962652726
10163,"Volovich,Julia",-0.228323736954531
10164,"Girgis,Lazar",-0.228328172716872
10165,"Yang,Nan",-0.228401016571282
10166,"Fornieles Bretones,Antonio",-0.228406197717157
10167,"Lamprianou,Marianna",-0.228417152244207
10168,"Konstantinides,Savvas",-0.228442157822449
10169,"Luke Brezmes,C",-0.228462480886805
10170,"Mok,Yuen Tak",-0.228485552915624
10171,"McKenna,Joshua",-0.228494176675578
10172,"Bartels,Leonard",-0.22868046056711
10173,"Keusch,Patrice",-0.228680607762671
10174,"Oz,Ozan",-0.228749382557089
10175,"Anand,Sanjeev",-0.228969255959731
10176,"Macedo Salcedo,Sofia",-0.228973971339219
10177,"Kozlowski,Franciszek",-0.228989318616269
10178,"Ruge,E",-0.229190586925384
10179,"Moinzai,Khushal",-0.229366156711246
10180,"Misiano,F",-0.229397614687042
10181,"Nuri,M",-0.229440602770167
10182,"Gasiorek,D",-0.22954902646118
10183,"Qiu,Mengjie",-0.229567128545428
10184,"Nadir,S",-0.229661161581954
10185,"Trachsel,P",-0.22974915283344
10186,"Ilbasmis,Kayra",-0.229825708677497
10187,"Mazi Petric,Tjob",-0.229946030556083
10188,"Valverde Lopez,Francisco Leopoldo",-0.230016552162822
10189,"Das,Arp",-0.230126945500785
10190,"Matthes,Aaron",-0.230344068443941
10191,"Iglesias Ferreira,Andres",-0.230365599640876
10192,"De Souza,Joao Francisco Biz",-0.230411846426533
10193,"Routsi,Efthimios-Alexandros",-0.230419274354299
10194,"Cedriano,Mattia",-0.230528838192001
10195,"Franco,G",-0.230602353994484
10196,"Al Badani,A",-0.230643042010244
10197,"Markouti,Christina",-0.230699254852758
10198,"Rehak,Bozidar",-0.230816758753587
10199,"Iglesias,M",-0.230840092417549
10200,"Yandarbiev,R",-0.230870459565094
10201,"Faber,H FRA",-0.230929354735925
10202,"Alonso,Rap2",-0.230976631548663
10203,"Ilgililer,Bertug",-0.230993132084719
10204,"Brown,Akeem",-0.231225397036494
10205,"Levacic,Matej",-0.231333377171071
10206,"Shalai,Marian",-0.231371337766601
10207,"Mattes,H",-0.231419276466412
10208,"Khuslen,Erdenebayar",-0.231447742545274
10209,"Stehning,Ralf",-0.231483146142381
10210,"Gnanasekaran,Mithran",-0.231554335385209
10211,"Van Beek,Harmen",-0.231584172321659
10212,"Verner,Matej",-0.231915202425093
10213,"Brankovic,Vladislav",-0.231946248081898
10214,"Guerin,Juliette",-0.232009974927023
10215,"Rushbrooke,Remy",-0.232076419132576
10216,"Siddeley,H",-0.232229350507643
10217,"Briem,Gudrun Fanney",-0.232311687693311
10218,"John,Ryan",-0.232340963468201
10219,"Schoenfeld,Gabriel",-0.232356411412468
10220,"Bsat,Kinana",-0.232395680373403
10221,"Zidek,V",-0.23251324637455
10222,"Souza,Gustavo Horokoski De",-0.232553987452441
10223,"Frohneberg,Paul",-0.232601900559068
10224,"Duxbury,C",-0.232749569189266
10225,"Dounis,A",-0.232780728826203
10226,"Drennan,William B",-0.232858494761478
10227,"Sachi Jain",-0.232956375894173
10228,"Gomes,Maria Eduarda Papini",-0.233043898651283
10229,"Muromtsev,A",-0.233047970869935
10230,"Thai Ngoc Tuong Minh",-0.233083709997163
10231,"Doll,Aron",-0.23321087275495
10232,"Petzold,Johannes Julius",-0.233221225631687
10233,"Daksh Jain",-0.23323558345161
10234,"Gulecyuz,Deniz",-0.233305903902754
10235,"Herrera Pedroso,Alex",-0.23335938938167
10236,"Palomo Teruel,X",-0.233379183752331
10237,"Zebracki,T",-0.233474764484887
10238,"Kaneda,Eric Kazuichi",-0.233543170685396
10239,"Ahmed Hassan Ahmed",-0.233563344723721
10240,"Kok,Marijke",-0.233575325667114
10241,"Sterpu,C",-0.233624059189321
10242,"De Graaf,D",-0.233813674923883
10243,"Mayr,M",-0.233875198812952
10244,"Kalvaitis,S",-0.233915644303055
10245,"Vojtek,V",-0.233980022046836
10246,"Thomas,Roy",-0.234055902817417
10247,"Brandes,Stefan",-0.234092423273573
10248,"Calcado,A",-0.234127113954788
10249,"Gransmark,Patrik",-0.234148128299821
10250,"Cadjenovic,Dragan",-0.234205341102365
10251,"Mohota,N",-0.234219308558929
10252,"Salazar Gomez,Guzman",-0.234236489664259
10253,"Dotan,V",-0.23424828936615
10254,"Sardar,Rokonuzzaman",-0.234447119710069
10255,"Yu,Zhe",-0.234547872401683
10256,"Mustonen,Niko",-0.234567100067159
10257,"Tarini,Goyal",-0.23461560755068
10258,"Gazineu Neto,Rubens",-0.234775822733425
10259,"Ademi,Sa",-0.234780250596606
10260,"Ashton,Alannah",-0.234923288495005
10261,"Lipari,A",-0.234938898614111
10262,"Sanudula,K M Dahamdi",-0.234938902778149
10263,"Bulhoes,Benicio Rocha",-0.235046797962163
10264,"Kodithuwakku,K K Dinujaya",-0.23519362542575
10265,"Ziems,M",-0.235269161909034
10266,"Lapidus,Alexey M.",-0.235278867076179
10267,"Broly,Mathilde",-0.235280787001364
10268,"Yu,Yang",-0.235383087719225
10269,"Archibald,Mckenzie",-0.235670000417934
10270,"Kostic,Brani",-0.235695519382611
10271,"Antonova,N",-0.235755657976184
10272,"CXG Sphinx 40,Computer",-0.235760318541155
10273,"Toth,Tib1",-0.235801413152824
10274,"Tanvir,Alam",-0.235902004617407
10275,"Mousse Neto,Sebastiao Alberto",-0.235923640719716
10276,"Monpeurt,C",-0.235951074471307
10277,"Dmitriev,S",-0.2360507429926
10278,"Murray,Frankie",-0.236068297625279
10279,"Stoyko,Oleh",-0.236128475866759
10280,"Tan,Yi Rui Ray",-0.236151347059872
10281,"Amdouni,Z",-0.236291744866038
10282,"Essing,A",-0.236308734657765
10283,"Steinhauer,Artur",-0.236366074970785
10284,"Mueer,S",-0.236721629098413
10285,"Nesimovic,Kemal",-0.237001258641425
10286,"Lizak,Jakub",-0.237028796694776
10287,"Abdulkadir Mohamed Warsame",-0.237066223045202
10288,"Trygstad,Even Jatog",-0.237159666974954
10289,"Doolin,Nemhain",-0.237161484316635
10290,"Muller,Maxime",-0.237201513806181
10291,"Kobeissey,Jessica",-0.237203108040036
10292,"Baranin,Gojko",-0.237220464263435
10293,"Laurent,Ju",-0.237271052111128
10294,"Tsakonas,Konstantinos",-0.237419847898
10295,"Nugroho,Angel Ruth",-0.237814366969658
10296,"Lu,Weiyang",-0.237923226745621
10297,"Kiratzopoulos,E",-0.238093939768562
10298,"Skrzyczek,T",-0.238206709347358
10299,"Ahmed,Daniel",-0.238273841453242
10300,"Janik,Marek Tobias",-0.238392441337657
10301,"Zhou,Abigail",-0.238492365070943
10302,"Klas,F",-0.238743096139812
10303,"Tatar,Anna",-0.23875697698262
10304,"Chen,Qianyi",-0.23900572402731
10305,"Wankhade Sanskruti",-0.239069435770123
10306,"Rojas Reza,Yaretzi Elizabeth",-0.23921121413902
10307,"Cuevas Araya,W",-0.239318223656262
10308,"Artan,Tamir",-0.239424047893092
10309,"Jonnalagadda,Vishnusankar",-0.239464453298948
10310,"Faulhaber,Tobias",-0.239474384216427
10311,"Petschar,K",-0.239480460055597
10312,"Yildiz,Talat",-0.239612501039097
10313,"Rusiecki,Katarzyna",-0.239825664225694
10314,"Valiyeva,Asnad",-0.239846107176288
10315,"Selbes,T",-0.239846543352293
10316,"Skarlas,Vasileios",-0.240064957401257
10317,"Magura,Jan",-0.240111649967561
10318,"Gottumukkala,Ananth",-0.240156033293913
10319,"Shavkatov,Lazizbek",-0.240159605709378
10320,"Gilsson,Asmund",-0.240177770240527
10321,"Bulajic,R",-0.240238299697199
10322,"Shakya,Amin",-0.240247217150521
10323,"Mihalik,Ag",-0.240410842516486
10324,"Sahoo Stitaprangya",-0.240451320396785
10325,"Gorbenko,R",-0.24047269579431
10326,"Iolis,O",-0.240833992026485
10327,"Banasiak,Adrianna",-0.24089670094873
10328,"Giulian,R",-0.241348617307118
10329,"Diaz Guerrero,Jesus Daniel",-0.241410961350668
10330,"Tejnor,Martin",-0.241470431640152
10331,"Torres Teruel,Joan",-0.241549114998783
10332,"Hamidi,Amir Mohammad",-0.241702945946641
10333,"Deretti,Lucas Jurk",-0.241796699206376
10334,"Ordonez Alarcon,Daniela",-0.241817516946717
10335,"Railwani,Tavish",-0.241868323045291
10336,"Gonzalez Garrido,Oscar Daniel",-0.241942536327096
10337,"Sliwerski,R",-0.24195446904758
10338,"Hietanen,Herman",-0.242086899704522
10339,"Bohati,T",-0.242284601112198
10340,"Mestek,I",-0.242389361032066
10341,"Einarsson,H",-0.242437290826015
10342,"Bagishov,A",-0.242491990292539
10343,"Kavin Vijayakumar",-0.242542056061564
10344,"Martel Bruniaux,Malko",-0.242661909975367
10345,"Volkmann,Alexej",-0.242672268200134
10346,"Renczynski,Marcel",-0.24289589475294
10347,"Svetlov,D",-0.242959584941073
10348,"Gerbelli Neto,E",-0.243000968914297
10349,"Aynaoglu,Efe",-0.243070476986893
10350,"Siddharth,Sai",-0.243081076219909
10351,"Cundy,Mark A",-0.243099143024646
10352,"Risting,Eivind Olav",-0.243149388397828
10353,"Albores,P",-0.243161834421217
10354,"Jones,Steve",-0.243173348485326
10355,"Kern,B",-0.243350396384837
10356,"Liu,Zhengcheng",-0.243447076945699
10357,"Zarandieta Lopera,J",-0.243583198183314
10358,"Wu,Andrew",-0.243749544588293
10359,"Andries,Leia",-0.243860415904513
10360,"Mierina,Lauma",-0.244005585866375
10361,"Barrera Garcia,Fernanda Guadalupe",-0.244164286065345
10362,"Shestak,Darko",-0.244184550581895
10363,"Kakrana,Reyansh",-0.244246699519687
10364,"Elgabry,M",-0.244267071796781
10365,"Bhuvan Krishna Prasanth",-0.244384014631655
10366,"Haefliger,Patrick",-0.244414921801941
10367,"Moeller,Rainer",-0.244447482276995
10368,"Heyl,T",-0.244473563093239
10369,"Bjugn,Gisle",-0.244604778882039
10370,"Davies,Ni",-0.24461018874239
10371,"Sarkar,J",-0.244742264216939
10372,"Kowalski,Witold",-0.244763158715475
10373,"Wongsawan,Thoetsak",-0.244772853878573
10374,"Szabo,Ben",-0.245128586977009
10375,"Naren N,K",-0.245156082752815
10376,"Navarro Martinez,Victor",-0.24520247013929
10377,"Thoeny,H",-0.245304295151649
10378,"McKenzie,Kyriakos",-0.245318614262374
10379,"Dias,J",-0.245437175741096
10380,"Vasile,Matei",-0.245488056415818
10381,"Abram,Kristina-Maria",-0.245688426442071
10382,"Pavlovskiy,P",-0.245731052361023
10383,"Talsma,P",-0.245814178405965
10384,"Van de Vreede,Adrie",-0.245870868294207
10385,"Andersson,Bj2",-0.245915056011735
10386,"Gomez Tolentino,Iker",-0.245935836922248
10387,"Tesar,Jakub",-0.245949555778475
10388,"Kosmrlj,Aleksej",-0.246249748443596
10389,"Pol,Nico",-0.246257837125535
10390,"Deville,O",-0.246339676262245
10391,"Darwiche,Mohamad",-0.246672115770348
10392,"Huguet,S",-0.246698787175666
10393,"Palmer,Reegan",-0.246763122139418
10394,"Sharapova,Polina",-0.247033128796743
10395,"Weibel,Theo",-0.24708739079018
10396,"Eichenauer,Pascal",-0.247110036820011
10397,"Baillon,O",-0.247152928331793
10398,"Eroz,Enis",-0.24724868489351
10399,"Misthos,Alexandros",-0.247690804371673
10400,"Kelaskar,C",-0.247724751113526
10401,"Wiger-Nordas,Felix",-0.247909838369776
10402,"Clarke,Connor",-0.248052822471896
10403,"Dimitriu,C",-0.248230433176299
10404,"Laguna,Jorge Alberto",-0.248235942031831
10405,"Djukanovic,M",-0.248236588701555
10406,"Amreyev,Azat",-0.248438148624785
10407,"Monroy,C",-0.248460676509249
10408,"Aguin,Pablo Fabian",-0.248486823484527
10409,"Orazmukhammedova,Makhim",-0.248504764877244
10410,"Weijers,Ralf",-0.248589507556489
10411,"Naser Eldean,Ahmed",-0.248852644095444
10412,"Gruber,Manuel Christof",-0.248885096707998
10413,"Koudounis,Vasileios",-0.248896821197257
10414,"Taseen Rafique Tadavi",-0.248976028033237
10415,"Leorato,Imanol",-0.248978920331608
10416,"Erlendsson Weinert,Robin Peter",-0.249116912207975
10417,"Matute Escobar,Roxanny",-0.249222293361797
10418,"Young,Cohen",-0.24927713881614
10419,"Orzechowski,J",-0.249287965944758
10420,"Chyzy,Jakub",-0.249369813881936
10421,"Munshi,Aryan",-0.249459696266128
10422,"Berger,V",-0.249693259815802
10423,"Watson,Jacob",-0.249809517441666
10424,"Chantrell,Paul",-0.249933705451445
10425,"Harriott,Tyrell",-0.249941850976108
10426,"Squella Lavin,C",-0.250044132442976
10427,"Figuero Toro,J",-0.250097615175389
10428,"Asici,Poyraz Efe",-0.250112414881989
10429,"Salgovic,Simon",-0.250179764346813
10430,"Taskaya,Fesih",-0.250224667816797
10431,"Lomakina,G",-0.250608839391642
10432,"Rodrigues Mota,Romulo Cardoso S",-0.250657139150813
10433,"Schreiber,Ed",-0.250689770375308
10434,"Bartakke,A",-0.250839654946647
10435,"Hauer,A",-0.25093856802683
10436,"Germann,Elias Markus",-0.250983992531319
10437,"Puskasne Dr. Kisbodri,Cecilia",-0.251003997059758
10438,"Mahajan,Rushaan",-0.251052690841396
10439,"Lugaresi,Gabriele",-0.251126470042187
10440,"Olde,Grete",-0.251154588648529
10441,"Klopfenstein,Francois",-0.251169156830307
10442,"Ahnaf Rashid,Chowdhury",-0.251249145408351
10443,"Wezel,S",-0.251286277232765
10444,"Gonzalez Pabollet,J",-0.25137488769541
10445,"Anissimova,Mariya",-0.251580257165918
10446,"Melzner,L",-0.251655924474442
10447,"Fancy,S",-0.251746096637427
10448,"Hernandez,OsL",-0.251941908427747
10449,"Krish Ryan,Krishna",-0.251984816230346
10450,"Tsakiris,Nikolaos",-0.252177118696117
10451,"Gonzalez Mojica,Renan Arturo",-0.25233494238138
10452,"Auvray,J",-0.252392682868257
10453,"Bausys,Benas",-0.252529744595471
10454,"Jimenez Fernandez,Rebeca",-0.252531295026685
10455,"Legenia,Artem",-0.252549631030329
10456,"Pein,M",-0.252564645453171
10457,"Debmisra,Ariv",-0.25266361851953
10458,"Lares Flores,M",-0.252790488057759
10459,"Gligo,Marko",-0.253001592193566
10460,"Vicente,Matheus Dos Reis",-0.253059855327795
10461,"Xue,Tianhao",-0.253065863817611
10462,"Dirlis,N",-0.253091306235525
10463,"Azizoglu,F",-0.253113360617065
10464,"Kokeza,M",-0.253180068208545
10465,"Silva,Adriano Da",-0.253289656265552
10466,"Collins,Jonathan",-0.253314372936908
10467,"Kabyzhanov,Bulat",-0.253322831795709
10468,"Bulatovic,Draga",-0.253370587281973
10469,"Kirby,Oscar",-0.25359499035964
10470,"Eggenstein,F",-0.253682003988677
10471,"Gruzman,Ilya",-0.253730723020357
10472,"Mau-Asam,Leon",-0.253744607798311
10473,"Gioras,Ioannis",-0.253771544840111
10474,"Tzovanis,Anastasios Anagnostis",-0.253781134765653
10475,"Arias,R",-0.254002161351658
10476,"Schulz,M1",-0.254057000244346
10477,"Van de Groep,W",-0.254215454188187
10478,"Mu,Wangxueyao",-0.2544240121075
10479,"Diarte Caceres,Santiago Miguel",-0.254442543617923
10480,"Lim,Timothy Chien En",-0.25448210925601
10481,"Dishman,Matthew",-0.254484683062285
10482,"Dinic,N",-0.254511180375663
10483,"Chamba Guerrero,Salome",-0.254760055461159
10484,"Bax,Martijn",-0.255034396751999
10485,"Chompas,Vasileios",-0.255080773054644
10486,"Malamud,Lautaro",-0.255102197009869
10487,"Perosevic,A",-0.255190633915767
10488,"Garcia,Alv COL",-0.255370270287171
10489,"Machin,G",-0.25540655936777
10490,"Chaganti,Prahasith Reddy",-0.25557739158673
10491,"Tolmaceva,Alona",-0.256142004359408
10492,"Brudzynski,Wojciech",-0.256235583704604
10493,"Spicak,K",-0.256370391690217
10494,"Paiva,Henrique M A Albergaria",-0.256466566239294
10495,"Arjun Singh",-0.256468984723849
10496,"Lorigan,Maxim",-0.256474831733953
10497,"Kona,Vidip",-0.256531048655193
10498,"Auger,Anastasia",-0.256544843084658
10499,"Lampard,Alice",-0.256615764858936
10500,"Zhao,Ruoqi",-0.257065797574897
10501,"Garcia Cuenca,V",-0.25706760805706
10502,"Martynenko,Ivan",-0.257232353629489
10503,"Yagiz,Y",-0.257270948520781
10504,"Sickmann,Lisa",-0.257609506167293
10505,"Barwinska,Ewa",-0.257635018998575
10506,"Lugo,Bl",-0.257651885997227
10507,"Mavrogeorgos,Ilias",-0.257844879690538
10508,"Plamenac,A",-0.25802918316711
10509,"Kozelov,Roman",-0.258049890970455
10510,"Light,B",-0.258152982472548
10511,"Ren,Jesse",-0.258306822778621
10512,"Pragnya H G",-0.258491240144439
10513,"Lowinger,D",-0.258510877391603
10514,"Bringas Osuna,I",-0.258534173427799
10515,"Shurakov,D",-0.258681861386711
10516,"Qian,Ashley",-0.258718439103753
10517,"Kejzar,Petra",-0.258831738961412
10518,"Yang,Jixiang",-0.258902961746701
10519,"Vlassow,V",-0.258935382325528
10520,"Rempe,Jonas",-0.25910730381851
10521,"Engelberg,Sebastian",-0.259150393370243
10522,"Adasme Fredes,M",-0.259163833909036
10523,"Larregain,Sabrina Debora",-0.25917710761028
10524,"Pap,P",-0.259276750414797
10525,"Huber,Ru",-0.259317629610013
10526,"Kovacs,Veronika",-0.259482564756567
10527,"Levano Loayza,Adriano Jaffet",-0.259534319045673
10528,"Subramanian,Anusha",-0.259635012118343
10529,"Zmijanac,D",-0.259660605474815
10530,"Kiss,Laj",-0.259670968423836
10531,"Aaradhya Das",-0.259779248146119
10532,"Herpai,Jozsef Matyas",-0.259816358746233
10533,"Corte Real Neto,Cyro Pamplona",-0.25983139061282
10534,"Sitnic,A",-0.259867159145699
10535,"Yedidia,J",-0.260055267337933
10536,"Kondys,Piotr",-0.260119353759276
10537,"Kulik,Nicolas",-0.260176199499976
10538,"Rasch,H",-0.260203473595928
10539,"Perelygin,Mikhail",-0.260291312344195
10540,"Ledesma,Federico",-0.260318180901258
10541,"Nissinen,Niilo Man",-0.260345913606843
10542,"Nita,L",-0.260402622711446
10543,"Brozzoni,Gustavo",-0.260406298908128
10544,"Garcia Vidueira,Juan Carlos",-0.260501931431228
10545,"Mydlar,Matej",-0.260508497258258
10546,"Troltenier,D",-0.260544917017886
10547,"Mihailidou,Magdalini",-0.260712799618614
10548,"Kovacova,Z",-0.260851760073601
10549,"Brand,Lethicia Soethe",-0.26100300797162
10550,"Dos Santos,Leonardo Lopes",-0.261115733135956
10551,"Pavlov,Dmitriy",-0.261162275784743
10552,"Brandt,Carina",-0.261557251942941
10553,"Goeschl,Ortrun",-0.261707463918223
10554,"Aravindhan,Achyuth",-0.26171587234236
10555,"Cezar,Ricardo De Almeida",-0.262157751912425
10556,"Tso,Chi Wai",-0.262181474753034
10557,"Diaz Bermudez,Pedro Teofilo",-0.262287036707604
10558,"Garg,Priyansh",-0.262366812001578
10559,"Camacho Campusano,David Daniel",-0.262521966300071
10560,"Osmonbekov,T",-0.2625325991125
10561,"Huang,Xiaohe",-0.262542974596232
10562,"Nay,Lin Tun",-0.262805864311392
10563,"Shen,Zhiyuan",-0.262902351210965
10564,"Kalina,Leo",-0.263032763560602
10565,"Schain,R",-0.263151052626088
10566,"Zaccaria,Noa",-0.263176186236362
10567,"Ivanovic,Mila",-0.263269748921964
10568,"Azhar,Puteri Munajjah Az-Zahraa",-0.263318188797426
10569,"Aadithya R",-0.263359782602565
10570,"Akason,Aevar",-0.263373765072365
10571,"Frescura,Davide",-0.263495998847689
10572,"Hermannsson,Sigurbjorn",-0.263522158034188
10573,"Mashhadi Aghajan,Rayan",-0.263527915508409
10574,"Williams,John A",-0.263860052231164
10575,"Mi,Gufeng",-0.263992586951918
10576,"Jimenez Haneda,Naoki",-0.264241417416036
10577,"Da Silva,Joao Carlos Orguim",-0.264252372599383
10578,"Vershinin,Igor",-0.264326999558492
10579,"Akuratiya,A G Hansadie Aradhya",-0.264333873243868
10580,"Fernandez Siles,L",-0.264454387755844
10581,"Gueldenapfel,Thomas",-0.264629620215449
10582,"Adamovics,Aleksejs",-0.264733126820434
10583,"Kapsoulis,G",-0.264744413766643
10584,"Bociek,Piotr",-0.264781707508531
10585,"Naveen Kumar P",-0.264826470964502
10586,"Shivakumar,Akshath",-0.264836535314385
10587,"Liu,Junyi",-0.264889605120536
10588,"Kostoglou,Apostolos",-0.264952166231277
10589,"Sarwar,Adam",-0.264956374478158
10590,"Henderson de La Fuente,Andrea",-0.265010689840619
10591,"Brenke,A",-0.2651144255663
10592,"Rajanya Datta",-0.265386832432392
10593,"Linares Orellana,Hector Jose",-0.265627622855537
10594,"Taranenko,Evgueniy",-0.265661791343668
10595,"Utrera,L",-0.26567241395429
10596,"El Ghazali,Y",-0.265685449308274
10597,"Egli,Arnold",-0.265708661256154
10598,"Nunez Burgos,Moises",-0.265837482144797
10599,"Stankovic,Andrea",-0.265913870310601
10600,"Muhammad Daniel",-0.265946961717551
10601,"Kurowski,Andrzej",-0.265995414795203
10602,"Kostak,T",-0.266144683284504
10603,"Goswami,V",-0.26624471235625
10604,"Gomez Gonzales,Fabiana",-0.266264920493452
10605,"Van Tellingen,F",-0.266366176370427
10606,"Schaffner,D",-0.266474344430271
10607,"El,Hadji Saidou Nourou BA",-0.266517751954325
10608,"Figueroa Fernandez,Cesar Andres",-0.266533984850391
10609,"Zaslavsky,Boris",-0.266540880353087
10610,"Gonzalez Guedes,Iyan",-0.266580851264374
10611,"Lopusiewicz,P",-0.266581490728344
10612,"Melnyk,Yurii",-0.266628000520639
10613,"Verbovsky,Michal",-0.266706835963673
10614,"Stamenkovic,Petar",-0.266717084179548
10615,"Jackson,O",-0.267108021160933
10616,"Gibson,Ch",-0.267176368118067
10617,"Ben Jemaa,Munir",-0.267219354558475
10618,"Pigott,J",-0.267273390228018
10619,"Wang,Lezhi",-0.267411049221053
10620,"Suwendo,P",-0.267442257131822
10621,"Filindash,Nikita",-0.267442817556194
10622,"Skutta,B",-0.267607955407885
10623,"Hury,Tymoteusz",-0.267797485761451
10624,"Baer,Bruce L",-0.268146640017225
10625,"Jakhria,Kushal",-0.26827075961207
10626,"Vieira,Erico Vinicius Duarte",-0.268445490519188
10627,"Calvert,D",-0.269136135781625
10628,"Kovacs,Kristof",-0.269260892236678
10629,"Cordero,D",-0.269389700974323
10630,"Ragnarsson,J",-0.269592758222048
10631,"Valle,Lu",-0.269795040659126
10632,"Dao,Minh Nhat",-0.269825290195591
10633,"Yi,Ruiyu",-0.269889898636499
10634,"Marciniak,Leonard",-0.270070480213355
10635,"Barros,Gustavo",-0.270162340578092
10636,"Joubert,Dantelle",-0.270194374455815
10637,"Oskam,Caspar",-0.270358470345545
10638,"Checiak,K",-0.2703664880076
10639,"Subervi,J",-0.270384486686572
10640,"Qiao,Cindy",-0.270414940416437
10641,"Tesar,Daniel",-0.27043747566409
10642,"Wyss,J",-0.270623637016968
10643,"Melaugh,Gavin",-0.270670374390299
10644,"Assylkhan,Asiya",-0.270792160963399
10645,"Deme,Cheikh Sidy Mohamed",-0.270958082735573
10646,"Pouliart,Sander",-0.270973837056883
10647,"Katta,Sriansh",-0.271124826134635
10648,"Kohlman,R",-0.271374797835899
10649,"Weidenhoefer,Max",-0.271433943923488
10650,"Demenko,Olexandr",-0.271456321297417
10651,"Pride,Stephen C",-0.271588547856651
10652,"Sandalakis,N",-0.272028220595529
10653,"Mede,I",-0.272039750135577
10654,"Darshan G",-0.272069736687444
10655,"Bjornsson,Bjorn",-0.272160287630438
10656,"Yevchenko,A",-0.27218626905217
10657,"Amelunge Moreno,Oscar Alejandro",-0.272306268134056
10658,"Seifeddine,Ghazi",-0.272384534907785
10659,"Segura del Frago,I",-0.272551332757128
10660,"Cardenas Carbajal,Nilson",-0.272725017198155
10661,"Ye,Zhanting K.",-0.27281896633894
10662,"Moreira,Ron",-0.272932281409171
10663,"Leinov,R",-0.273027389366043
10664,"Sahin,Taha",-0.273043099065061
10665,"Pils,Martina",-0.273147104462727
10666,"Duran,Dario",-0.273276502592904
10667,"Yagiz,B",-0.273490855476541
10668,"Carrasco Rodriguez,Je",-0.27375640959193
10669,"Wang,Daniel",-0.273838306109278
10670,"Gospodinov,Lyubomir",-0.274297002715667
10671,"Navarro Canete,Facundo Javier",-0.274753756405636
10672,"Konduk,Bekir Sami",-0.274862768523146
10673,"Omnes,Tiago",-0.275091176306768
10674,"Kazi Zarin,Tasnim",-0.275159689313353
10675,"Varela La Madrid,Maria",-0.275196785663351
10676,"Debevec,Katarina",-0.275311011286938
10677,"Cave,Iwan",-0.27540974139422
10678,"Neves,Leonardo C B C De Almeida",-0.27543080690663
10679,"Dias,Clara",-0.275533538220613
10680,"Rath,A",-0.275644998737294
10681,"Kiryttopoulos,Panagiotis Aris",-0.27565898528249
10682,"Dvorkovich,Arkady",-0.275704099551279
10683,"Rak,T",-0.275747569657584
10684,"Ostojic,Milos R",-0.275774577768805
10685,"Shalamberidze,A",-0.275906568098819
10686,"Perera,B Yenuthi Sahanlee",-0.276246934819888
10687,"Stefan,Iulia-Cristiana",-0.27626219225243
10688,"Dauer,Andre Leonardo",-0.276420290247528
10689,"Ammar,Sedrani",-0.276437644709162
10690,"Cano Gimenez,V",-0.276461210651086
10691,"Apol,Luitjen Akselsson",-0.276486217988168
10692,"Stijve,Theo",-0.276489207319318
10693,"Samara,Vasiliki",-0.276509510053718
10694,"Weerawardane,R",-0.276551390572084
10695,"Chen,Yumeng",-0.276563152407119
10696,"Schuster,Reb",-0.27672167667637
10697,"Tazhimyrzaev,Elzarbek",-0.276805384606801
10698,"Simonovic,M",-0.276869709385319
10699,"Serafim Junior,Arnor",-0.277140798131535
10700,"Wojtaszewski,P",-0.277272438924702
10701,"Zaksaite,S",-0.277347285508262
10702,"Savignon Schmidt,Maxime",-0.277369224318177
10703,"Bekiari,Angeliki",-0.277671762314909
10704,"Ramirez,Melanie",-0.277758222104114
10705,"Goh,Jinghan Cameron",-0.277827439162021
10706,"Marjanovic,Alex",-0.277868146778166
10707,"Garcia Mtez de la Hidalga,Enriq",-0.277968676359296
10708,"Geher,Koppany",-0.278167802974256
10709,"Manso Lopez,Rosangela",-0.278276254710979
10710,"Coutts,Catriona",-0.278567073800499
10711,"Sivashankar,Samyukta",-0.27860039903713
10712,"Tscheuschner,Georg",-0.278682956282385
10713,"Turlej,L",-0.278823586330218
10714,"Alvarez Dominguez,F",-0.278905695141056
10715,"Hanmuradov,Uelwi",-0.278936472805919
10716,"Popovic,Do",-0.27897094005659
10717,"Krasniewski,Maciej",-0.279329042785839
10718,"Radnaev,Nomin",-0.27940022956712
10719,"Arulanantham,Aneet",-0.279405140128827
10720,"Klimchik,Alexandr",-0.27960554432925
10721,"Alakhverdiev,Araz",-0.279736567414705
10722,"Akcan,U",-0.279787919001519
10723,"Oviedo Acosta,Paula",-0.279814250457623
10724,"Lapcevic,Goran",-0.279882890990496
10725,"Frolik,Michael",-0.28008570564831
10726,"Gadek,M",-0.280344765625728
10727,"Chan,Na",-0.280409152851453
10728,"Katter,Katharina",-0.28049666140943
10729,"Rusev,K",-0.280509013499696
10730,"Majek,Kacper",-0.280653452927318
10731,"Tarasov,I",-0.280701874269439
10732,"Pruthu,Deshpande",-0.281010784137788
10733,"Tutuncu,Ali",-0.281047686833324
10734,"Barbaras,M",-0.281163373797446
10735,"Krasniqi,Troi",-0.281611694295143
10736,"Hon,Eric",-0.281758574411519
10737,"Mkrtchyan,Anahit H.",-0.281921877866858
10738,"Borsos,A",-0.282068628913427
10739,"Soppela,J",-0.282258326741419
10740,"Eger,Laura Luisa",-0.282291071720352
10741,"Pozdeev,Vladimir",-0.282303134935891
10742,"Ha,Yihan",-0.282360361735207
10743,"Vinter Schou,U",-0.282362857020539
10744,"Pimentil,Stephen",-0.282441738111989
10745,"Yunker,Alisa Genrietta",-0.282446538042376
10746,"Bigabylov",-0.282496784754854
10747,"Jai Prakash Vanum",-0.282523439928278
10748,"Mohd Afif,Ainul Mardhiah",-0.282529299669551
10749,"Shankar,Pranav",-0.282553489706631
10750,"Putar,Slavko",-0.282876325131765
10751,"Peixoto,Rudson Marinho",-0.282981919476125
10752,"Pardoen,Oscar",-0.283040144437515
10753,"Radil,C",-0.283110885974989
10754,"Vucenovic,Damian",-0.283173093718429
10755,"Descarrega Zacarias,Vanessa",-0.283180351395627
10756,"Stolzenwald,Frank",-0.283280032594628
10757,"Chinchilla,Alejandro Jose",-0.283716964480628
10758,"Chinguun,Bayaraa",-0.283805424730068
10759,"Jakob,Dominic",-0.28418122236634
10760,"Prado Oliveira,F",-0.284272132290502
10761,"Guindy,E",-0.284323236397299
10762,"Kis,L",-0.284447869124954
10763,"Cera Dagariya",-0.284464591062857
10764,"Safin Safarullakhan",-0.284655947148342
10765,"Gallagher,Brian",-0.284816834437687
10766,"Tripodi,Enzo",-0.284887536605522
10767,"Kolijn,David",-0.285416234063684
10768,"Zeihen,Matthieu",-0.285782168496418
10769,"Stoychev,Ognian",-0.28578914933981
10770,"Klein,Deniz",-0.285819759526783
10771,"Ekinci,Berkay",-0.285991150270892
10772,"Aminath Sara Haleem",-0.286026297761264
10773,"Sanan,Demirhan",-0.286086293746975
10774,"Hoornstra,Hans",-0.286125489870094
10775,"Halafov,I",-0.286156498433975
10776,"Valgmae,Toomas",-0.286179410780567
10777,"Bermudez Caamano,Ruben Santiago",-0.2862659427913
10778,"Bausys,Nikolas",-0.286297352777086
10779,"Ucoluk,Umut",-0.286437741054386
10780,"Karavitaki,Antonia",-0.286500085324197
10781,"Kelbas,Dariy",-0.286534077809752
10782,"Islam,She",-0.286661067798661
10783,"Gasber,Johannes",-0.286717643653402
10784,"Pratham Nayyar",-0.286746279344618
10785,"Vieito Ribelles,A",-0.286961309588839
10786,"Heinatz,G",-0.287057124178746
10787,"Burdielov,Illia",-0.287266222138999
10788,"Yisongbaiyile",-0.287412693799064
10789,"Garcia Cabrera,Elio Eddys",-0.288009635697625
10790,"Zapata Romero,Italo German",-0.288129094838117
10791,"Huseynova,Dinara",-0.288180456872734
10792,"Melendez Manuel A.",-0.288192826875947
10793,"Ruiz,Luciano Gabriel",-0.28878802024186
10794,"Uysal,Ugur",-0.288809040803914
10795,"Mahish S A",-0.288880515445202
10796,"Athvik M",-0.288916940989428
10797,"Perez Cruz,A",-0.289248464573489
10798,"Strasser,Rouben",-0.289332279528637
10799,"Fishman,Albert",-0.289402845291115
10800,"Cina',Vittorio",-0.28946983024688
10801,"Kowalczyk,R",-0.289635014366492
10802,"Yarullina,A",-0.289660003318922
10803,"Dolgova,Elina",-0.289930257679892
10804,"Chong,Jin Cheng",-0.289943344901328
10805,"Malakhovets,Sergey",-0.29004081540642
10806,"Lee,Addison",-0.290097297897841
10807,"Deladerriere,Calypso",-0.290572820983126
10808,"Olimova,Odina",-0.2905908218334
10809,"Can,Melih Kaan",-0.291063014412275
10810,"May Sanchez,Andres Elias",-0.291085039390039
10811,"Jakovic,Roko",-0.29111953035471
10812,"De Lomas Busquets,Alba",-0.291256908974844
10813,"Weise,Leopold",-0.291387726803289
10814,"Aiyan,Rahman",-0.291478888981042
10815,"Ladner,P",-0.291524993616385
10816,"Tzempelikou,Christina",-0.291722695829106
10817,"Casner,Didier",-0.291880936192509
10818,"Bruyatskaya,M",-0.291985960120755
10819,"Liu,Haoyu",-0.291996196207845
10820,"Meunier-Pion,Jean",-0.292132340654559
10821,"Amarathunge,Kosala Sandeepa Chamikara",-0.292223484794071
10822,"Ahmed Moustafa,Fares",-0.292342783854242
10823,"Volchkova,Alena",-0.292440570297719
10824,"Pieper,Roy",-0.292565737432008
10825,"Hardt,W",-0.292738092716347
10826,"La Barbera,Manfredi",-0.29279377549741
10827,"Zgadzaj,R",-0.29299520702131
10828,"Sequera Paolini,J",-0.29301693543303
10829,"Ilijas,D",-0.293136721694078
10830,"Singh,Shaurya",-0.293483352084253
10831,"Mridav M",-0.293590888586222
10832,"Manya Abhishek Drolia",-0.293596986976971
10833,"Neustroev,V",-0.293747569594144
10834,"Malik,Maciej",-0.29391322718844
10835,"Raiko,Yossi",-0.293953288159888
10836,"Vojtek,Pavel",-0.29398528307722
10837,"Chen,Qingze",-0.294075740536526
10838,"Boff,Ondrej",-0.294318893692336
10839,"Lippert,Daniel",-0.294393047685794
10840,"Sosef,Noah",-0.294519736304121
10841,"Makovich,Andrey",-0.294592401679909
10842,"Rajlich,Vaclav",-0.294635814418854
10843,"Malli,Shiivesh Sunil",-0.29476433706719
10844,"Brito De La O,Ricardo Gael",-0.294765648698192
10845,"Mindru,Valeriu",-0.294783568985177
10846,"Bodur,Asil Yanki",-0.294867194946838
10847,"Pranava Ravikumar",-0.294983378263348
10848,"Gorny,Wiktor",-0.295417239761543
10849,"Sherwood,Noelle",-0.295467755230804
10850,"Corona Monraz,Ramiro",-0.295477462933406
10851,"Gourav,Nigam",-0.295550070031983
10852,"Layhe,Simon",-0.295557695366231
10853,"Pikula,R",-0.295998450705036
10854,"Overtoom,Reinier",-0.296164460742394
10855,"Navarro Lopez Menchero,D",-0.296224317571975
10856,"Rubio,Lloyd",-0.296310540257873
10857,"Ciolacu,Alessia-Mihaela",-0.296349489657046
10858,"Mayeregger Gonzalez,Renata Valentina",-0.296406160036853
10859,"Cagliumi,R",-0.296465439971771
10860,"Taa Bakovich,Oliverio",-0.296874121923198
10861,"Milenkovic,Pavle",-0.296901709167018
10862,"Dolderman,Clara",-0.296946322694331
10863,"De Sousa,Antonio Micaias Silva",-0.29709851716177
10864,"Zuberoglu,Ibrahim Berk",-0.297113232903369
10865,"Konjevic,Nikola",-0.297135705983169
10866,"Morais,Thomas",-0.297272991256304
10867,"Bulatova,Kamaliya",-0.297281771773463
10868,"Shapiro,Dan",-0.297293096735129
10869,"Grigoryan,Meri",-0.297327812463277
10870,"Souza,L",-0.29741404947097
10871,"Jones,Graeme",-0.297416462752911
10872,"Blair,Michael",-0.297481299956263
10873,"Donchenko,Ekaterina",-0.297551050596814
10874,"Armaos,Michail",-0.298163992360773
10875,"Druzhinina,O",-0.298348788174356
10876,"Mountassir,Karim",-0.298470533111585
10877,"Niesyt,Michal",-0.298472312642439
10878,"Martello,Benjamin",-0.298477187885753
10879,"Gokturk,Murat Kutay",-0.298606749093471
10880,"Seppala,Joni",-0.298895196494462
10881,"Morales Flores,Monserrat",-0.299459294688299
10882,"Rodriguez Avila,Alvaro",-0.299513369767704
10883,"Gvozden,Nikola",-0.29951854225698
10884,"Xu,Sinan",-0.299570336287551
10885,"Saparya Ghosh",-0.299622506510101
10886,"Runic,Z",-0.299802589728703
10887,"Jacobs,Simon",-0.299823709254959
10888,"Almedina Ortiz,E",-0.29985482539924
10889,"Chelly,Yahya",-0.300343592740049
10890,"Feng,Jianxun",-0.300630538779643
10891,"Lopez del Alamo,An",-0.300781363317842
10892,"Divadalage,Sanya",-0.300868554799508
10893,"Shton,Roman",-0.300986575089561
10894,"Peng,Tianlu",-0.301052820013206
10895,"Ady,J",-0.30140543601517
10896,"Orrego Palermo,Marcelo",-0.301626216075261
10897,"Piotrowski,A",-0.301970767324372
10898,"Amber Gangwal",-0.302251016222068
10899,"Lorans,S",-0.302316228375094
10900,"Costache,Stefan",-0.30233356175162
10901,"Bellahcene,Jenna",-0.302427537380263
10902,"Lang,Simon",-0.302454047445215
10903,"Nguyen,James Le",-0.302684863649681
10904,"Orak,E",-0.302783342130885
10905,"Khoa,Goodwill",-0.302846753201731
10906,"Nolte,Joerg",-0.302852801813
10907,"Kostic,Mil",-0.302994368839802
10908,"Buzbuchi,I",-0.30325694677063
10909,"Van Brummelen,Kevin",-0.303323026489925
10910,"Oishik Mondal",-0.303496344527974
10911,"Valpas,Jami",-0.303637213411875
10912,"Danada,T",-0.303643160410252
10913,"Clavero Santos,R",-0.303661435061786
10914,"Nauanova Zhaniya",-0.303765827746852
10915,"Hobson,Kenneth",-0.30379588979864
10916,"Li,Adam",-0.303909824807585
10917,"Toroptseva,Yevheniia",-0.304027273470228
10918,"Rodriguez,Cristian A.",-0.304047393476091
10919,"Ejsymont,Blanka",-0.304179299455882
10920,"Pournami S",-0.304235407932921
10921,"Wydmanski,Szymon",-0.304392009059628
10922,"Aadya,Gupta",-0.304468201063954
10923,"Makke,L",-0.304500974094503
10924,"Rama,Bajram",-0.304687771582879
10925,"Notz,Lukas",-0.304841034511886
10926,"Matar,Felipe Jalil",-0.304872632583253
10927,"Hou,Yanziyue",-0.305067150903305
10928,"Jimenez Ortiz,G",-0.305127313018507
10929,"Shirazi,K",-0.305639794910975
10930,"Pitzschel,Joerg",-0.30578767649491
10931,"Ebosse Kingue Victor Patrick",-0.30582431790024
10932,"Pomares Munoz,Ruben",-0.305947521660245
10933,"Andhin,Chethanah",-0.305973642726991
10934,"Roldan Luna,Oscar Jesus",-0.306101909767755
10935,"Yun,Hungi",-0.306224002057975
10936,"Alcazar Jimenez,J",-0.306695084124521
10937,"Gombac,Jan",-0.30675992968441
10938,"Pisan,Kai",-0.307018898222834
10939,"Garcia Castellote,D",-0.307303563189765
10940,"Anhwere,Bernard",-0.307458311681462
10941,"McDonald,Jhustice-Dimonte",-0.307478144061536
10942,"Andriasian,S",-0.307797798096563
10943,"Aydin,E",-0.307908175543886
10944,"Isik,E",-0.308107415797225
10945,"Vigoa Apecheche,Yan",-0.30852547038628
10946,"Morais,Renan de Souza Stockler",-0.308541157349479
10947,"Recica,Jona",-0.308584345790233
10948,"Sengupta,Arjun",-0.308784499171769
10949,"Cheng,Adrien",-0.308866159955006
10950,"Klincewicz,Aleksandra",-0.308931602232252
10951,"Rivera Gutierrez,Geannina Isabela",-0.309466456842638
10952,"Fortier,Nicolas",-0.309669337418926
10953,"Stangl,A",-0.309725011773277
10954,"Angulo Perez,Sebastian",-0.310151973106386
10955,"Zenuni,Hysen",-0.310269013294106
10956,"Rodriguez Redondo,Adhara",-0.310470126445231
10957,"Ilic,Mia",-0.31074088749731
10958,"Almeida,Luis Eduardo dos Reis",-0.310812245775092
10959,"Ramachandran,Ananthi",-0.310826252210398
10960,"Onoprijchuk,B",-0.311119980166199
10961,"Perry,Patrick",-0.311193103197296
10962,"Sharhorodsky,Yaroslav",-0.311271642541292
10963,"Stemmler,Fabian",-0.31172850784214
10964,"Renaud,Jacques",-0.311978542932036
10965,"Modric,N",-0.312095203983429
10966,"Mashal,R",-0.312207714583735
10967,"Souza Neto,Hilton Vilarim De",-0.312333794279704
10968,"Kurt,Ozgur Toprak",-0.312411797830139
10969,"Bolt,G",-0.312433409520051
10970,"Romero Moreno,F",-0.312716240210123
10971,"Ezzangui,Youssef",-0.312825582633574
10972,"Shita,Bujar",-0.313001142717006
10973,"Caliskan,Seha",-0.313118711425775
10974,"Celikel,Fatih",-0.313220030479372
10975,"Isbatov,Kanan",-0.313562677334439
10976,"Mai,Alexander Oliver",-0.313606181725566
10977,"Kemper,M",-0.31381972298231
10978,"Kryshtopa,Dmytro",-0.313913559659436
10979,"Khodabandeh,Milad",-0.313927081144268
10980,"Guretchii,Kirill",-0.314055561915404
10981,"Gasland,Lukas Dominik",-0.314132909137358
10982,"Nevanlinna,R",-0.314216172394605
10983,"Rjeb,Nadine",-0.314298481751856
10984,"Oatlhotse,P",-0.314347373531361
10985,"Horcicka,Jan",-0.314610316569172
10986,"Mohamed,Saeed Laily",-0.314702494709298
10987,"Vazquez Espino,Uriel",-0.31519319768141
10988,"Safayat,Kibria Azaan",-0.315335024441299
10989,"Lacasa Diaz,J",-0.315407772672163
10990,"Powell,P",-0.315854698636343
10991,"Boillat,Maxime",-0.315881907368884
10992,"Sanguinetti,L",-0.315927346370529
10993,"Galeano Rolin,Mateo Josias",-0.316016611128806
10994,"Peters,Chris",-0.316086974584726
10995,"Sivakumar,Shaashwath",-0.316116999119837
10996,"Ramos,Beny Irwing Pankiewicz",-0.316128857290153
10997,"Malikova,Marjona",-0.316192250207825
10998,"Luedi,Paul",-0.31634221561096
10999,"Espinosa,Pedro",-0.316654870294179
11000,"Matthews,A",-0.316722098958568
11001,"Ozcan,Kadir Kutay",-0.316732698083395
11002,"Mirzaad,Swahabuddin",-0.316745015132732
11003,"Fuhlrott,Tim",-0.316986576896466
11004,"De Witte,Wiebe",-0.317149446604865
11005,"Chen,Megan",-0.31716097221133
11006,"Attieh,Kate",-0.317170986729995
11007,"Neagu,Roberto Florin",-0.317231996121083
11008,"Kamalak,Bedihanur",-0.317271217635246
11009,"Nusrat Jahan,Alo",-0.317304433251799
11010,"Pashkovskyi,Yehor",-0.317601728249189
11011,"Papidakis,Georgios",-0.317679979505586
11012,"Boshnjakaj,Hysen",-0.317700934268178
11013,"ELHIJAZI AMINE",-0.317748677986986
11014,"Chua,Al",-0.317841934139825
11015,"Feng,Elysia",-0.317956053150167
11016,"Dolinskaia,Mariia",-0.318258310981456
11017,"De La O Avila,Ramon",-0.318858202984293
11018,"Camas,Mustafa Arda",-0.318972476927457
11019,"Cavanah,Troy",-0.319056299596974
11020,"Inukai,Kotaro",-0.319406533486338
11021,"Ishvi,Aggarwal",-0.319826636212061
11022,"Castillo Sevilla,Ian Eiffel",-0.319848029047788
11023,"Rybka,Tatiana",-0.319871998918055
11024,"Sultanova,Kristina",-0.319981578745441
11025,"Lampou,Marianta",-0.320013345430785
11026,"Gailevska,Milana",-0.320189771110633
11027,"Araujo Filho,Luiz Antonio Coel",-0.320210474131842
11028,"Belaich,Arie",-0.320224921524503
11029,"Escareno Rojas,A",-0.320447967989712
11030,"Finnsson,Johann Orn",-0.320630223296348
11031,"Beknazarov,Emir",-0.320699140344659
11032,"De Arruda,Leandro Formes",-0.321262078077312
11033,"Mammadov,Ziya",-0.321262729442184
11034,"Burdalev,K",-0.321343612963186
11035,"Cummins,Sean",-0.321405933542357
11036,"Gallus,Matthias",-0.3220390183537
11037,"Mirosevic,Lovre",-0.322190037059084
11038,"Ilic,Zvezdana",-0.322192909289555
11039,"Gavish,Maya",-0.322194130920266
11040,"Matskevich,Varvara",-0.322247306120626
11041,"Goldenberg,Inna",-0.322293669460181
11042,"Lascheit,Andreas",-0.322321590249814
11043,"Recuero Guerra,J",-0.322494021821893
11044,"Moscovscaia,Polina",-0.322660339331056
11045,"Atharv Bansal",-0.322666175754558
11046,"Mandzhieva,Altana",-0.323027888724037
11047,"Clawitter,C",-0.323038054939217
11048,"Tzortzatos,Dimosthenis Panagiot",-0.323074449498196
11049,"Conor,Gilberto Bordignon",-0.323080493784602
11050,"Garcia Correa,J",-0.323201221595235
11051,"Jimenez Carrazoni,Marta Elena",-0.323235524161163
11052,"Pena Perez,Jorge Alberto",-0.323391521812207
11053,"Sioutis,Angelos",-0.323558536336329
11054,"Sleeckx,Alexander",-0.323590838678705
11055,"Fernandez,Maria",-0.323931326685347
11056,"Shokirjonova,Barchinoy",-0.324180398099009
11057,"Torn,Daniel",-0.324295201215222
11058,"Hoffmann,Alexander",-0.324390007169316
11059,"Isik,Can",-0.324420268802603
11060,"Duarte,Le",-0.3252312510828
11061,"Takyrbashev,Tilek",-0.32528079979428
11062,"Nikolaou,Sofia",-0.325291370548235
11063,"Richards,Gareth",-0.32548449483819
11064,"Fernandez Bustamante,Leancy B.",-0.325568201370329
11065,"Kolar,St",-0.325715854915627
11066,"Gjersvik,Aksel Elias",-0.325946655869125
11067,"Campbell,Charles",-0.326106788992501
11068,"Fritz,Antoni",-0.32658929403344
11069,"Mihokovic,Tomislav",-0.326591567965014
11070,"Schracke,G",-0.326665284484797
11071,"Hasenohr,B",-0.326666460933421
11072,"Torrent San Nicolas,Biel",-0.327022627428132
11073,"Lehocz,Jozsef Jr.",-0.327350932287618
11074,"Kaminska,Zuzanna",-0.32739016991832
11075,"Petrek,Dominik",-0.327643877449519
11076,"Westrum,Kim Roger Hansen",-0.327857956098641
11077,"Mantazis,Georgios Rafail",-0.327894015180505
11078,"Corine SOHNA",-0.327960409344019
11079,"Maier,Al",-0.328040035318799
11080,"Huseynli,Ayan",-0.328108839833387
11081,"Beltman,G",-0.328297884988809
11082,"Njili,K",-0.328456810657598
11083,"Daroczi,Donat",-0.328589102030734
11084,"Avaria,Diego",-0.328665944262949
11085,"Bayramov,Serdar",-0.328775967021283
11086,"Wang,Nathan Zian",-0.329058187420684
11087,"Keatinge Clay,A",-0.329254247133017
11088,"Stranz,R",-0.329294830368744
11089,"Diakoloukas,Theodosios",-0.329532387814781
11090,"Alvarez,Leandro",-0.329532565613827
11091,"Hertog,Alexander",-0.32961023408979
11092,"Dalgar,Hakki Berat",-0.330057441433431
11093,"Zhang,Hongya",-0.330507989983069
11094,"Real Pereyra,Jeronimo",-0.330562138815999
11095,"Perovic,V",-0.330913605898169
11096,"Malakar,Saarthak",-0.331380406823208
11097,"Arnljotsson,Jon",-0.331527979869344
11098,"Fang,Chenxi",-0.331580280247861
11099,"Pessoa,M",-0.331616704711843
11100,"Tsiolakidis,A",-0.331645722336119
11101,"Ahmadov,V",-0.331647602369284
11102,"Srinivasan,Sivavishnu",-0.33171018300754
11103,"Bekkedahl,Zachary",-0.332094460384512
11104,"Matuszczyk,Mateusz",-0.332302427850421
11105,"Moshenberg,David",-0.332471036233578
11106,"Dudasko,Mario",-0.332492628556576
11107,"Zhang,Tiankun",-0.332778187527825
11108,"Arnarson,Erlingur",-0.332811314540497
11109,"Vila Dupla,A",-0.332931779859507
11110,"Harte,Bernd",-0.333103281324465
11111,"Farias,Sergio Roberto Alves",-0.333196738861015
11112,"Lavorgna,G",-0.333321180672796
11113,"Abdullaev,Mukhammadrahim",-0.333660464951791
11114,"Korinioti,Myrto",-0.334013777607487
11115,"Govender,Kaedan",-0.334095887122117
11116,"Meng,Ke(Nmg)",-0.334478690709641
11117,"Goric,E",-0.334821702051153
11118,"Teh,Wee Zhun",-0.335375823164207
11119,"Lindholm,Jere",-0.335644677569233
11120,"Stara,Zuzana",-0.335732518818298
11121,"Brandt,Volker",-0.335873094606832
11122,"Olimova,Rukiya",-0.336153987261635
11123,"Heinig,Wo",-0.336255269711943
11124,"Fernando,Manel",-0.336538948770949
11125,"Mamatkulova,M",-0.336938535822523
11126,"Boshra,Alshaeby",-0.336947990292181
11127,"Pasti,Zsombor",-0.337240091057162
11128,"Hlebec,Jure",-0.337353071069531
11129,"Pavlicek,Adam",-0.337777665429654
11130,"Almaamari,Zainab Darwish",-0.337881284231913
11131,"Li,Sophie",-0.337942999975571
11132,"Bagatella Avalos,Alondra",-0.337943893269883
11133,"Mesquita,Eduardo Barbosa",-0.337969235169137
11134,"Bezverkhiy,Dmitry",-0.337989931938258
11135,"Markina,Sofiia",-0.33806991507029
11136,"Melekestsev,Kyrylo",-0.338124398397447
11137,"Hernandez Basante,F",-0.338130059705815
11138,"Lewandrowski,T",-0.338150510763064
11139,"Zottis,Pietro",-0.338155518022809
11140,"Kazimzade,Mahammad",-0.338263642410151
11141,"Kazi,Zidan",-0.338363504112893
11142,"Vitasta Koul",-0.339044553625617
11143,"Viere,Tim",-0.33927805734222
11144,"Artuz,Glennen",-0.339418381003033
11145,"Sun,Zhiyang",-0.339489670166759
11146,"Stuetzer,Kiran",-0.339688360063613
11147,"McCarthy,Kevin C",-0.340282420988004
11148,"Koprivica,Andrija",-0.340296840256461
11149,"Bansal,Saahil",-0.340338785987695
11150,"Rodriguez Bittar,Karim Javier",-0.34082590873946
11151,"Coelho,Ramyres Santana",-0.340915428999718
11152,"Aranda,Juan Manuel",-0.340989161779125
11153,"Shendrik,Z",-0.341511152377145
11154,"Madsen,Jens Ingemann",-0.341544867495706
11155,"Simoni,Matteo",-0.342211819275535
11156,"Willim,M",-0.342831752303515
11157,"Dabic,Ml",-0.34288754634111
11158,"Nan M K Khine Hlyan",-0.34329214097047
11159,"Rayan Rashid Mugdho",-0.343601425440525
11160,"Veldhuyzen,Ywein",-0.343745077207551
11161,"Abdou Ahmed Alem",-0.343837324319487
11162,"Foerster-Yialamas,Lucas",-0.343874453460886
11163,"Cilo,Selimhan",-0.343891973272172
11164,"Mayeregger Gonzalez,Fiorella Allegra",-0.344000868523231
11165,"Ucok,Evren",-0.344228109616827
11166,"Persson,Andr",-0.344355106199782
11167,"Coenen,A",-0.344429743352948
11168,"Kasperek,Ry",-0.344550107204011
11169,"Sun,Wanyao Sarah",-0.344954031045016
11170,"Quintus,Max",-0.345094673800604
11171,"Bolacky,J",-0.345191819331272
11172,"Yusupov,Obidjon",-0.34535356239487
11173,"Lenz,Joshua",-0.345777905483382
11174,"Mortazavi,Sami",-0.345944104746018
11175,"Bossero,Ingrid",-0.346001151860283
11176,"Funk,K",-0.346115459921834
11177,"Quiros Florea,Rafael-Santiago",-0.346536738958281
11178,"Paredes Almada,Andres Joaquin",-0.346647754107821
11179,"Babayeva,Nasrin",-0.346844779595022
11180,"Al Aisaee,Anat",-0.347411423768642
11181,"Savchenko,Matvey",-0.347794314915239
11182,"Marinello,B",-0.347873185618383
11183,"Zhbanova,Angelina",-0.348076021302291
11184,"Yakovleva,T",-0.348419036509031
11185,"Ranfagni,S",-0.348430372696609
11186,"Tilahun,Abel Mathewos",-0.348629768592097
11187,"Klein,Levent",-0.348646765359832
11188,"Michalek,Lukasz",-0.34866392164156
11189,"Bellahcene,Meriem",-0.34890175551335
11190,"Moghnieh,Hussein",-0.34947725153343
11191,"Ramu,K",-0.349588053576749
11192,"Zhou,Yanyang",-0.349627730456867
11193,"Santiesteban Campuzano,Fidel Ern",-0.349837844470846
11194,"Simao,D",-0.349846347742666
11195,"Reithmayer,Angela",-0.349979007300926
11196,"Marin,Sebastian",-0.350039911422853
11197,"Petrenko,Maryna",-0.350121293723153
11198,"Fernandes,Ro",-0.350403900058225
11199,"Jakob,S",-0.350621925143585
11200,"Schultze,Joerg-Martin",-0.350935383602175
11201,"Anupam,M Sreekumar",-0.351038122050764
11202,"Schartl,Richard",-0.351485518314128
11203,"Nelson,Jo",-0.351846759141238
11204,"Bodur,Ilke Lal",-0.352379878697938
11205,"Wipf,Armin",-0.352609999204027
11206,"Smuda,Tomasz",-0.352632445428439
11207,"Helshani,Sheremet",-0.353212172366822
11208,"Lippitz,Jaden",-0.353792908077384
11209,"Gudmundsson,Gunnar Erik",-0.353865986029227
11210,"Mohammad Abul Hashem,Kohen",-0.353934520092455
11211,"Paschalidou,Eleni",-0.354316520676887
11212,"Lugo Martinez,Jimena Sofia",-0.354446042719157
11213,"Brankovic,Uros",-0.354560379700803
11214,"Khazen,Noah",-0.354680863689865
11215,"Lazic,Dragan",-0.354705431945747
11216,"Serea,Gabriele",-0.354720572442961
11217,"Berkley,Stephen W",-0.355039004799724
11218,"Nteneketzis,Paraskevas",-0.355043600359464
11219,"Myny,Sigur H",-0.355271851043371
11220,"Udovenko,Daniel",-0.355493596636086
11221,"Zebaze Dongmo Loic Dylane",-0.355519685697576
11222,"Vieira,Luana Saddi",-0.355541669932395
11223,"Gao,Ruoya",-0.355653998500453
11224,"Ostensson,Julia",-0.356001236598133
11225,"Rashid Husain Alhammadi",-0.356345053545674
11226,"Perez Coyula,R",-0.356723806323598
11227,"Kunz,A",-0.356949811859325
11228,"Yuste Valenzuela,Alejandro",-0.357329972019139
11229,"Vesovic,N",-0.357420319019168
11230,"Papadopoulos,Antonios P",-0.357460453941537
11231,"Nobbe,Lars",-0.357689067122372
11232,"Vifleemskaia,S",-0.358164861072692
11233,"Chakrasali,Samarth",-0.358343055983723
11234,"Sousa,Hugo Carneiro",-0.358357686113011
11235,"Rosenberg,E",-0.358818141576701
11236,"Hitchlock,Veronica",-0.359855781120822
11237,"Al Mutlaq,Ibrahim A",-0.360259442263324
11238,"Zhou,Lanqier",-0.360743233537549
11239,"Harshit Amarnani",-0.360809936718893
11240,"Novoa,Victor",-0.360898405226885
11241,"Porozhnyak,Maya",-0.361194060827638
11242,"Miranda Camus,Joaquin Ignacio",-0.361227977526807
11243,"Nicoara,M",-0.362136231568954
11244,"Hughes,Padraig",-0.362137750764793
11245,"Asanger,Felix",-0.362220352705576
11246,"Ljeskovic,Luka",-0.362291697679713
11247,"Radenkovic,Mila",-0.362531797917062
11248,"Hill,Alistair",-0.362607490700732
11249,"Hernandez,Ame",-0.362638469133767
11250,"Guerrero Olmos,S",-0.362659273342261
11251,"Rudys,Augustas",-0.363033399401016
11252,"Schnell,Sebastian Narayana",-0.363347218399243
11253,"Izafatava,Kira",-0.363647605552193
11254,"Van Happen,Niels",-0.363719203980145
11255,"Junior,Liduino F Vasconcelos",-0.364271113445105
11256,"Pfau,B",-0.364302958814813
11257,"Nikolic,Zo2",-0.364323375562842
11258,"Md Rabiul,Hossain",-0.364337569420823
11259,"Garcia,Angie",-0.364386308224706
11260,"Groux,Mathias",-0.364420527536622
11261,"De Andrade,Arthur Batuli",-0.364527843780072
11262,"Molla,Ersen",-0.364596469427813
11263,"McGrath,Ethan",-0.364622035727656
11264,"Tsamalaidze,Liana",-0.364728406139832
11265,"Ruiz Aguilar,P",-0.364921043370964
11266,"Ismayilov,Emin",-0.365059544141528
11267,"Kiseleva,A",-0.365225279522353
11268,"Ndjolock Simon",-0.365518057436291
11269,"Cepoi,Gesneria-Codruta",-0.365762303445694
11270,"Seinen,Niek",-0.366188626317587
11271,"Gonzalez Peiro,Naiara",-0.366328444700501
11272,"Voicu,Teodor-Mihnea",-0.366461917735069
11273,"Yushko,O",-0.366653285806142
11274,"Resendiz Turbi,Miley Jireh",-0.36696313534915
11275,"Rieper,Julian",-0.367206484072871
11276,"Savic,Robert",-0.367252173516172
11277,"Averchenko,S",-0.367451236676361
11278,"Sosovickova,Jana",-0.367547478192201
11279,"Decker,Thomas",-0.367654872608685
11280,"Bach,Mat",-0.367698598785155
11281,"Gunesli,Eymen Giray",-0.367715671302301
11282,"Antonioudakis,Georgios",-0.368063226387982
11283,"Gomes,Marc",-0.368263357259963
11284,"Pereira,Wilson Roberto de M.",-0.368647349024088
11285,"Bitici,G",-0.368754586029127
11286,"Oestmann,Lukas",-0.369016953507901
11287,"Rostami,Mohsen",-0.369338160795009
11288,"Stoenescu,R",-0.369448885658438
11289,"Mereles Riquelme,Mauricio",-0.369468767079989
11290,"Tsarouchas,Athanasios",-0.36961089378665
11291,"Ali Abdullahi,Farah",-0.369673361489734
11292,"Gnanasekar,Jai Adithya",-0.369890173763363
11293,"James,Lucas",-0.369929964260206
11294,"Shimanskaia,Tatiana",-0.370067189582225
11295,"Jaksa,Ema",-0.370380242407843
11296,"Kirupakaran,Vishnu",-0.370400056008421
11297,"Gartenlaub,Corin",-0.370469293295249
11298,"Zlotnik,B",-0.370810397999585
11299,"Bursan,Ana-Maria",-0.371001891915944
11300,"Md. Raju,Ahmed",-0.371012633037116
11301,"Aydogan,Arya",-0.371169065830473
11302,"Yang,Le",-0.371188740739727
11303,"Glasschroeder,Maximilian",-0.371733721291914
11304,"Kuka Kyle",-0.371794927442838
11305,"Bejta,Aladin",-0.372234191731445
11306,"Tu,Yuanyao",-0.37224184393048
11307,"Amit,P",-0.372417312123676
11308,"Mende,A",-0.372439181497577
11309,"Calhoun,Luke",-0.372690128563226
11310,"McLean,Rory",-0.373009246215957
11311,"Kola,Venkat Karthikeya Reddy",-0.373207699106684
11312,"Yang,Shufan",-0.373233291016643
11313,"Hehir,Michael",-0.373440031106647
11314,"Vusatiuk,V",-0.373979281239577
11315,"Juhanak,Daniel",-0.374015863988308
11316,"Ten Kate,Gustav",-0.37411750828393
11317,"Altun,Arda",-0.374411550358415
11318,"Moreno Enric",-0.374424169482657
11319,"Aznar,Benjamin",-0.374571975123187
11320,"Leitinger,Anton",-0.374604405386582
11321,"Bieging,Luca Jurgen",-0.37493943378622
11322,"Gotes Perez,J",-0.37505156484918
11323,"Schneider Sanchez,C",-0.375398282820506
11324,"Shi,Jinhang",-0.375652518809711
11325,"Quinonez Garcia,S",-0.375825011375656
11326,"Skordilis,Stefanos",-0.376088622353773
11327,"Medal Paves,Jose Maria",-0.376282289684982
11328,"Oluka Robert Mcligeyo",-0.376398288356557
11329,"Dahal,Sushrut",-0.376487510291559
11330,"Komissarova,Soigina",-0.376714229161219
11331,"Gao,Xinyue",-0.377140951694443
11332,"Moughames,Ronald",-0.377962331450827
11333,"Belyaletdinov,Leonard",-0.377970290535956
11334,"Barandiaran,Gabriel",-0.378093129014025
11335,"Aggeletou,Fereniki",-0.378217925924678
11336,"Lopez Rivas,Dagney",-0.378452762209574
11337,"Blok,Xaveer",-0.378509914375016
11338,"Hetland,Even",-0.378554597141599
11339,"Saragih,Arif Rahman",-0.378605311822694
11340,"Spitz,P",-0.378669218110498
11341,"Remick,William",-0.37892003591094
11342,"Geillon-Barral,Roween",-0.378926397326777
11343,"Gimeno Martos,R",-0.378950623283918
11344,"Parlak,Selahattin",-0.378998575737489
11345,"Roebers,J",-0.379995423926107
11346,"Tsorbatzoglou,T",-0.380056484217072
11347,"Sayce,Hannah",-0.380197944647935
11348,"Kjaergaard Jensen,J",-0.380410206697027
11349,"Samu,S",-0.380482557636263
11350,"Jaufarally,Nadia",-0.380591985325035
11351,"Ho,Ngoc Hai-Dang",-0.381657329574547
11352,"Purushothaman,T",-0.38197918100944
11353,"Pyda,Arjun",-0.381992318324482
11354,"Wilhelm,Marco",-0.382271322285394
11355,"El Jawich,A",-0.382560308651299
11356,"Do Carmo,Gabriel Carckeno",-0.383135328598534
11357,"Iinuma,P",-0.383175902305796
11358,"Abdel-Rehim Ahmed,Retal",-0.38342147658561
11359,"Kozak,Ma",-0.383510842541815
11360,"Solcan,Martin",-0.383599460956397
11361,"Trubini,Timon",-0.383688556145385
11362,"Comellas Blanchart,J",-0.38419052704645
11363,"De La O Montalvo,Carolina",-0.38444601455112
11364,"Grodotzki,K",-0.384555019751627
11365,"Bria,Jose",-0.384667731493139
11366,"Soucek,Andrej",-0.384741380215904
11367,"Baktybek Kyzy,Alika",-0.384956899411872
11368,"Dipteman,Roy",-0.385133168226919
11369,"Belaya,Liliya",-0.385460379213215
11370,"Cuzovic,Ognjen",-0.385462963623545
11371,"Zhao,Yuetong",-0.385690190423811
11372,"Lalkota,Sai Pranav Tejas",-0.385819275980307
11373,"Kosovska,O",-0.385968565546575
11374,"Novak,Anze",-0.386236318446239
11375,"Draskovic,Da",-0.386478779367232
11376,"Moura,Bernardo Lalane Mascarenha",-0.386709182999998
11377,"Silva,Mariana",-0.386811546456493
11378,"Sivaparan,Isai",-0.386849689755357
11379,"Pajak,Jakub",-0.386854540197469
11380,"Panarin,Platon",-0.386936706156711
11381,"Muehlemann,Walter",-0.387313796489866
11382,"Dotor Martinez,Zoe",-0.38737419453551
11383,"Santhosh,Mahaniya",-0.388059784545127
11384,"Narva,T",-0.388222952468724
11385,"Galic,Z",-0.388450159286399
11386,"Kabamwanishi,Mashala",-0.388534640356461
11387,"Hasinski,K",-0.388756725848091
11388,"Spector,S",-0.38901413145291
11389,"Arzur,Maia",-0.389238693844472
11390,"Fernandez Correa,Rocio",-0.389490142572702
11391,"Llewellyn,Alan M",-0.3895856395833
11392,"Moro Saidon,Gonzalo",-0.389958351519606
11393,"Plemeniuk,Alexander",-0.390128002937534
11394,"Eberle,Florian",-0.390460864300486
11395,"Creux,Francois",-0.390615518722504
11396,"Slavin,Daniel J",-0.390704102827858
11397,"Shabrin,Irina",-0.391241046210681
11398,"Leshchenko,So",-0.391373890779866
11399,"Bezerra,F",-0.3918517275844
11400,"Rodriguez M,Luis Roberto",-0.392046903477145
11401,"Daudov,Timur",-0.392188614611208
11402,"Ivanov,Elizabeth",-0.392206394359949
11403,"Timofeeva,Darya Iv.",-0.392208023867506
11404,"Deschler,Arne",-0.392519277298421
11405,"Tenezaca,Cristian",-0.392581753034511
11406,"Bachofner,Lukas",-0.392641457812588
11407,"Gireada,Lucas",-0.392960514993169
11408,"Novikova,M",-0.392984244521599
11409,"Vera Gonzalez Quevedo,R",-0.393035615573903
11410,"Gattani,Sarthak",-0.393464610453423
11411,"Cauchi,John Paul",-0.393580322312354
11412,"Radikovic,Anamarija",-0.393593757987883
11413,"Siekanska,Zuzanna",-0.393641614629205
11414,"Ondreicka,Roman",-0.393684835507539
11415,"Leigh,Dominic",-0.394226844174273
11416,"Tan,Jun Hao",-0.394255477027478
11417,"Predan,Luca",-0.395648223128281
11418,"Guelman,J",-0.395730986846923
11419,"Mariani,Kim Paul",-0.395934375789392
11420,"Saidy Ayala,D",-0.396313090134688
11421,"Rose,F",-0.396380461516935
11422,"Macek,Inti",-0.396388324391901
11423,"Sanchez Valencia,Alberto",-0.396584789259145
11424,"Singh,Ar",-0.397049594010221
11425,"Fawaz,Nadia",-0.397269190369137
11426,"Gashi,Isak",-0.398100604486902
11427,"Xin,Yixuan",-0.398468398427192
11428,"Zuzek,Bor",-0.398839915971264
11429,"Sahetchian,A",-0.399182380489927
11430,"Mazzilli,P",-0.399633437190067
11431,"Bjarnason,Larus H",-0.399866459797701
11432,"Zilleruelo Irizarry,Diego",-0.400035825716349
11433,"Nayberg,Simona",-0.40024042972889
11434,"Brown,Raehanna",-0.400348734736459
11435,"Omerkic,Ahmed",-0.400432651625529
11436,"Kimpel,Janine",-0.40044673941377
11437,"Pilarte,R",-0.401321058298798
11438,"Chocala,Thiago Ignacio",-0.401402074354448
11439,"Alldritt,N",-0.401417632084239
11440,"Hernandez,Lara",-0.40155711367616
11441,"Jedryczka,K",-0.401818465796412
11442,"Alishani,I",-0.402133971161674
11443,"Ladon,Tymoteusz",-0.403038928728344
11444,"Manzano Vera,Ana Sofia",-0.403091234300947
11445,"Karelina,Polina",-0.403142246373561
11446,"Perez Vazquez,Alvaro Diego",-0.403337603402009
11447,"Nezamyatin,Ruslan",-0.403516906832267
11448,"Babula,Matej",-0.403559838404894
11449,"Rossi,Max",-0.403697582034619
11450,"Rodriguez Naranjo,Yoilant",-0.404359344430342
11451,"Wang,Kaichen",-0.404687858984145
11452,"Kavanova,Anezka",-0.40552034544949
11453,"Cramling Bellon,Anna",-0.40571027342336
11454,"Shahinur,Haque",-0.405789510006488
11455,"Ramirez Bentos,Ana Paula",-0.405891723557068
11456,"Bahena Tello,Tania Quetzalli",-0.406424996378553
11457,"Severri Arrese,C",-0.406530243452924
11458,"Christensen,Janu",-0.406987085014668
11459,"Levitan,Liel",-0.407242748795937
11460,"Borkovec,Ondrej",-0.407281577789681
11461,"Gonzalez Vega,A",-0.407309172224412
11462,"Molinero Martin,J",-0.407940368974621
11463,"Shao,Yanrui",-0.408437078652785
11464,"Sturla,Roberto",-0.408710682139555
11465,"Nasiruddin,A",-0.408801436669598
11466,"Chemin,J",-0.408909199707525
11467,"Kritikos,Gerasimos I",-0.408945605168233
11468,"Angulo Centurion,Juan Jesus",-0.408961606625037
11469,"Zonyte,Aukse",-0.409176075390584
11470,"Magana Morales,Roberto",-0.409733798423373
11471,"Praveen K B",-0.410191569657532
11472,"Chornaya,Alesya",-0.410322355839873
11473,"Morgan,Jesus Alberto",-0.410465476269455
11474,"Valciukas,Lukas",-0.410790325424045
11475,"Berezin,V RUS",-0.410851188506767
11476,"Ewart,Thomas",-0.412732719674922
11477,"Camp,Imogen A L",-0.412839221834428
11478,"Qiu,Laurie",-0.41310295425449
11479,"Viere,Samuel",-0.413184732529645
11480,"Paval,G",-0.413466381901435
11481,"Mayaud,R",-0.413720593423793
11482,"Smirnov,Yana",-0.41416256581439
11483,"Macosek,Alex",-0.4145472587486
11484,"Qi,Jenny",-0.414787365847248
11485,"Markovic,Kosta",-0.415083198386397
11486,"Tiitta,S",-0.415086534847873
11487,"Badescu,Matei-Andrei",-0.415518708189716
11488,"Shen,Houlin",-0.416638523723778
11489,"Negron Lizarazo,Juan Sebastian",-0.416763712315506
11490,"Schmied,Stefan",-0.416796269798558
11491,"Ostolazaga Barragan,Eneko",-0.417715424338426
11492,"Winslow,E",-0.41779318278735
11493,"Van Essen,M",-0.418137529797473
11494,"Riera Danes,M",-0.418534742591566
11495,"Vijayalakshmi,S",-0.418665166488578
11496,"Heidemann,Nora",-0.418736665742437
11497,"Thorens,Johan",-0.418960485372994
11498,"Ozturk,Efe Hakan",-0.419030669015318
11499,"Pavoni,Felipe Stevanin",-0.419217236752577
11500,"Maklakova,Nellija",-0.419224541062903
11501,"Prenner,Robert",-0.419409530695017
11502,"Martoian,Seda",-0.419453031647461
11503,"Ellson,Louie",-0.42078223883892
11504,"Sanz Losada,V",-0.420876739423468
11505,"He,Xiyao",-0.421711829272887
11506,"Recica,Rron",-0.422067998401281
11507,"Watanabe,A",-0.422127760847561
11508,"Fromke,Ben",-0.422462585250728
11509,"Zhang,Changjie",-0.422792222097128
11510,"Justin Matthias Baroi",-0.422810547743975
11511,"De Seroux,C",-0.422988543691069
11512,"Varholakova,N",-0.423078982201674
11513,"Mork,Peter",-0.423235081835424
11514,"Kyriakidou,Chrysa",-0.4232986081229
11515,"Warner,Nicholas",-0.423477496467508
11516,"Rivera Huerta,A",-0.423506573331185
11517,"Santos,AntonioP",-0.423877504787587
11518,"Muradylov,Baiel",-0.424596946461098
11519,"Koop,Michael",-0.424825449906588
11520,"Vinolas Anglada,Laura",-0.424825699067117
11521,"Chen,Yian(Sh)",-0.425036140106508
11522,"Ortiz Bogdanov,Santiago",-0.425644870021033
11523,"Levin,Emily",-0.426612822514093
11524,"Letac,Loig",-0.426651623597148
11525,"Kuchava,A",-0.426897562950663
11526,"Gimenez,Jonathan",-0.427101543816368
11527,"Doman,Richard",-0.427610894011221
11528,"Hieke,Andrea",-0.427842285529055
11529,"Laith,K",-0.428671959317605
11530,"Zhao,Jifan",-0.428750068655721
11531,"Haag,Walter",-0.428892893870006
11532,"Leonard Conyedo,Saidi",-0.429520010376742
11533,"Buzhala,Jakob",-0.429876161454019
11534,"Hoanca,Alexia-Ioana",-0.429957643527544
11535,"Cornelissen,Jort",-0.430095561725758
11536,"Van Dael,Siem",-0.430535845679268
11537,"Weldegebriel Beraki,Kibrom",-0.430663081586585
11538,"Beletic,D",-0.430793631100131
11539,"Braeuer,Vanessa",-0.431435045308033
11540,"Ademi,Rexhe",-0.432155425404008
11541,"Horyna,J",-0.43232255763767
11542,"Escribano Rodriguez,P",-0.432350006675158
11543,"Fabra,Nahiara",-0.43278151198059
11544,"Corotcova,A",-0.433151027683833
11545,"Amarasinghe,A",-0.433257572311997
11546,"Avila Fraire,Ameyalli",-0.433301023541771
11547,"Karaboga,Neset Eren",-0.433540347998486
11548,"Tao,Qibing",-0.434341903190997
11549,"Djordjevic,Lazar",-0.434790207970703
11550,"Gillieron,Kevin (13882)",-0.435170383645255
11551,"Eldemir,Goksu",-0.435614172310442
11552,"Kelley,Deshawn",-0.435723767347264
11553,"Robertson,Jim",-0.436406788950343
11554,"Hrabinska,M",-0.436436919318706
11555,"Yazici,Zumral",-0.436562552002542
11556,"Yeung,Marissa",-0.436837008661213
11557,"Koehler,Nils",-0.436880143528969
11558,"Galanti,Julian",-0.43707863717191
11559,"Kobla,Vishal",-0.437675222045505
11560,"FAWOLE,John Oyeyemi",-0.438162622878767
11561,"Sowa,Roch",-0.438235888136076
11562,"Gruber,Andreas",-0.43885934006235
11563,"Lopez,Man",-0.439163249707445
11564,"Wu,Sigala",-0.439167861908683
11565,"Petersson,K",-0.439846731628021
11566,"Nikulina,A",-0.440075057921621
11567,"Pereira Fo,Hildebrando Apolonio",-0.4411731521688
11568,"Lopez Abreu,Michel Samuel",-0.441905182732653
11569,"Kontrimaite,Agota",-0.442265251425793
11570,"Jeknic,V",-0.442320448510555
11571,"McDonald,Angus",-0.443098554627905
11572,"Erdogan,H",-0.444461477916642
11573,"Victor,Julian",-0.444483057668381
11574,"Bus,T",-0.445057113902202
11575,"Wu,Jayden",-0.445579790705563
11576,"Redor,Menandro",-0.446238834930568
11577,"Hayder,H",-0.446368233218988
11578,"Letton,Rob",-0.446783163874281
11579,"Tchouateu Tankeu Stephanie",-0.44695132815394
11580,"De Sousa,Daniel Aguiar",-0.447123687455804
11581,"Janke,Ligia",-0.447307003844115
11582,"Dighton,S",-0.447475868814208
11583,"Sengupta,Aroop Ratan",-0.447690567638806
11584,"Warisa Haider",-0.447731565941074
11585,"Gutman,G",-0.447772373463503
11586,"Davidov,Lazar",-0.447866639350862
11587,"Gadarinian,C",-0.448285072660607
11588,"Clark,Robert G",-0.449018026969399
11589,"Chlpik,Martin",-0.449239111874186
11590,"Ferguson,Randal",-0.449641477376637
11591,"Silva Ponte,Leonardo",-0.449772575720743
11592,"Grabinsky,V",-0.449953089987947
11593,"Bonaventure,Olivier-Cesar",-0.450579716100402
11594,"Alakbarli,Inji",-0.4513807795899
11595,"Bhavanya Panchumarthi",-0.451519760998883
11596,"Myburgh,Christopher John",-0.452272742686499
11597,"Heutling,Elina",-0.45303120155483
11598,"Bolkeny,G",-0.454755128370801
11599,"Bay-Petersen,Ole",-0.455810392877024
11600,"Ellison,Jeremy",-0.456532900494147
11601,"Gant,C",-0.456543569459377
11602,"Siddhartha Shankar Srivastava",-0.456995348139262
11603,"Garcia Garcia,Samuel 2002 I",-0.457614506898133
11604,"Scharler,W",-0.457918434393886
11605,"Estevez Polanco,Leonardo Rafael",-0.45836297897841
11606,"Makgatle Cordeliah Goitsemodimo",-0.458559418573758
11607,"Romero Gamez,Francisco Javier",-0.458915777978767
11608,"Li,Shengchen",-0.459042727755877
11609,"Tokarz,Izabela",-0.459089783138082
11610,"Falke,Franziska",-0.45924834258576
11611,"Sharifov,Ramazan",-0.459491834171782
11612,"Mueller,Thor",-0.459718132758573
11613,"Ivanov,Aleksandr",-0.459733630289203
11614,"Boner,Timm",-0.459746151207159
11615,"Rodriguez Santana,America Zuley",-0.460118846312909
11616,"Muzzi,E",-0.460520766807761
11617,"Van Baaren,Joris",-0.460534537096193
11618,"Nandinjiguur,Chinzorig",-0.46155551728921
11619,"Dubel,Nathan",-0.461730875539812
11620,"Hernandez Samayoa,Dilan Alexander",-0.462331020639189
11621,"Moe,Arthur Helsted",-0.462834202699109
11622,"Franco,Rebeca Todon",-0.462863120062503
11623,"Avyaay Garg",-0.46353950830483
11624,"Casares Ugueto,Santiago de Jesus",-0.463811749080995
11625,"Moccero,E",-0.464804466947413
11626,"Saygili,Adnan Mesih",-0.464843433930472
11627,"Gacek,W",-0.465529730345252
11628,"Olivella,Oscar",-0.465894600849524
11629,"Viana,D",-0.466021672030672
11630,"Schaefer,Gion",-0.46710326318664
11631,"Yrysov,Timur",-0.46741791358769
11632,"Vargas Pereda,Jesus Manue",-0.467436232291383
11633,"Bagas,Ana",-0.468203752497813
11634,"Oppezzo,S",-0.468410874513935
11635,"Baim,Elvin",-0.468589777562609
11636,"Peatman,Carter",-0.470389164499477
11637,"Probert,Malcolm",-0.471096315791079
11638,"Zepeda Berlanga,Jan Enrique",-0.47578360217503
11639,"Eitel,Luc",-0.476085418409109
11640,"Carvajal Gorgona,J",-0.476266887142136
11641,"Golsta,Madara",-0.476287869067239
11642,"Osiecki,S",-0.4765707016665
11643,"Al Busaidi,Hamood",-0.47684933367009
11644,"Badescu,Eliza-Ioana",-0.477363429978756
11645,"Khusnitdinova,Husnorakhon",-0.478182317259577
11646,"Naipal,Hoolan",-0.479461184184388
11647,"Tursunalieva,Nurelina",-0.4799711505112
11648,"Montano Vicente,Guadalupe",-0.47997504415647
11649,"Montero Martinez,C",-0.480351761070593
11650,"Arun,Rahul",-0.48135703287693
11651,"Kahre,Kim",-0.481652652025324
11652,"Alonso Orta,Osiel Alberto",-0.481821986110603
11653,"Flores,N",-0.482122853720177
11654,"Liu,Xinyu",-0.482818691502
11655,"Budak,Lori",-0.483196328540236
11656,"Leung,Hoi Ting",-0.483692004049673
11657,"Gutierrez Carmona,J",-0.483934589680063
11658,"Stefanov,Pl",-0.48411351962911
11659,"Malinowsky,Celina",-0.484243344124095
11660,"Ciocan,Maria-Alexandra",-0.485365310534295
11661,"Pontes,Luiz Felizola Lima",-0.485676150576992
11662,"Bushaala,Maryam Mohamed",-0.486122095388474
11663,"Srivatsan Karthikeyan",-0.486523679758021
11664,"Powell,Andrew",-0.487026276229128
11665,"Xie,Nijia",-0.48764731034854
11666,"Graefenstein,Leonardo",-0.48778638447264
11667,"Dilmukhametov,Artur",-0.487896224482343
11668,"Bonaveri,A",-0.488559314930493
11669,"Zajmi,Arian",-0.489466269793733
11670,"Ding,Yicheng",-0.489893949478104
11671,"Simonetto,Andrea",-0.490221227665557
11672,"Petrusic,V",-0.490424520002023
11673,"Sabar,Ethmane Daouda",-0.490490634850916
11674,"Mazzeo,Luigi",-0.49117505906282
11675,"Kadriu,Sokol",-0.491283066040412
11676,"Yunes,David Teles",-0.491645281727791
11677,"Kostyukovich,Dmitry",-0.491747021999378
11678,"Gajec,Roza",-0.491980415198145
11679,"Hambardzumian,Y",-0.492182795999981
11680,"Souza dos Santos,Matheus Garcett",-0.492273733195356
11681,"Widger,Leela",-0.492288343434497
11682,"Derlich,Sarah Sima",-0.492916853948334
11683,"Fofanov,I",-0.493671428117445
11684,"Alhasan,Husam",-0.493995900109149
11685,"Castillo,Sa",-0.494704014656663
11686,"Skytte,Robert",-0.495974555227476
11687,"Li,Yilin",-0.496635796769154
11688,"Ribeiro,Renan Rego",-0.497608754644017
11689,"Kodukula,Sameera",-0.497901322611609
11690,"Wilkins,Zack",-0.497946057150155
11691,"Wegerer,Raphael",-0.499959684766463
11692,"Gottstein,C",-0.500048349131025
11693,"Gaona Garrido,Estefania",-0.500154633930652
11694,"Sailer,M",-0.500337976965602
11695,"Lopukhova,Anna Al",-0.50042019992635
11696,"Jyothilal,N",-0.500962739590462
11697,"Bellahcene,Sofia",-0.5012483835165
11698,"Spierings,Benjamin",-0.501740994414082
11699,"Catelli,H",-0.501952682981869
11700,"Sopjani,Sefer",-0.502863538790986
11701,"Arya G Mallar",-0.503358348996203
11702,"Nielsen-Refs,Karl-Emil Elmer",-0.504265915515584
11703,"Podeneshko,E",-0.504496487497624
11704,"Werdinig,Manfred",-0.504773894794409
11705,"Sava,Ch",-0.505613023966045
11706,"Steiner,Daniel",-0.506210060027851
11707,"Solaeche G.,Axel Jose",-0.506409607055523
11708,"Coe,William",-0.506575479702401
11709,"Gonzalez Peiro,Alma",-0.506797797320678
11710,"Kikkawa,Kei",-0.506981875820161
11711,"Valitov,Ilshat",-0.507852637089202
11712,"Karthik,Sai Ch",-0.507921079301502
11713,"Romany,Joy",-0.510075123601774
11714,"Alves Campelo,Danilo Cesar De L",-0.510949034126159
11715,"Ndirangu,Nyaruai,Joyce",-0.511379926929197
11716,"Lezcano,G",-0.512410002127565
11717,"Rama,Avdi",-0.512902805726175
11718,"Naranzaya Zorigoo",-0.512944476903017
11719,"Stein,Theodor",-0.512962594369133
11720,"Mansurova,Mumtozbegim",-0.514195483256227
11721,"Eshkol,Lilian",-0.514759364547329
11722,"Mutisya,Jully",-0.517305694501261
11723,"Hank,H",-0.51759758220552
11724,"Pivi,Mauro",-0.518418927466443
11725,"Szewczyk,M2",-0.518821634211726
11726,"Pilat,W",-0.519422734251168
11727,"Gulamirian,K",-0.519448468607256
11728,"Vardi,Ilan",-0.520072747065927
11729,"Wilmink,Anna",-0.520426157962452
11730,"Chaulagain,P",-0.520511723795574
11731,"Gore,Rohan",-0.520574997445024
11732,"Maleczek,Kian",-0.522711843632544
11733,"Kalender,Murat Emre",-0.522823838583297
11734,"Ataiants,Oleg",-0.522889890054746
11735,"Henriquez Garcia,D",-0.524935800909148
11736,"Ivanova,Dilyana",-0.525202560359827
11737,"Staudacher,Karl-Heinz",-0.525240390648497
11738,"Hernandez Santos,David Ale",-0.525295697913566
11739,"Tucakovic,M",-0.526143154872245
11740,"Roychowdhury,Aashita",-0.526752537306217
11741,"Hernandez,Alex",-0.527565485144056
11742,"Orlandi Neto,Aristides",-0.527580998370402
11743,"Marroquin Amezquita,Francisco",-0.528242115880257
11744,"Rosales Perez,Viviana",-0.528412303251847
11745,"Mafra,K",-0.529228003087887
11746,"Rosenbecker,Daniel",-0.529809847762432
11747,"Borges,W",-0.530237966158735
11748,"Renard,Esteban",-0.531333295687554
11749,"Ibarra Carlos Roberto",-0.531341214685449
11750,"Emblem,Mark",-0.531984441635813
11751,"Sedykh,Stakhey",-0.532382540477783
11752,"Hernandez Lopez,Sarahi",-0.534425111591312
11753,"Zulkipli,Z",-0.534861198515546
11754,"Vlassis,G",-0.535116937646661
11755,"Andiwoh,Moses",-0.53610801467232
11756,"La Fleur,Zara",-0.536210778076776
11757,"Da Matta,Eduardo Cesar",-0.53750894214321
11758,"Arostegui Gonzalez,Ricardo",-0.537701509553687
11759,"Garcia Hernandez,Rebeca",-0.537742835515941
11760,"Ozdemir,Ali",-0.53802573244827
11761,"Manikandan Reddia Gowder,Kavira",-0.538785153081127
11762,"Sadey,Rinoa Mariel",-0.539347249975496
11763,"Altinier,Martin",-0.539743592393436
11764,"Rodriguez,Ernesto",-0.540740841858311
11765,"Tarnowska,A",-0.540788126089906
11766,"Bagdasarov,V",-0.543450325619185
11767,"Salazar Delgado,Aylin Naomi",-0.543572632012157
11768,"Viere,Silas",-0.549169442111097
11769,"Alem,Ali Hussain",-0.550550967973544
11770,"Demir,Aleyna",-0.5524315621284
11771,"Kopecny,Filip",-0.552656057646579
11772,"Alazmi,Amani",-0.553973001816421
11773,"Wang,Huanying",-0.554802703103528
11774,"Romano,Adrian",-0.555139400564428
11775,"Konkol,Sandra",-0.555505243450411
11776,"Flanagan,Keith",-0.555624506743952
11777,"Alcaraz Lopez,F",-0.555805353288061
11778,"Leon Acevedo,Juan Alejandro",-0.556634836856175
11779,"Duarte Cramer,Lily Jeanette",-0.55819678364856
11780,"Hassan,Yassin",-0.558943216865975
11781,"Cruz,Bitia",-0.559012949724371
11782,"Yaman,Yigit",-0.559445492362586
11783,"Bravo Alvarez,Layla Constanza",-0.55972719773481
11784,"Ashley,Christiana Naa Merley",-0.56061945826835
11785,"Lopang,T",-0.5606846400419
11786,"Meng,Wuyang",-0.561149275269476
11787,"Uyanga,Byambaa",-0.563701442131808
11788,"Onur,Cigdem",-0.56384081546305
11789,"Gavarrete,Nahun",-0.566169298174027
11790,"Loya Ibarra,Rigoberto",-0.573193919003752
11791,"Kurpiewski,S",-0.573278587051978
11792,"Madi,Aidana",-0.575922001405167
11793,"Thipsay,B",-0.57598264406539
11794,"Volovich,Andrew",-0.576121784614124
11795,"Tsapov,I",-0.577864927051341
11796,"Kastens,Uwe",-0.578666075748136
11797,"Dos Santos,Jose Genisson Camilo",-0.583014371505172
11798,"Conde Delgado,Valeria",-0.583341980627008
11799,"Ahlatli,Yusuf",-0.5833988707682
11800,"Sobek,J",-0.585829071963603
11801,"Buraczewski,R",-0.587427767607642
11802,"Van Baar,Esper",-0.58803250659571
11803,"Lloret Ramis,J",-0.589593430785684
11804,"Sternik,Piotr",-0.590438070444524
11805,"Eschenauer,Frank",-0.590647283629937
11806,"Danzer,G",-0.592024121998476
11807,"Li Xueyi",-0.594919629516286
11808,"Saharkar,Sharvari",-0.595325992966743
11809,"Mohammed,As",-0.595792435921525
11810,"Gudovijus,Kestutis",-0.597525278341528
11811,"Boramanikar,Tanisha S",-0.597599643763363
11812,"Cujba,A",-0.602018758769147
11813,"Bustelo,T",-0.603308199290394
11814,"Mangialardo,Tiago Carvalho",-0.604601691108718
11815,"Aung Thant Zin",-0.604921162922504
11816,"Levin,Kirill",-0.604971924829307
11817,"Jakovljevic,Dejan",-0.605205836060969
11818,"Antoniou,Christos",-0.606194204882592
11819,"Kikuchi Cadilhac,Mariana Sawae",-0.606476941948688
11820,"Ozsayin,Elif",-0.609021627121304
11821,"Morio,Estelle",-0.609631530598205
11822,"Asad Rahman",-0.61150115287503
11823,"Korcak,Martin",-0.613849165567798
11824,"Guimaraes,Felipe Pavanato",-0.616218091496075
11825,"Skiadopoulos,N",-0.618398607438691
11826,"Vaz,Vania Dora Madona",-0.6185620661778
11827,"Lazniewska,Zofia",-0.621619686650743
11828,"Mirza,Diana",-0.630958449051403
11829,"Chmielek,Kamelia",-0.631089712624908
11830,"Greiner,Andre",-0.631281605426463
11831,"Hladik,L",-0.632607177949575
11832,"Maksimovic,Masa",-0.63474222805075
11833,"Ravot,S",-0.63594718293227
11834,"Thake,Conrad",-0.637340681978414
11835,"Vazelakis,D",-0.637459826043566
11836,"Velayutham,Sivanandan",-0.638636993876099
11837,"Yurchenko,Daniil",-0.64025678612127
11838,"Fomevor,Cephas Clinton",-0.641601503408987
11839,"Dos Santos,Gabriel Conte",-0.644739168722186
11840,"Molinaroli,M",-0.650993638812644
11841,"Bongo Akanga Ndjila,Barthelemy",-0.653951033090553
11842,"Ding,Yiwen",-0.654084950365524
11843,"Pei,Dongfang",-0.655713410301611
11844,"Vedant Maheshwari",-0.656470047961023
11845,"Papacek,S",-0.658138362917046
11846,"Agarwal,Amaya",-0.659632246784313
11847,"Park,Sunwoo",-0.661230145825919
11848,"Parkhurst Casas,Andrea Ju",-0.661496497792726
11849,"Correa Jimenez,Liz Angelica",-0.661930652233649
11850,"Kharitonov,S",-0.662612603576246
11851,"Heimbaecher,P",-0.665661523606239
11852,"Niu,Shuo",-0.667264629893371
11853,"Matthew,Ian G",-0.668803237468651
11854,"Noll,S",-0.670865523292713
11855,"Gonzalez,Benjamin",-0.677590240024295
11856,"Frempong-Smart Daniel",-0.683280432571161
11857,"Santos,Isaq",-0.690868801112182
11858,"Naghiyeva,Khayala",-0.693980642733911
11859,"Winkels,M",-0.696809956461385
11860,"Miserendino,A",-0.699637553091991
11861,"Ongono,Victor",-0.701753879515856
11862,"Schubert,C",-0.701873289075702
11863,"Kabugu,Njagi",-0.702293662937614
11864,"Reinecke,Katharina",-0.70711811796622
11865,"Castillo Pena,Patricia Evarista",-0.712014822485782
11866,"Paxtor Chiguichon,Rodolfo Enrique",-0.715259316383514
11867,"Medero,Hildo Rodrigo",-0.718926630952888
11868,"Shirabe,Gustavo Tsuyoshi Hasegaw",-0.721567122035935
11869,"Noguera Delgado,Gael Eduardo",-0.730234309076342
11870,"Jai,Are",-0.734619689048487
11871,"Bastyr,P",-0.745127762527866
11872,"Wilke,Ronja",-0.750851895158382
11873,"Novikova,A",-0.760136851675588
11874,"Khandhadia,Nivaan Rathin",-0.76092226087024
11875,"Ho,In Hei Henry",-0.769194901955199
11876,"Murthy,P",-0.785511914040389
11877,"Lu,Xiahan (Luna)",-0.799499568691529
11878,"Shirabe,Felipe Toshiyuki Hasegaw",-0.801243481373095
11879,"Diaz Cesar,Wilsaida Pieranlly",-0.802385681279141
11880,"Baladjaev,G",-0.821126396585483
11881,"Ding,Yihua",-0.840896122747086
11882,"Moe,Anton Helsted",-0.87551267410285
11883,"Bucci,Andrea",-0.887787263444073
11884,"Koldunov,Elena",-0.895696825468272
11885,"Velea,Stephanie",-0.908750389904779
11886,"Pica,Eleni",-0.973350829013676
